product_id,product_sugar_content,product_type,store_id,store_size,store_location_city_type,store_type,product_weight,product_allocated_area,product_mrp,store_establishment_year,product_store_sales_total
FD6114,Low Sugar,Frozen Foods,OUT004,Medium,Tier 2,Supermarket Type2,12.66,0.027,117.08,2009.0,2842.4
FD5075,Regular,Canned,OUT001,High,Tier 2,Supermarket Type1,14.28,0.031,162.08,1987.0,4130.16
FD8233,Low Sugar,Baking Goods,OUT001,High,Tier 2,Supermarket Type1,12.1,0.112,186.31,1987.0,4132.18
NC1180,No Sugar,Health and Hygiene,OUT002,Small,Tier 3,Food Mart,9.57,0.01,123.67,1998.0,2279.36
FD5680,Low Sugar,Snack Foods,OUT004,Medium,Tier 2,Supermarket Type2,12.03,0.053,113.64,2009.0,2629.15
FD1961,Low Sugar,Snack Foods,OUT002,Small,Tier 3,Food Mart,9.45,0.047,95.95,1998.0,1684.82
NC6657,No Sugar,Health and Hygiene,OUT004,Medium,Tier 2,Supermarket Type2,8.94,0.045,143.01,2009.0,2531.3
DR2699,Low Sugar,Hard Drinks,OUT004,Medium,Tier 2,Supermarket Type2,10.64,0.02,165.99,2009.0,3385.46
FD6027,Low Sugar,Fruits and Vegetables,OUT004,Medium,Tier 2,Supermarket Type2,13.92,0.099,116.89,2009.0,3123.19
FD8553,Low Sugar,Fruits and Vegetables,OUT004,Medium,Tier 2,Supermarket Type2,10.97,0.156,175.71,2009.0,3660.82
FD5276,Low Sugar,Canned,OUT004,Medium,Tier 2,Supermarket Type2,12.25,0.04,160.42,2009.0,3635.5
FD1231,Regular,Baking Goods,OUT004,Medium,Tier 2,Supermarket Type2,11.31,0.049,168.4,2009.0,3587.27
FD1387,Low Sugar,Breads,OUT004,Medium,Tier 2,Supermarket Type2,13.26,0.024,156.17,2009.0,3776.76
NC1071,No Sugar,Household,OUT004,Medium,Tier 2,Supermarket Type2,10.74,0.173,138.19,2009.0,2839.53
FD2625,Low Sugar,Frozen Foods,OUT004,Medium,Tier 2,Supermarket Type2,12.45,0.045,143.25,2009.0,3328.99
NC7289,No Sugar,Health and Hygiene,OUT004,Medium,Tier 2,Supermarket Type2,12.67,0.038,150.51,2009.0,3529.29
FD6431,Regular,Fruits and Vegetables,OUT004,Medium,Tier 2,Supermarket Type2,10.57,0.11,143.36,2009.0,2907.64
FD1067,Regular,Fruits and Vegetables,OUT004,Medium,Tier 2,Supermarket Type2,14.47,0.01,145.65,2009.0,3835.95
FD4186,Low Sugar,Canned,OUT004,Medium,Tier 2,Supermarket Type2,11.67,0.118,179.54,2009.0,3895.8
FD2557,Regular,Snack Foods,OUT001,High,Tier 2,Supermarket Type1,13.32,0.007,204.53,1987.0,4780.97
FD3537,Low Sugar,Fruits and Vegetables,OUT004,Medium,Tier 2,Supermarket Type2,11.09,0.021,120.78,2009.0,2562.86
FD6680,Low Sugar,Dairy,OUT004,Medium,Tier 2,Supermarket Type2,10.94,0.138,121.01,2009.0,2532.68
FD4925,Low Sugar,Frozen Foods,OUT004,Medium,Tier 2,Supermarket Type2,10.55,0.15,132.82,2009.0,2688.24
FD636,Regular,Baking Goods,OUT004,Medium,Tier 2,Supermarket Type2,11.44,0.027,144.18,2009.0,3120.85
FD6554,Regular,Dairy,OUT004,Medium,Tier 2,Supermarket Type2,13.17,0.047,119.32,2009.0,3004.24
FD4235,Regular,Canned,OUT004,Medium,Tier 2,Supermarket Type2,14.88,0.099,146.81,2009.0,3951.97
FD5621,Low Sugar,Snack Foods,OUT001,High,Tier 2,Supermarket Type1,15.14,0.052,148.06,1987.0,4037.27
NC6961,No Sugar,Household,OUT002,Small,Tier 3,Food Mart,13.99,0.076,71.99,1998.0,2220.7
FD3834,Low Sugar,Meat,OUT002,Small,Tier 3,Food Mart,8.57,0.112,111.78,1998.0,1808.35
FD3342,Regular,Baking Goods,OUT004,Medium,Tier 2,Supermarket Type2,13.29,0.126,109.69,2009.0,2832.54
FD5895,Low Sugar,Fruits and Vegetables,OUT004,Medium,Tier 2,Supermarket Type2,13.49,0.049,152.38,2009.0,3751.07
FD3673,Low Sugar,Fruits and Vegetables,OUT004,Medium,Tier 2,Supermarket Type2,12.16,0.022,171.91,2009.0,3849.96
DR1777,Low Sugar,Soft Drinks,OUT001,High,Tier 2,Supermarket Type1,14.52,0.054,184.39,1987.0,4638.79
FD5910,Regular,Breakfast,OUT004,Medium,Tier 2,Supermarket Type2,12.39,0.14,137.74,2009.0,3204.52
FD5844,Low Sugar,Dairy,OUT004,Medium,Tier 2,Supermarket Type2,14.61,0.016,141.97,2009.0,3792.19
DR2126,reg,Hard Drinks,OUT002,Small,Tier 3,Food Mart,7.82,0.036,102.18,1998.0,1443.06
FD5045,Low Sugar,Snack Foods,OUT004,Medium,Tier 2,Supermarket Type2,12.28,0.011,127.58,2009.0,2971.03
FD6350,Low Sugar,Snack Foods,OUT004,Medium,Tier 2,Supermarket Type2,12.0,0.097,157.77,2009.0,3524.53
FD5701,Regular,Canned,OUT002,Small,Tier 3,Food Mart,7.03,0.088,129.3,1998.0,1820.35
FD478,Low Sugar,Dairy,OUT004,Medium,Tier 2,Supermarket Type2,13.39,0.117,151.09,2009.0,2135.61
FD4414,Low Sugar,Meat,OUT001,High,Tier 2,Supermarket Type1,12.45,0.123,181.21,1987.0,4105.78
FD5724,Low Sugar,Canned,OUT004,Medium,Tier 2,Supermarket Type2,15.03,0.067,115.38,2009.0,3344.04
FD8319,Low Sugar,Fruits and Vegetables,OUT004,Medium,Tier 2,Supermarket Type2,14.2,0.033,135.22,2009.0,3561.93
DR1690,Low Sugar,Soft Drinks,OUT004,Medium,Tier 2,Supermarket Type2,11.81,0.1,180.62,2009.0,3950.16
FD7210,Low Sugar,Baking Goods,OUT004,Medium,Tier 2,Supermarket Type2,11.18,0.036,124.9,2009.0,2668.03
FD3784,Low Sugar,Snack Foods,OUT002,Small,Tier 3,Food Mart,7.03,0.172,99.01,1998.0,1200.1
FD8692,Low Sugar,Snack Foods,OUT004,Medium,Tier 2,Supermarket Type2,12.81,0.025,143.16,2009.0,3410.04
FD6194,Low Sugar,Frozen Foods,OUT004,Medium,Tier 2,Supermarket Type2,10.94,0.051,133.62,2009.0,2792.7
FD7301,Low Sugar,Snack Foods,OUT004,Medium,Tier 2,Supermarket Type2,13.87,0.099,116.18,2009.0,3097.16
NC7084,No Sugar,Others,OUT004,Medium,Tier 2,Supermarket Type2,12.46,0.053,155.15,2009.0,3575.15
NC2661,No Sugar,Health and Hygiene,OUT004,Medium,Tier 2,Supermarket Type2,12.11,0.079,132.74,2009.0,3037.57
FD8358,Regular,Baking Goods,OUT001,High,Tier 2,Supermarket Type1,14.83,0.148,181.27,1987.0,4645.4
FD6813,Regular,Snack Foods,OUT001,High,Tier 2,Supermarket Type1,12.03,0.129,100.64,1987.0,2362.36
FD7428,Regular,Meat,OUT004,Medium,Tier 2,Supermarket Type2,12.95,0.023,138.22,2009.0,3339.26
FD3324,Low Sugar,Snack Foods,OUT004,Medium,Tier 2,Supermarket Type2,14.57,0.054,143.73,2009.0,3818.92
FD576,Low Sugar,Meat,OUT004,Medium,Tier 2,Supermarket Type2,11.17,0.016,137.87,2009.0,4447.91
FD5131,Regular,Meat,OUT004,Medium,Tier 2,Supermarket Type2,12.95,0.076,155.55,2009.0,3695.51
FD4739,Regular,Meat,OUT001,High,Tier 2,Supermarket Type1,14.44,0.027,184.72,1987.0,4629.45
FD3384,Low Sugar,Fruits and Vegetables,OUT004,Medium,Tier 2,Supermarket Type2,12.76,0.03,146.66,2009.0,3470.1
DR7064,Regular,Soft Drinks,OUT004,Medium,Tier 2,Supermarket Type2,11.73,0.048,122.21,2009.0,2737.89
FD7133,Regular,Breakfast,OUT001,High,Tier 2,Supermarket Type1,14.0,0.042,165.12,1987.0,4128.66
NC4781,No Sugar,Household,OUT004,Medium,Tier 2,Supermarket Type2,11.73,0.066,137.3,2009.0,3044.77
DR4728,Low Sugar,Hard Drinks,OUT002,Small,Tier 3,Food Mart,7.66,0.068,74.61,1998.0,842.74
FD4162,Regular,Canned,OUT002,Small,Tier 3,Food Mart,9.68,0.013,71.53,1998.0,1236.54
FD4166,Regular,Canned,OUT001,High,Tier 2,Supermarket Type1,16.72,0.128,160.17,1987.0,4642.35
FD2382,Low Sugar,Snack Foods,OUT004,Medium,Tier 2,Supermarket Type2,14.8,0.055,130.36,2009.0,3597.04
FD250,Low Sugar,Frozen Foods,OUT001,High,Tier 2,Supermarket Type1,13.4,0.047,178.15,1987.0,3020.84
FD7449,Low Sugar,Fruits and Vegetables,OUT004,Medium,Tier 2,Supermarket Type2,10.29,0.121,152.06,2009.0,3023.14
DR8079,Low Sugar,Hard Drinks,OUT004,Medium,Tier 2,Supermarket Type2,11.29,0.021,155.86,2009.0,3325.42
FD7272,Regular,Fruits and Vegetables,OUT001,High,Tier 2,Supermarket Type1,15.59,0.05,180.74,1987.0,4806.88
FD3469,Regular,Starchy Foods,OUT002,Small,Tier 3,Food Mart,11.18,0.046,102.45,1998.0,2207.51
FD5746,reg,Dairy,OUT004,Medium,Tier 2,Supermarket Type2,11.59,0.091,145.79,2009.0,3188.61
FD8260,Low Sugar,Snack Foods,OUT002,Small,Tier 3,Food Mart,11.48,0.07,90.06,1998.0,2022.24
FD5863,Regular,Fruits and Vegetables,OUT004,Medium,Tier 2,Supermarket Type2,12.49,0.077,138.54,2009.0,3243.32
FD6792,Regular,Dairy,OUT004,Medium,Tier 2,Supermarket Type2,10.57,0.121,134.5,2009.0,2726.88
NC1944,No Sugar,Health and Hygiene,OUT002,Small,Tier 3,Food Mart,7.14,0.034,82.6,1998.0,889.12
FD31,Low Sugar,Meat,OUT004,Medium,Tier 2,Supermarket Type2,11.38,0.073,158.73,2009.0,2274.43
FD4457,Low Sugar,Meat,OUT004,Medium,Tier 2,Supermarket Type2,9.62,0.103,134.38,2009.0,2508.69
FD8321,Low Sugar,Canned,OUT004,Medium,Tier 2,Supermarket Type2,11.69,0.011,135.43,2009.0,2998.93
FD1040,Low Sugar,Baking Goods,OUT004,Medium,Tier 2,Supermarket Type2,15.24,0.059,141.0,2009.0,3913.45
FD3355,Regular,Dairy,OUT002,Small,Tier 3,Food Mart,9.63,0.162,108.43,1998.0,1980.59
FD3181,Low Sugar,Snack Foods,OUT004,Medium,Tier 2,Supermarket Type2,12.26,0.14,138.27,2009.0,3185.13
DR3716,Low Sugar,Soft Drinks,OUT004,Medium,Tier 2,Supermarket Type2,11.3,0.033,163.81,2009.0,3491.22
NC6251,No Sugar,Others,OUT004,Medium,Tier 2,Supermarket Type2,11.69,0.035,183.71,2009.0,3985.57
FD4554,Regular,Baking Goods,OUT004,Medium,Tier 2,Supermarket Type2,13.23,0.057,124.67,2009.0,3126.74
FD2262,Low Sugar,Meat,OUT004,Medium,Tier 2,Supermarket Type2,12.98,0.021,124.86,2009.0,3073.1
FD669,Low Sugar,Canned,OUT004,Medium,Tier 2,Supermarket Type2,12.71,0.029,145.61,2009.0,3438.07
FD3532,Regular,Canned,OUT004,Medium,Tier 2,Supermarket Type2,9.73,0.031,175.81,2009.0,3381.51
FD2888,Regular,Snack Foods,OUT004,Medium,Tier 2,Supermarket Type2,13.06,0.191,151.96,2009.0,3646.25
FD2216,Regular,Fruits and Vegetables,OUT002,Small,Tier 3,Food Mart,6.99,0.023,90.88,1998.0,1025.01
FD1404,Regular,Snack Foods,OUT001,High,Tier 2,Supermarket Type1,15.14,0.088,182.81,1987.0,4747.34
FD5333,Low Sugar,Meat,OUT002,Small,Tier 3,Food Mart,10.48,0.073,92.63,1998.0,1849.5
FD7573,Low Sugar,Canned,OUT004,Medium,Tier 2,Supermarket Type2,9.77,0.035,154.41,2009.0,2952.72
FD7436,Low Sugar,Fruits and Vegetables,OUT004,Medium,Tier 2,Supermarket Type2,11.44,0.038,174.75,2009.0,3745.45
NC2187,No Sugar,Health and Hygiene,OUT002,Small,Tier 3,Food Mart,11.61,0.035,96.42,1998.0,2181.04
FD432,Low Sugar,Frozen Foods,OUT001,High,Tier 2,Supermarket Type1,9.16,0.142,117.08,1987.0,4364.15
DR260,Regular,Hard Drinks,OUT004,Medium,Tier 2,Supermarket Type2,14.3,0.085,120.73,2009.0,2126.69
FD2317,Low Sugar,Fruits and Vegetables,OUT004,Medium,Tier 2,Supermarket Type2,12.85,0.022,158.13,2009.0,3724.09
FD3884,reg,Baking Goods,OUT004,Medium,Tier 2,Supermarket Type2,11.72,0.102,143.79,2009.0,3175.51
FD2428,Regular,Baking Goods,OUT004,Medium,Tier 2,Supermarket Type2,9.14,0.036,159.23,2009.0,2907.97
FD7176,Low Sugar,Canned,OUT004,Medium,Tier 2,Supermarket Type2,11.39,0.026,118.84,2009.0,2591.42
FD4060,Low Sugar,Meat,OUT004,Medium,Tier 2,Supermarket Type2,12.17,0.059,177.83,2009.0,3973.77
FD3916,Low Sugar,Snack Foods,OUT002,Small,Tier 3,Food Mart,10.04,0.168,111.63,1998.0,2139.18
FD3509,Low Sugar,Frozen Foods,OUT004,Medium,Tier 2,Supermarket Type2,13.68,0.042,129.32,2009.0,3322.1
FD2142,Regular,Snack Foods,OUT001,High,Tier 2,Supermarket Type1,11.96,0.21,189.37,1987.0,4163.44
FD2452,Low Sugar,Dairy,OUT002,Small,Tier 3,Food Mart,12.34,0.016,75.29,1998.0,1913.64
FD4412,Low Sugar,Baking Goods,OUT004,Medium,Tier 2,Supermarket Type2,13.35,0.034,138.98,2009.0,3445.02
FD4499,Low Sugar,Baking Goods,OUT004,Medium,Tier 2,Supermarket Type2,15.29,0.143,143.19,2009.0,3971.12
FD197,Low Sugar,Snack Foods,OUT004,Medium,Tier 2,Supermarket Type2,12.6,0.025,157.47,2009.0,3288.06
FD451,Regular,Dairy,OUT002,Small,Tier 3,Food Mart,14.42,0.036,162.86,1998.0,913.54
FD2259,Low Sugar,Fruits and Vegetables,OUT004,Medium,Tier 2,Supermarket Type2,11.76,0.053,136.29,2009.0,3032.46
FD2831,Low Sugar,Canned,OUT004,Medium,Tier 2,Supermarket Type2,12.83,0.095,159.77,2009.0,3753.24
FD784,Low Sugar,Fruits and Vegetables,OUT004,Medium,Tier 2,Supermarket Type2,14.52,0.061,130.67,2009.0,3541.1
FD3983,Low Sugar,Fruits and Vegetables,OUT004,Medium,Tier 2,Supermarket Type2,11.97,0.022,111.78,2009.0,2578.16
FD2780,Low Sugar,Frozen Foods,OUT002,Small,Tier 3,Food Mart,7.53,0.188,77.56,1998.0,874.72
FD6095,Regular,Snack Foods,OUT004,Medium,Tier 2,Supermarket Type2,9.61,0.118,154.62,2009.0,2921.65
DR848,Low Sugar,Soft Drinks,OUT004,Medium,Tier 2,Supermarket Type2,12.0,0.058,110.21,2009.0,2551.99
FD3131,Regular,Fruits and Vegetables,OUT004,Medium,Tier 2,Supermarket Type2,11.98,0.027,156.32,2009.0,3490.6
DR4603,Low Sugar,Soft Drinks,OUT004,Medium,Tier 2,Supermarket Type2,11.94,0.067,175.92,2009.0,3883.52
FD8450,reg,Breads,OUT004,Medium,Tier 2,Supermarket Type2,14.08,0.074,127.51,2009.0,3375.71
FD5334,Low Sugar,Fruits and Vegetables,OUT002,Small,Tier 3,Food Mart,8.56,0.035,76.33,1998.0,1082.17
NC6437,No Sugar,Household,OUT004,Medium,Tier 2,Supermarket Type2,13.01,0.054,144.54,2009.0,3482.54
NC6701,No Sugar,Household,OUT004,Medium,Tier 2,Supermarket Type2,12.39,0.021,118.51,2009.0,2810.58
NC5677,No Sugar,Health and Hygiene,OUT004,Medium,Tier 2,Supermarket Type2,10.78,0.018,138.62,2009.0,2857.3
DR139,Regular,Hard Drinks,OUT004,Medium,Tier 2,Supermarket Type2,9.5,0.035,181.02,2009.0,3604.83
FD3478,Low Sugar,Fruits and Vegetables,OUT001,High,Tier 2,Supermarket Type1,12.98,0.142,178.51,1987.0,4172.0
FD5710,Low Sugar,Breads,OUT004,Medium,Tier 2,Supermarket Type2,11.99,0.049,121.01,2009.0,2770.65
FD6624,Low Sugar,Dairy,OUT001,High,Tier 2,Supermarket Type1,9.37,0.111,135.92,1987.0,2484.71
FD5615,Low Sugar,Fruits and Vegetables,OUT004,Medium,Tier 2,Supermarket Type2,13.46,0.065,162.02,2009.0,3942.04
FD8494,Low Sugar,Snack Foods,OUT004,Medium,Tier 2,Supermarket Type2,9.96,0.029,147.98,2009.0,2864.34
FD8551,Low Sugar,Snack Foods,OUT004,Medium,Tier 2,Supermarket Type2,10.62,0.036,195.34,2009.0,3982.0
FD2781,Low Sugar,Snack Foods,OUT002,Small,Tier 3,Food Mart,7.27,0.011,104.5,1998.0,1366.11
FD5463,Low Sugar,Snack Foods,OUT004,Medium,Tier 2,Supermarket Type2,12.51,0.049,158.38,2009.0,3654.12
FD241,Low Sugar,Baking Goods,OUT004,Medium,Tier 2,Supermarket Type2,13.23,0.072,131.62,2009.0,2986.38
FD6117,Low Sugar,Baking Goods,OUT001,High,Tier 2,Supermarket Type1,14.56,0.039,156.96,1987.0,4087.94
FD1794,Low Sugar,Canned,OUT002,Small,Tier 3,Food Mart,8.98,0.038,101.43,1998.0,1690.64
DR6476,Low Sugar,Hard Drinks,OUT001,High,Tier 2,Supermarket Type1,16.06,0.106,169.48,1987.0,4682.36
FD1284,Low Sugar,Starchy Foods,OUT001,High,Tier 2,Supermarket Type1,14.1,0.056,161.7,1987.0,4080.52
NC1897,No Sugar,Health and Hygiene,OUT002,Small,Tier 3,Food Mart,9.67,0.113,95.77,1998.0,1729.42
FD2371,Low Sugar,Fruits and Vegetables,OUT002,Small,Tier 3,Food Mart,7.72,0.07,123.45,1998.0,1856.55
FD2889,Low Sugar,Fruits and Vegetables,OUT004,Medium,Tier 2,Supermarket Type2,12.73,0.042,143.71,2009.0,3402.45
FD7218,Low Sugar,Seafood,OUT002,Small,Tier 3,Food Mart,10.7,0.041,86.35,1998.0,1769.62
FD3750,Low Sugar,Fruits and Vegetables,OUT001,High,Tier 2,Supermarket Type1,9.37,0.027,133.89,1987.0,2441.86
DR2923,Low Sugar,Soft Drinks,OUT004,Medium,Tier 2,Supermarket Type2,12.97,0.147,133.97,2009.0,3257.26
FD682,Regular,Fruits and Vegetables,OUT004,Medium,Tier 2,Supermarket Type2,11.09,0.067,129.2,2009.0,2734.63
FD5973,Low Sugar,Dairy,OUT004,Medium,Tier 2,Supermarket Type2,11.31,0.037,159.43,2009.0,3404.02
FD3896,Low Sugar,Frozen Foods,OUT004,Medium,Tier 2,Supermarket Type2,9.96,0.047,136.53,2009.0,2630.07
FD3058,Low Sugar,Starchy Foods,OUT002,Small,Tier 3,Food Mart,12.15,0.081,78.82,1998.0,1943.02
FD8707,Low Sugar,Canned,OUT004,Medium,Tier 2,Supermarket Type2,11.0,0.173,126.72,2009.0,2664.63
FD8012,Regular,Fruits and Vegetables,OUT004,Medium,Tier 2,Supermarket Type2,11.04,0.024,134.17,2009.0,2826.38
FD894,Low Sugar,Dairy,OUT001,High,Tier 2,Supermarket Type1,14.86,0.009,175.22,1987.0,4529.36
FD6461,Low Sugar,Snack Foods,OUT004,Medium,Tier 2,Supermarket Type2,11.61,0.127,113.3,2009.0,2527.98
FD7090,Low Sugar,Starchy Foods,OUT001,High,Tier 2,Supermarket Type1,10.6,0.12,120.41,1987.0,2445.43
FD1031,Regular,Baking Goods,OUT004,Medium,Tier 2,Supermarket Type2,12.13,0.039,107.33,2009.0,2521.74
FD4909,Regular,Baking Goods,OUT004,Medium,Tier 2,Supermarket Type2,14.58,0.011,144.79,2009.0,3843.45
FD2146,Low Sugar,Baking Goods,OUT004,Medium,Tier 2,Supermarket Type2,13.19,0.042,130.79,2009.0,3242.51
FD1735,Low Sugar,Dairy,OUT004,Medium,Tier 2,Supermarket Type2,13.11,0.035,152.92,2009.0,3676.04
FD3649,Low Sugar,Dairy,OUT004,Medium,Tier 2,Supermarket Type2,13.26,0.037,147.89,2009.0,3607.36
FD6692,Regular,Breads,OUT004,Medium,Tier 2,Supermarket Type2,11.43,0.053,161.36,2009.0,3471.26
FD1513,Low Sugar,Snack Foods,OUT004,Medium,Tier 2,Supermarket Type2,13.98,0.067,138.18,2009.0,3572.68
NC4183,No Sugar,Health and Hygiene,OUT004,Medium,Tier 2,Supermarket Type2,14.31,0.033,151.97,2009.0,3928.7
NC2851,No Sugar,Household,OUT004,Medium,Tier 2,Supermarket Type2,11.14,0.099,147.29,2009.0,3117.58
NC7303,No Sugar,Health and Hygiene,OUT001,High,Tier 2,Supermarket Type1,12.7,0.007,180.41,1987.0,4147.38
NC6619,No Sugar,Household,OUT001,High,Tier 2,Supermarket Type1,14.34,0.047,199.55,1987.0,4909.67
FD5528,Low Sugar,Snack Foods,OUT004,Medium,Tier 2,Supermarket Type2,12.62,0.073,136.18,2009.0,3223.03
FD7378,Regular,Dairy,OUT001,High,Tier 2,Supermarket Type1,15.78,0.12,143.1,1987.0,4080.75
FD3560,Low Sugar,Fruits and Vegetables,OUT004,Medium,Tier 2,Supermarket Type2,11.15,0.116,140.71,2009.0,2985.32
NC2141,No Sugar,Household,OUT004,Medium,Tier 2,Supermarket Type2,15.95,0.139,135.72,2009.0,3967.29
FD1212,Low Sugar,Meat,OUT004,Medium,Tier 2,Supermarket Type2,12.04,0.026,137.59,2009.0,3121.33
FD5743,Regular,Frozen Foods,OUT004,Medium,Tier 2,Supermarket Type2,11.27,0.061,124.65,2009.0,2682.62
FD7738,Low Sugar,Frozen Foods,OUT001,High,Tier 2,Supermarket Type1,14.24,0.021,184.56,1987.0,4580.86
FD6508,Low Sugar,Fruits and Vegetables,OUT004,Medium,Tier 2,Supermarket Type2,12.49,0.061,119.85,2009.0,2860.57
FD5415,Low Sugar,Snack Foods,OUT001,High,Tier 2,Supermarket Type1,13.36,0.026,173.03,1987.0,4144.15
FD7534,Low Sugar,Frozen Foods,OUT004,Medium,Tier 2,Supermarket Type2,13.17,0.076,151.4,2009.0,3659.4
FD8341,Regular,Snack Foods,OUT004,Medium,Tier 2,Supermarket Type2,10.74,0.022,135.31,2009.0,2780.41
FD6023,Low Sugar,Dairy,OUT002,Small,Tier 3,Food Mart,9.65,0.06,109.18,1998.0,2001.26
FD2443,Low Sugar,Snack Foods,OUT004,Medium,Tier 2,Supermarket Type2,13.71,0.026,119.95,2009.0,3137.79
FD179,Low Sugar,Canned,OUT004,Medium,Tier 2,Supermarket Type2,12.32,0.024,128.51,2009.0,4492.96
FD193,Low Sugar,Snack Foods,OUT001,High,Tier 2,Supermarket Type1,10.68,0.033,72.37,1987.0,4790.98
DR4890,reg,Soft Drinks,OUT004,Medium,Tier 2,Supermarket Type2,13.64,0.04,158.51,2009.0,3911.69
FD2647,Low Sugar,Snack Foods,OUT004,Medium,Tier 2,Supermarket Type2,11.52,0.046,145.66,2009.0,3170.06
NC5342,No Sugar,Household,OUT004,Medium,Tier 2,Supermarket Type2,12.06,0.043,123.58,2009.0,2840.17
DR1382,Low Sugar,Soft Drinks,OUT004,Medium,Tier 2,Supermarket Type2,14.02,0.09,118.48,2009.0,3177.22
FD4479,Regular,Breakfast,OUT004,Medium,Tier 2,Supermarket Type2,9.59,0.028,180.74,2009.0,3449.91
FD1657,Low Sugar,Baking Goods,OUT004,Medium,Tier 2,Supermarket Type2,14.74,0.098,131.15,2009.0,3599.97
FD2997,Low Sugar,Baking Goods,OUT004,Medium,Tier 2,Supermarket Type2,9.08,0.085,150.86,2009.0,2723.52
NC774,No Sugar,Health and Hygiene,OUT004,Medium,Tier 2,Supermarket Type2,11.05,0.128,120.71,2009.0,2553.48
FD292,Regular,Canned,OUT002,Small,Tier 3,Food Mart,11.76,0.093,169.01,1998.0,536.2
NC7999,No Sugar,Health and Hygiene,OUT004,Medium,Tier 2,Supermarket Type2,11.0,0.041,124.52,2009.0,2618.11
NC6241,No Sugar,Health and Hygiene,OUT004,Medium,Tier 2,Supermarket Type2,12.67,0.042,162.7,2009.0,3777.08
FD5478,Low Sugar,Baking Goods,OUT004,Medium,Tier 2,Supermarket Type2,12.21,0.034,133.22,2009.0,3070.12
FD7760,Low Sugar,Snack Foods,OUT004,Medium,Tier 2,Supermarket Type2,14.3,0.028,122.07,2009.0,3314.37
FD6299,Low Sugar,Fruits and Vegetables,OUT004,Medium,Tier 2,Supermarket Type2,13.71,0.021,137.33,2009.0,3493.51
NC2508,No Sugar,Household,OUT004,Medium,Tier 2,Supermarket Type2,15.68,0.032,137.97,2009.0,3951.56
FD4899,Regular,Frozen Foods,OUT004,Medium,Tier 2,Supermarket Type2,10.63,0.152,146.72,2009.0,2990.81
FD7662,Low Sugar,Canned,OUT002,Small,Tier 3,Food Mart,7.33,0.183,107.44,1998.0,1440.64
FD4798,Low Sugar,Snack Foods,OUT004,Medium,Tier 2,Supermarket Type2,14.66,0.093,122.03,2009.0,3395.33
FD3613,Low Sugar,Meat,OUT002,Small,Tier 3,Food Mart,9.37,0.019,108.18,1998.0,1917.0
FD8610,Regular,Dairy,OUT004,Medium,Tier 2,Supermarket Type2,11.12,0.061,141.28,2009.0,2989.82
FD8108,Low Sugar,Canned,OUT004,Medium,Tier 2,Supermarket Type2,12.19,0.032,155.23,2009.0,3517.0
FD3417,Low Sugar,Snack Foods,OUT002,Small,Tier 3,Food Mart,9.87,0.03,89.57,1998.0,1648.78
FD2652,Regular,Snack Foods,OUT002,Small,Tier 3,Food Mart,8.8,0.024,127.36,1998.0,2180.48
FD4155,Low Sugar,Baking Goods,OUT004,Medium,Tier 2,Supermarket Type2,13.18,0.119,145.25,2009.0,3535.35
FD4469,Low Sugar,Fruits and Vegetables,OUT004,Medium,Tier 2,Supermarket Type2,10.37,0.024,126.19,2009.0,2511.3
NC2681,No Sugar,Health and Hygiene,OUT002,Small,Tier 3,Food Mart,9.21,0.147,111.69,1998.0,1951.42
NC8533,No Sugar,Health and Hygiene,OUT004,Medium,Tier 2,Supermarket Type2,11.41,0.072,134.6,2009.0,2918.02
FD3135,Regular,Snack Foods,OUT001,High,Tier 2,Supermarket Type1,14.33,0.017,160.39,1987.0,4105.63
FD1468,Regular,Meat,OUT004,Medium,Tier 2,Supermarket Type2,15.96,0.016,136.4,2009.0,3984.02
FD6880,Regular,Meat,OUT004,Medium,Tier 2,Supermarket Type2,14.25,0.012,152.66,2009.0,3929.03
FD2423,Low Sugar,Dairy,OUT004,Medium,Tier 2,Supermarket Type2,14.14,0.061,133.45,2009.0,3511.93
FD2387,Regular,Snack Foods,OUT001,High,Tier 2,Supermarket Type1,10.32,0.025,122.2,1987.0,2417.92
DR7299,Low Sugar,Soft Drinks,OUT002,Small,Tier 3,Food Mart,8.25,0.108,113.37,1998.0,1768.94
FD5196,Regular,Snack Foods,OUT004,Medium,Tier 2,Supermarket Type2,11.89,0.022,156.09,2009.0,3467.25
DR3070,Regular,Soft Drinks,OUT004,Medium,Tier 2,Supermarket Type2,13.66,0.035,122.04,2009.0,3168.81
FD4880,Low Sugar,Snack Foods,OUT004,Medium,Tier 2,Supermarket Type2,11.55,0.07,137.99,2009.0,3019.18
FD5627,Regular,Fruits and Vegetables,OUT002,Small,Tier 3,Food Mart,10.27,0.126,68.56,1998.0,1309.28
FD5107,Low Sugar,Baking Goods,OUT001,High,Tier 2,Supermarket Type1,14.84,0.015,156.86,1987.0,4148.84
FD5978,Low Sugar,Dairy,OUT001,High,Tier 2,Supermarket Type1,15.71,0.063,148.95,1987.0,4184.52
FD2449,Low Sugar,Frozen Foods,OUT002,Small,Tier 3,Food Mart,9.47,0.149,100.97,1998.0,1791.34
FD7950,Low Sugar,Snack Foods,OUT004,Medium,Tier 2,Supermarket Type2,14.17,0.038,125.58,2009.0,3357.59
FD318,Low Sugar,Fruits and Vegetables,OUT002,Small,Tier 3,Food Mart,12.96,0.034,179.75,1998.0,1892.93
FD7602,Low Sugar,Starchy Foods,OUT004,Medium,Tier 2,Supermarket Type2,13.23,0.123,109.06,2009.0,2806.14
FD2807,Regular,Fruits and Vegetables,OUT002,Small,Tier 3,Food Mart,7.83,0.097,125.42,1998.0,1922.06
NC3691,No Sugar,Others,OUT001,High,Tier 2,Supermarket Type1,14.87,0.017,157.82,1987.0,4174.81
DR1177,Low Sugar,Soft Drinks,OUT004,Medium,Tier 2,Supermarket Type2,15.05,0.076,128.5,2009.0,3616.34
NC3717,No Sugar,Household,OUT001,High,Tier 2,Supermarket Type1,14.59,0.062,155.01,1987.0,4053.52
DR792,Regular,Soft Drinks,OUT004,Medium,Tier 2,Supermarket Type2,13.38,0.108,97.95,2009.0,2613.4
FD3658,Low Sugar,Snack Foods,OUT004,Medium,Tier 2,Supermarket Type2,12.07,0.015,145.3,2009.0,3286.36
FD5061,Low Sugar,Meat,OUT001,High,Tier 2,Supermarket Type1,15.0,0.063,180.59,1987.0,4670.68
FD2427,Regular,Fruits and Vegetables,OUT002,Small,Tier 3,Food Mart,10.66,0.026,112.37,1998.0,2293.74
FD6333,Low Sugar,Baking Goods,OUT001,High,Tier 2,Supermarket Type1,10.49,0.125,118.86,1987.0,2387.07
DR3877,Low Sugar,Hard Drinks,OUT004,Medium,Tier 2,Supermarket Type2,11.27,0.123,116.22,2009.0,2509.49
FD2108,reg,Fruits and Vegetables,OUT004,Medium,Tier 2,Supermarket Type2,12.85,0.13,132.12,2009.0,3191.96
FD4540,Low Sugar,Meat,OUT002,Small,Tier 3,Food Mart,11.16,0.129,97.84,1998.0,2110.05
DR1599,Regular,Hard Drinks,OUT004,Medium,Tier 2,Supermarket Type2,11.78,0.022,117.13,2009.0,2644.54
DR7120,Low Sugar,Hard Drinks,OUT004,Medium,Tier 2,Supermarket Type2,11.74,0.176,137.3,2009.0,3048.91
NC4141,No Sugar,Household,OUT002,Small,Tier 3,Food Mart,10.91,0.037,104.28,1998.0,2184.3
NC6064,No Sugar,Health and Hygiene,OUT004,Medium,Tier 2,Supermarket Type2,8.27,0.075,156.11,2009.0,2649.21
FD449,Regular,Fruits and Vegetables,OUT001,High,Tier 2,Supermarket Type1,14.38,0.055,185.57,1987.0,4908.7
FD1901,Low Sugar,Snack Foods,OUT004,Medium,Tier 2,Supermarket Type2,11.39,0.064,124.5,2009.0,2707.77
FD3670,Low Sugar,Snack Foods,OUT004,Medium,Tier 2,Supermarket Type2,12.14,0.04,108.23,2009.0,2543.54
FD5356,Low Sugar,Snack Foods,OUT004,Medium,Tier 2,Supermarket Type2,10.17,0.005,149.66,2009.0,2947.09
FD4960,Regular,Fruits and Vegetables,OUT004,Medium,Tier 2,Supermarket Type2,11.49,0.05,143.55,2009.0,3120.01
NC1358,No Sugar,Household,OUT002,Small,Tier 3,Food Mart,10.55,0.179,96.39,1998.0,1941.0
FD1744,Low Sugar,Dairy,OUT004,Medium,Tier 2,Supermarket Type2,11.9,0.024,152.37,2009.0,3393.08
FD8418,Regular,Meat,OUT004,Medium,Tier 2,Supermarket Type2,12.98,0.055,167.99,2009.0,3955.81
FD5447,Low Sugar,Canned,OUT004,Medium,Tier 2,Supermarket Type2,14.88,0.038,96.49,2009.0,2922.28
FD5412,Regular,Meat,OUT001,High,Tier 2,Supermarket Type1,13.57,0.057,164.86,1987.0,4025.3
FD3134,Low Sugar,Fruits and Vegetables,OUT004,Medium,Tier 2,Supermarket Type2,9.37,0.042,162.92,2009.0,3035.82
FD6871,Low Sugar,Snack Foods,OUT004,Medium,Tier 2,Supermarket Type2,13.29,0.017,148.31,2009.0,3623.42
FD2876,Low Sugar,Breads,OUT004,Medium,Tier 2,Supermarket Type2,13.05,0.017,163.79,2009.0,3886.66
NC2944,No Sugar,Health and Hygiene,OUT004,Medium,Tier 2,Supermarket Type2,10.09,0.038,150.73,2009.0,2949.54
NC4261,No Sugar,Health and Hygiene,OUT001,High,Tier 2,Supermarket Type1,15.65,0.051,143.97,1987.0,4069.08
FD6217,Low Sugar,Dairy,OUT002,Small,Tier 3,Food Mart,9.89,0.104,113.13,1998.0,2135.44
NC6601,No Sugar,Health and Hygiene,OUT004,Medium,Tier 2,Supermarket Type2,11.47,0.083,122.24,2009.0,2677.71
DR8401,Regular,Soft Drinks,OUT001,High,Tier 2,Supermarket Type1,13.96,0.081,161.59,1987.0,4046.64
FD2858,Regular,Snack Foods,OUT004,Medium,Tier 2,Supermarket Type2,11.4,0.074,127.87,2009.0,2777.85
NC5367,No Sugar,Health and Hygiene,OUT004,Medium,Tier 2,Supermarket Type2,11.38,0.082,161.73,2009.0,3466.89
FD3300,Regular,Fruits and Vegetables,OUT004,Medium,Tier 2,Supermarket Type2,11.9,0.076,136.6,2009.0,3070.39
FD7268,Low Sugar,Meat,OUT004,Medium,Tier 2,Supermarket Type2,11.45,0.039,125.43,2009.0,2738.39
FD3304,Regular,Frozen Foods,OUT004,Medium,Tier 2,Supermarket Type2,14.44,0.019,141.72,2009.0,3748.31
NC1539,No Sugar,Health and Hygiene,OUT004,Medium,Tier 2,Supermarket Type2,12.94,0.029,133.07,2009.0,3232.82
NC3174,No Sugar,Health and Hygiene,OUT001,High,Tier 2,Supermarket Type1,15.2,0.045,183.49,1987.0,4774.98
NC208,No Sugar,Household,OUT001,High,Tier 2,Supermarket Type1,9.45,0.035,129.31,1987.0,4884.07
FD6155,Low Sugar,Snack Foods,OUT001,High,Tier 2,Supermarket Type1,14.4,0.091,193.78,1987.0,4804.13
NC4067,No Sugar,Others,OUT004,Medium,Tier 2,Supermarket Type2,10.29,0.041,154.53,2009.0,3073.21
NC7380,No Sugar,Health and Hygiene,OUT004,Medium,Tier 2,Supermarket Type2,11.19,0.038,159.95,2009.0,3386.16
FD6610,Low Sugar,Snack Foods,OUT004,Medium,Tier 2,Supermarket Type2,12.16,0.084,130.67,2009.0,3006.41
FD6374,Low Sugar,Baking Goods,OUT004,Medium,Tier 2,Supermarket Type2,9.58,0.126,170.34,2009.0,3235.21
FD3208,Regular,Frozen Foods,OUT004,Medium,Tier 2,Supermarket Type2,13.1,0.03,157.08,2009.0,3759.71
NC4139,No Sugar,Health and Hygiene,OUT004,Medium,Tier 2,Supermarket Type2,14.39,0.099,146.09,2009.0,3827.52
NC7469,No Sugar,Health and Hygiene,OUT004,Medium,Tier 2,Supermarket Type2,9.46,0.049,140.28,2009.0,2593.5
FD314,Low Sugar,Canned,OUT002,Small,Tier 3,Food Mart,12.94,0.124,198.96,1998.0,2155.43
FD8244,Regular,Snack Foods,OUT002,Small,Tier 3,Food Mart,9.98,0.129,110.72,1998.0,2106.32
FD7901,Low Sugar,Baking Goods,OUT001,High,Tier 2,Supermarket Type1,14.73,0.035,158.53,1987.0,4157.02
FD1698,Low Sugar,Snack Foods,OUT001,High,Tier 2,Supermarket Type1,10.88,0.058,226.59,1987.0,4680.73
FD1674,Low Sugar,Fruits and Vegetables,OUT004,Medium,Tier 2,Supermarket Type2,12.76,0.16,160.7,2009.0,3756.41
FD1935,Low Sugar,Fruits and Vegetables,OUT004,Medium,Tier 2,Supermarket Type2,11.4,0.066,183.68,2009.0,3919.07
FD5341,Low Sugar,Baking Goods,OUT001,High,Tier 2,Supermarket Type1,10.69,0.127,115.27,1987.0,2360.83
FD7047,Low Sugar,Fruits and Vegetables,OUT002,Small,Tier 3,Food Mart,11.26,0.065,90.04,1998.0,1972.62
FD4640,Low Sugar,Fruits and Vegetables,OUT001,High,Tier 2,Supermarket Type1,8.87,0.062,134.27,1987.0,2336.65
FD8391,Low Sugar,Snack Foods,OUT004,Medium,Tier 2,Supermarket Type2,12.18,0.102,111.27,2009.0,2614.19
FD3318,Low Sugar,Frozen Foods,OUT004,Medium,Tier 2,Supermarket Type2,13.23,0.067,167.14,2009.0,3996.13
FD8014,Low Sugar,Fruits and Vegetables,OUT004,Medium,Tier 2,Supermarket Type2,10.71,0.016,128.6,2009.0,2637.11
FD8363,Low Sugar,Snack Foods,OUT001,High,Tier 2,Supermarket Type1,14.44,0.077,161.24,1987.0,4146.75
FD3907,Regular,Meat,OUT001,High,Tier 2,Supermarket Type1,15.32,0.056,152.49,1987.0,4168.32
FD3693,Regular,Frozen Foods,OUT001,High,Tier 2,Supermarket Type1,15.02,0.039,152.06,1987.0,4090.39
NC795,No Sugar,Health and Hygiene,OUT004,Medium,Tier 2,Supermarket Type2,11.3,0.042,154.99,2009.0,3309.91
NC7522,No Sugar,Household,OUT004,Medium,Tier 2,Supermarket Type2,11.94,0.08,143.98,2009.0,3230.48
FD4672,Regular,Canned,OUT001,High,Tier 2,Supermarket Type1,14.5,0.067,194.8,1987.0,4847.27
NC1403,No Sugar,Household,OUT004,Medium,Tier 2,Supermarket Type2,12.64,0.073,120.03,2009.0,2897.87
DR5739,Low Sugar,Soft Drinks,OUT004,Medium,Tier 2,Supermarket Type2,13.19,0.186,135.29,2009.0,3333.53
FD6648,Regular,Snack Foods,OUT002,Small,Tier 3,Food Mart,8.62,0.16,104.51,1998.0,1671.3
NC158,No Sugar,Health and Hygiene,OUT001,High,Tier 2,Supermarket Type1,12.85,0.052,172.51,1987.0,4709.94
FD8480,Low Sugar,Canned,OUT004,Medium,Tier 2,Supermarket Type2,12.78,0.188,160.99,2009.0,3766.79
NC4123,No Sugar,Health and Hygiene,OUT002,Small,Tier 3,Food Mart,10.16,0.054,111.96,1998.0,2173.27
FD8748,Low Sugar,Fruits and Vegetables,OUT004,Medium,Tier 2,Supermarket Type2,12.43,0.037,137.51,2009.0,3207.57
FD5603,Low Sugar,Baking Goods,OUT004,Medium,Tier 2,Supermarket Type2,13.47,0.096,145.93,2009.0,3615.73
FD7199,Regular,Baking Goods,OUT002,Small,Tier 3,Food Mart,8.26,0.063,86.98,1998.0,1232.0
FD4411,Low Sugar,Meat,OUT004,Medium,Tier 2,Supermarket Type2,10.14,0.125,176.79,2009.0,3493.26
NC1355,No Sugar,Health and Hygiene,OUT004,Medium,Tier 2,Supermarket Type2,13.8,0.014,129.59,2009.0,3355.85
FD3288,Regular,Fruits and Vegetables,OUT004,Medium,Tier 2,Supermarket Type2,14.08,0.089,138.75,2009.0,3605.93
FD119,Low Sugar,Snack Foods,OUT002,Small,Tier 3,Food Mart,13.48,0.057,109.65,1998.0,894.75
DR1881,Regular,Soft Drinks,OUT004,Medium,Tier 2,Supermarket Type2,12.8,0.068,164.3,2009.0,3839.36
NC3408,No Sugar,Others,OUT002,Small,Tier 3,Food Mart,8.91,0.063,118.37,1998.0,2022.01
FD5477,Low Sugar,Baking Goods,OUT004,Medium,Tier 2,Supermarket Type2,11.66,0.013,162.76,2009.0,3550.3
FD4156,Regular,Frozen Foods,OUT004,Medium,Tier 2,Supermarket Type2,14.67,0.022,149.54,2009.0,3960.08
FD3806,Regular,Dairy,OUT004,Medium,Tier 2,Supermarket Type2,10.69,0.054,132.9,2009.0,2720.99
FD3725,Low Sugar,Fruits and Vegetables,OUT001,High,Tier 2,Supermarket Type1,10.71,0.082,114.58,1987.0,2349.74
FD6429,Regular,Baking Goods,OUT004,Medium,Tier 2,Supermarket Type2,9.84,0.102,136.6,2009.0,2604.08
FD5114,Regular,Canned,OUT004,Medium,Tier 2,Supermarket Type2,11.67,0.157,140.96,2009.0,3107.44
FD3268,Low Sugar,Snack Foods,OUT004,Medium,Tier 2,Supermarket Type2,13.54,0.052,117.42,2009.0,3048.62
DR6405,Low Sugar,Soft Drinks,OUT002,Small,Tier 3,Food Mart,11.07,0.086,88.12,1998.0,1889.31
FD7038,Regular,Dairy,OUT001,High,Tier 2,Supermarket Type1,14.73,0.069,157.99,1987.0,4146.36
FD7896,Regular,Dairy,OUT002,Small,Tier 3,Food Mart,8.4,0.036,90.7,1998.0,1339.07
FD6794,Regular,Fruits and Vegetables,OUT004,Medium,Tier 2,Supermarket Type2,12.67,0.074,139.06,2009.0,3293.97
FD1631,Low Sugar,Snack Foods,OUT002,Small,Tier 3,Food Mart,9.39,0.12,77.7,1998.0,1296.88
NC8635,No Sugar,Health and Hygiene,OUT004,Medium,Tier 2,Supermarket Type2,11.35,0.033,130.24,2009.0,2815.65
FD6899,Low Sugar,Breads,OUT004,Medium,Tier 2,Supermarket Type2,11.32,0.043,145.65,2009.0,3124.23
FD1443,Regular,Snack Foods,OUT001,High,Tier 2,Supermarket Type1,15.55,0.093,168.69,1987.0,4551.34
DR4265,Low Sugar,Soft Drinks,OUT004,Medium,Tier 2,Supermarket Type2,12.94,0.035,167.73,2009.0,3942.57
FD8152,Low Sugar,Snack Foods,OUT002,Small,Tier 3,Food Mart,11.09,0.123,80.12,1998.0,1730.86
FD567,Low Sugar,Fruits and Vegetables,OUT002,Small,Tier 3,Food Mart,14.64,0.052,185.13,1998.0,1495.58
FD8227,Low Sugar,Snack Foods,OUT004,Medium,Tier 2,Supermarket Type2,14.29,0.033,154.49,2009.0,3976.04
NC2524,No Sugar,Health and Hygiene,OUT001,High,Tier 2,Supermarket Type1,15.33,0.123,179.08,1987.0,4714.35
FD4997,Low Sugar,Meat,OUT004,Medium,Tier 2,Supermarket Type2,12.08,0.048,127.74,2009.0,2929.42
NC3563,No Sugar,Household,OUT001,High,Tier 2,Supermarket Type1,13.23,0.047,170.95,1987.0,4072.25
FD4465,Regular,Baking Goods,OUT004,Medium,Tier 2,Supermarket Type2,10.03,0.205,166.94,2009.0,3268.65
NC8317,No Sugar,Health and Hygiene,OUT001,High,Tier 2,Supermarket Type1,12.92,0.086,174.86,1987.0,4082.33
FD2114,Low Sugar,Fruits and Vegetables,OUT001,High,Tier 2,Supermarket Type1,12.54,0.023,178.97,1987.0,4081.38
FD2921,Low Sugar,Frozen Foods,OUT004,Medium,Tier 2,Supermarket Type2,14.43,0.128,151.94,2009.0,3954.8
FD7092,Low Sugar,Dairy,OUT002,Small,Tier 3,Food Mart,7.3,0.041,125.09,1998.0,1795.0
FD4055,Low Sugar,Fruits and Vegetables,OUT004,Medium,Tier 2,Supermarket Type2,13.16,0.116,151.84,2009.0,3665.43
FD7364,Regular,Dairy,OUT001,High,Tier 2,Supermarket Type1,10.92,0.031,110.63,1987.0,2315.7
FD8007,Low Sugar,Snack Foods,OUT004,Medium,Tier 2,Supermarket Type2,10.2,0.115,127.73,2009.0,2504.97
FD2333,Low Sugar,Fruits and Vegetables,OUT001,High,Tier 2,Supermarket Type1,16.29,0.111,160.6,1987.0,4553.97
FD7166,Regular,Fruits and Vegetables,OUT004,Medium,Tier 2,Supermarket Type2,14.09,0.015,121.85,2009.0,3263.25
FD3170,Regular,Baking Goods,OUT001,High,Tier 2,Supermarket Type1,13.6,0.029,172.14,1987.0,4180.1
FD3579,Low Sugar,Fruits and Vegetables,OUT004,Medium,Tier 2,Supermarket Type2,10.79,0.069,164.78,2009.0,3394.44
NC3271,No Sugar,Health and Hygiene,OUT001,High,Tier 2,Supermarket Type1,12.06,0.165,101.07,1987.0,2379.76
FD3188,Low Sugar,Canned,OUT001,High,Tier 2,Supermarket Type1,13.17,0.031,168.88,1987.0,4017.27
NC7455,No Sugar,Household,OUT004,Medium,Tier 2,Supermarket Type2,12.55,0.102,140.58,2009.0,3297.81
NC3699,No Sugar,Household,OUT001,High,Tier 2,Supermarket Type1,14.46,0.026,161.98,1987.0,4167.03
NC580,No Sugar,Household,OUT004,Medium,Tier 2,Supermarket Type2,14.02,0.083,156.44,2009.0,5101.13
DR835,Regular,Hard Drinks,OUT001,High,Tier 2,Supermarket Type1,14.62,0.119,199.73,1987.0,4976.47
FD4926,Low Sugar,Snack Foods,OUT002,Small,Tier 3,Food Mart,9.2,0.061,110.7,1998.0,1929.27
FD5105,Low Sugar,Frozen Foods,OUT004,Medium,Tier 2,Supermarket Type2,11.22,0.128,175.64,2009.0,3715.98
FD2158,Low Sugar,Snack Foods,OUT004,Medium,Tier 2,Supermarket Type2,11.03,0.028,172.58,2009.0,3609.33
FD6596,Low Sugar,Frozen Foods,OUT004,Medium,Tier 2,Supermarket Type2,10.33,0.061,164.31,2009.0,3280.89
FD8696,Low Sugar,Snack Foods,OUT004,Medium,Tier 2,Supermarket Type2,13.2,0.129,119.89,2009.0,3022.29
DR2135,Low Sugar,Soft Drinks,OUT004,Medium,Tier 2,Supermarket Type2,14.11,0.208,155.56,2009.0,3956.61
FD6735,Regular,Breads,OUT004,Medium,Tier 2,Supermarket Type2,11.92,0.062,131.12,2009.0,2961.25
FD5821,Regular,Fruits and Vegetables,OUT004,Medium,Tier 2,Supermarket Type2,10.36,0.035,182.68,2009.0,3665.46
FD8366,Low Sugar,Dairy,OUT001,High,Tier 2,Supermarket Type1,16.73,0.066,166.21,1987.0,4766.5
FD8018,Low Sugar,Frozen Foods,OUT004,Medium,Tier 2,Supermarket Type2,13.64,0.021,135.83,2009.0,3446.4
FD4941,Low Sugar,Fruits and Vegetables,OUT004,Medium,Tier 2,Supermarket Type2,12.71,0.093,147.6,2009.0,3477.54
FD2720,Low Sugar,Fruits and Vegetables,OUT001,High,Tier 2,Supermarket Type1,11.34,0.053,114.35,1987.0,2487.49
NC3046,No Sugar,Household,OUT002,Small,Tier 3,Food Mart,9.96,0.19,109.74,1998.0,2080.79
FD8699,Low Sugar,Frozen Foods,OUT004,Medium,Tier 2,Supermarket Type2,13.65,0.071,135.3,2009.0,3438.8
FD3797,Low Sugar,Snack Foods,OUT004,Medium,Tier 2,Supermarket Type2,14.41,0.03,146.36,2009.0,3837.19
FD6885,Low Sugar,Snack Foods,OUT004,Medium,Tier 2,Supermarket Type2,13.09,0.011,140.59,2009.0,3420.46
NC1475,No Sugar,Household,OUT004,Medium,Tier 2,Supermarket Type2,10.47,0.014,138.12,2009.0,2778.17
FD1948,Low Sugar,Frozen Foods,OUT002,Small,Tier 3,Food Mart,7.11,0.065,96.54,1998.0,1167.43
FD4154,Low Sugar,Meat,OUT004,Medium,Tier 2,Supermarket Type2,13.31,0.043,125.59,2009.0,3163.84
FD2369,Low Sugar,Snack Foods,OUT002,Small,Tier 3,Food Mart,9.36,0.006,94.31,1998.0,1629.55
FD5315,Low Sugar,Baking Goods,OUT004,Medium,Tier 2,Supermarket Type2,11.99,0.172,137.08,2009.0,3100.78
FD4656,Low Sugar,Dairy,OUT004,Medium,Tier 2,Supermarket Type2,13.36,0.03,134.44,2009.0,3354.95
FD4049,Low Sugar,Baking Goods,OUT001,High,Tier 2,Supermarket Type1,16.34,0.035,160.16,1987.0,4556.14
FD6008,Low Sugar,Dairy,OUT004,Medium,Tier 2,Supermarket Type2,10.63,0.015,130.63,2009.0,2660.71
FD1855,Low Sugar,Baking Goods,OUT002,Small,Tier 3,Food Mart,9.61,0.064,92.03,1998.0,1639.82
FD340,Low Sugar,Frozen Foods,OUT001,High,Tier 2,Supermarket Type1,11.15,0.096,76.14,1987.0,4095.58
FD7258,Regular,Baking Goods,OUT002,Small,Tier 3,Food Mart,9.37,0.014,102.9,1998.0,1809.27
FD4089,Regular,Snack Foods,OUT004,Medium,Tier 2,Supermarket Type2,14.91,0.125,139.87,2009.0,3816.46
DR1769,Low Sugar,Soft Drinks,OUT004,Medium,Tier 2,Supermarket Type2,12.96,0.064,136.19,2009.0,3301.96
FD7078,Regular,Canned,OUT004,Medium,Tier 2,Supermarket Type2,14.62,0.064,150.23,2009.0,3962.62
FD2893,Low Sugar,Breads,OUT002,Small,Tier 3,Food Mart,10.38,0.013,84.65,1998.0,1662.46
DR5257,Regular,Soft Drinks,OUT001,High,Tier 2,Supermarket Type1,13.4,0.079,211.17,1987.0,4934.29
FD8104,Low Sugar,Meat,OUT001,High,Tier 2,Supermarket Type1,10.98,0.168,115.45,1987.0,2428.1
FD5797,Low Sugar,Frozen Foods,OUT002,Small,Tier 3,Food Mart,7.42,0.052,98.35,1998.0,1273.63
FD1263,Low Sugar,Dairy,OUT004,Medium,Tier 2,Supermarket Type2,12.7,0.017,144.49,2009.0,3411.33
FD7014,Regular,Canned,OUT002,Small,Tier 3,Food Mart,12.65,0.048,80.12,1998.0,2083.75
FD1110,Low Sugar,Fruits and Vegetables,OUT004,Medium,Tier 2,Supermarket Type2,12.9,0.021,151.14,2009.0,3593.69
NC4044,No Sugar,Household,OUT004,Medium,Tier 2,Supermarket Type2,13.4,0.024,101.68,2009.0,2694.77
FD1141,Low Sugar,Fruits and Vegetables,OUT004,Medium,Tier 2,Supermarket Type2,11.21,0.048,166.96,2009.0,3535.15
NC7236,No Sugar,Health and Hygiene,OUT004,Medium,Tier 2,Supermarket Type2,13.48,0.142,153.36,2009.0,3768.73
FD7488,Low Sugar,Canned,OUT004,Medium,Tier 2,Supermarket Type2,13.56,0.039,161.22,2009.0,3948.08
FD1679,Low Sugar,Snack Foods,OUT004,Medium,Tier 2,Supermarket Type2,14.1,0.029,156.16,2009.0,3967.42
DR2804,Regular,Soft Drinks,OUT004,Medium,Tier 2,Supermarket Type2,14.17,0.036,126.16,2009.0,3369.32
FD3562,Low Sugar,Fruits and Vegetables,OUT004,Medium,Tier 2,Supermarket Type2,13.23,0.031,157.0,2009.0,3787.32
DR1983,Low Sugar,Hard Drinks,OUT002,Small,Tier 3,Food Mart,7.94,0.012,131.06,1998.0,2062.07
DR1501,Low Sugar,Soft Drinks,OUT002,Small,Tier 3,Food Mart,8.35,0.186,136.48,1998.0,2264.65
FD854,Regular,Canned,OUT004,Medium,Tier 2,Supermarket Type2,13.49,0.051,121.63,2009.0,3123.54
NC8523,No Sugar,Household,OUT004,Medium,Tier 2,Supermarket Type2,13.89,0.031,151.15,2009.0,3816.85
FD7633,Regular,Snack Foods,OUT001,High,Tier 2,Supermarket Type1,10.02,0.132,120.83,1987.0,2322.64
FD5199,Regular,Seafood,OUT002,Small,Tier 3,Food Mart,10.56,0.083,85.83,1998.0,1728.49
FD7122,Regular,Fruits and Vegetables,OUT004,Medium,Tier 2,Supermarket Type2,14.21,0.111,127.66,2009.0,3407.68
NC7238,No Sugar,Health and Hygiene,OUT004,Medium,Tier 2,Supermarket Type2,14.05,0.079,113.29,2009.0,3079.61
FD7928,Regular,Baking Goods,OUT001,High,Tier 2,Supermarket Type1,16.25,0.125,167.24,1987.0,4679.39
FD2567,Low Sugar,Fruits and Vegetables,OUT004,Medium,Tier 2,Supermarket Type2,11.32,0.071,149.64,2009.0,3205.35
NC8196,No Sugar,Household,OUT001,High,Tier 2,Supermarket Type1,11.3,0.059,105.62,1987.0,2300.56
FD1591,Regular,Dairy,OUT001,High,Tier 2,Supermarket Type1,15.67,0.078,145.48,1987.0,4102.38
DR542,Low Sugar,Soft Drinks,OUT001,High,Tier 2,Supermarket Type1,14.72,0.015,164.27,1987.0,4828.12
FD5228,Regular,Snack Foods,OUT004,Medium,Tier 2,Supermarket Type2,10.76,0.018,154.09,2009.0,3169.26
NC824,No Sugar,Household,OUT004,Medium,Tier 2,Supermarket Type2,12.29,0.044,120.74,2009.0,2833.89
NC6831,No Sugar,Health and Hygiene,OUT001,High,Tier 2,Supermarket Type1,9.66,0.042,127.15,1987.0,2369.71
FD8364,Low Sugar,Dairy,OUT004,Medium,Tier 2,Supermarket Type2,12.19,0.017,131.52,2009.0,3032.12
FD5606,Low Sugar,Fruits and Vegetables,OUT004,Medium,Tier 2,Supermarket Type2,11.8,0.033,158.74,2009.0,3500.18
NC6770,No Sugar,Household,OUT001,High,Tier 2,Supermarket Type1,13.07,0.037,178.67,1987.0,4195.56
FD604,Low Sugar,Canned,OUT004,Medium,Tier 2,Supermarket Type2,9.77,0.055,139.51,2009.0,2647.72
FD6981,Low Sugar,Frozen Foods,OUT004,Medium,Tier 2,Supermarket Type2,12.02,0.117,150.87,2009.0,3388.42
FD3036,Low Sugar,Fruits and Vegetables,OUT004,Medium,Tier 2,Supermarket Type2,13.81,0.029,156.77,2009.0,3914.0
FD1906,Low Sugar,Snack Foods,OUT004,Medium,Tier 2,Supermarket Type2,12.26,0.077,113.37,2009.0,2676.41
FD7231,Low Sugar,Snack Foods,OUT001,High,Tier 2,Supermarket Type1,13.92,0.057,185.58,1987.0,4528.95
NC3173,No Sugar,Health and Hygiene,OUT002,Small,Tier 3,Food Mart,8.32,0.233,128.89,1998.0,2102.35
FD5195,Low Sugar,Baking Goods,OUT004,Medium,Tier 2,Supermarket Type2,10.93,0.015,145.11,2009.0,3024.5
FD2927,Regular,Canned,OUT004,Medium,Tier 2,Supermarket Type2,14.79,0.036,146.22,2009.0,3919.22
NC7039,No Sugar,Household,OUT004,Medium,Tier 2,Supermarket Type2,10.55,0.041,181.19,2009.0,3677.59
DR5018,Low Sugar,Soft Drinks,OUT002,Small,Tier 3,Food Mart,8.52,0.055,135.91,1998.0,2290.82
FD2370,Low Sugar,Snack Foods,OUT001,High,Tier 2,Supermarket Type1,13.66,0.162,168.46,1987.0,4119.22
DR7536,Regular,Soft Drinks,OUT004,Medium,Tier 2,Supermarket Type2,11.52,0.131,161.47,2009.0,3492.96
FD884,Low Sugar,Canned,OUT002,Small,Tier 3,Food Mart,8.87,0.042,113.46,1998.0,1910.46
FD5693,Low Sugar,Baking Goods,OUT004,Medium,Tier 2,Supermarket Type2,9.58,0.133,142.33,2009.0,2661.65
DR1083,Low Sugar,Soft Drinks,OUT001,High,Tier 2,Supermarket Type1,13.93,0.031,164.12,1987.0,4092.54
FD2254,Low Sugar,Snack Foods,OUT004,Medium,Tier 2,Supermarket Type2,10.63,0.061,157.66,2009.0,3213.85
FD1093,Low Sugar,Starchy Foods,OUT001,High,Tier 2,Supermarket Type1,11.85,0.029,99.67,1987.0,2302.86
FD8521,Low Sugar,Meat,OUT002,Small,Tier 3,Food Mart,6.77,0.032,75.21,1998.0,654.52
NC739,No Sugar,Household,OUT004,Medium,Tier 2,Supermarket Type2,13.46,0.011,133.21,2009.0,3352.49
FD52,Low Sugar,Canned,OUT004,Medium,Tier 2,Supermarket Type2,12.17,0.047,151.19,2009.0,2143.77
FD3313,reg,Meat,OUT001,High,Tier 2,Supermarket Type1,14.34,0.014,160.3,1987.0,4106.06
NC413,No Sugar,Household,OUT004,Medium,Tier 2,Supermarket Type2,12.07,0.034,143.16,2009.0,5163.54
FD5691,Low Sugar,Snack Foods,OUT004,Medium,Tier 2,Supermarket Type2,12.52,0.128,136.44,2009.0,3205.5
FD4714,Regular,Snack Foods,OUT004,Medium,Tier 2,Supermarket Type2,13.68,0.02,145.72,2009.0,3658.17
FD8657,Low Sugar,Meat,OUT001,High,Tier 2,Supermarket Type1,11.64,0.046,185.7,1987.0,4015.96
FD6355,Regular,Snack Foods,OUT004,Medium,Tier 2,Supermarket Type2,15.23,0.167,133.2,2009.0,3752.66
FD5774,Low Sugar,Fruits and Vegetables,OUT004,Medium,Tier 2,Supermarket Type2,8.66,0.039,147.65,2009.0,2563.89
NC6783,No Sugar,Others,OUT001,High,Tier 2,Supermarket Type1,14.52,0.046,186.63,1987.0,4685.6
FD5400,Low Sugar,Baking Goods,OUT004,Medium,Tier 2,Supermarket Type2,11.75,0.128,152.69,2009.0,3365.65
FD5459,Regular,Fruits and Vegetables,OUT004,Medium,Tier 2,Supermarket Type2,12.72,0.245,117.19,2009.0,2858.02
NC1574,No Sugar,Household,OUT002,Small,Tier 3,Food Mart,8.16,0.093,64.66,1998.0,753.13
FD3201,Regular,Frozen Foods,OUT004,Medium,Tier 2,Supermarket Type2,10.67,0.27,145.07,2009.0,2965.12
DR5915,Regular,Soft Drinks,OUT002,Small,Tier 3,Food Mart,8.47,0.033,116.52,1998.0,1882.78
NC6049,No Sugar,Health and Hygiene,OUT001,High,Tier 2,Supermarket Type1,16.4,0.227,158.93,1987.0,4543.65
FD7465,Low Sugar,Fruits and Vegetables,OUT004,Medium,Tier 2,Supermarket Type2,10.68,0.051,128.19,2009.0,2622.15
FD7400,Low Sugar,Snack Foods,OUT002,Small,Tier 3,Food Mart,9.17,0.128,93.75,1998.0,1575.87
FD6408,Low Sugar,Snack Foods,OUT002,Small,Tier 3,Food Mart,11.64,0.097,78.01,1998.0,1811.7
FD6884,Low Sugar,Meat,OUT002,Small,Tier 3,Food Mart,9.06,0.077,110.33,1998.0,1891.49
FD5074,Regular,Meat,OUT004,Medium,Tier 2,Supermarket Type2,12.91,0.026,119.28,2009.0,2942.74
FD5330,Regular,Fruits and Vegetables,OUT001,High,Tier 2,Supermarket Type1,14.29,0.124,201.74,1987.0,4943.48
FD2939,Low Sugar,Fruits and Vegetables,OUT001,High,Tier 2,Supermarket Type1,10.62,0.096,117.65,1987.0,2393.16
FD5503,Low Sugar,Snack Foods,OUT004,Medium,Tier 2,Supermarket Type2,13.07,0.059,162.75,2009.0,3868.89
NC7845,No Sugar,Household,OUT001,High,Tier 2,Supermarket Type1,10.61,0.074,113.98,1987.0,2315.55
NC7942,No Sugar,Health and Hygiene,OUT001,High,Tier 2,Supermarket Type1,9.19,0.009,135.05,1987.0,2424.95
FD2505,Low Sugar,Baking Goods,OUT001,High,Tier 2,Supermarket Type1,9.82,0.045,128.34,1987.0,2431.05
NC3406,No Sugar,Household,OUT002,Small,Tier 3,Food Mart,10.09,0.029,88.75,1998.0,1682.18
FD2749,Low Sugar,Fruits and Vegetables,OUT004,Medium,Tier 2,Supermarket Type2,11.19,0.015,168.64,2009.0,3565.22
FD6666,Low Sugar,Meat,OUT004,Medium,Tier 2,Supermarket Type2,11.15,0.117,118.02,2009.0,2520.52
FD3335,Regular,Fruits and Vegetables,OUT004,Medium,Tier 2,Supermarket Type2,12.5,0.013,166.72,2009.0,3820.74
FD3233,Low Sugar,Frozen Foods,OUT004,Medium,Tier 2,Supermarket Type2,12.89,0.024,129.58,2009.0,3150.72
NC7158,No Sugar,Household,OUT001,High,Tier 2,Supermarket Type1,10.88,0.095,111.96,1987.0,2335.9
FD5279,Regular,Snack Foods,OUT001,High,Tier 2,Supermarket Type1,14.15,0.025,196.25,1987.0,4798.89
NC7308,No Sugar,Household,OUT002,Small,Tier 3,Food Mart,11.52,0.058,101.99,1998.0,2274.97
FD8031,Regular,Frozen Foods,OUT004,Medium,Tier 2,Supermarket Type2,9.92,0.012,157.86,2009.0,3056.66
FD6469,reg,Frozen Foods,OUT004,Medium,Tier 2,Supermarket Type2,12.82,0.058,135.28,2009.0,3251.39
FD5151,Low Sugar,Dairy,OUT004,Medium,Tier 2,Supermarket Type2,12.97,0.04,165.45,2009.0,3901.29
FD7577,Regular,Dairy,OUT001,High,Tier 2,Supermarket Type1,14.71,0.107,193.86,1987.0,4877.12
DR4435,Low Sugar,Soft Drinks,OUT004,Medium,Tier 2,Supermarket Type2,12.54,0.188,113.72,2009.0,2746.67
FD7020,Low Sugar,Snack Foods,OUT001,High,Tier 2,Supermarket Type1,11.9,0.136,184.5,1987.0,4050.29
FD8089,Low Sugar,Snack Foods,OUT004,Medium,Tier 2,Supermarket Type2,14.31,0.109,151.43,2009.0,3916.78
FD474,Low Sugar,Baking Goods,OUT002,Small,Tier 3,Food Mart,12.81,0.053,128.9,1998.0,852.11
FD2606,Low Sugar,Snack Foods,OUT004,Medium,Tier 2,Supermarket Type2,11.61,0.069,135.73,2009.0,2986.81
FD199,Regular,Dairy,OUT004,Medium,Tier 2,Supermarket Type2,11.47,0.047,130.27,2009.0,1979.46
NC3872,No Sugar,Household,OUT004,Medium,Tier 2,Supermarket Type2,11.13,0.22,166.74,2009.0,3511.43
NC1684,No Sugar,Household,OUT004,Medium,Tier 2,Supermarket Type2,11.73,0.015,170.07,2009.0,3716.96
NC8086,No Sugar,Household,OUT004,Medium,Tier 2,Supermarket Type2,11.78,0.126,168.68,2009.0,3698.77
FD1813,Regular,Canned,OUT001,High,Tier 2,Supermarket Type1,14.07,0.077,197.49,1987.0,4806.62
FD6857,Regular,Baking Goods,OUT004,Medium,Tier 2,Supermarket Type2,12.77,0.009,172.19,2009.0,3995.27
FD4495,Low Sugar,Snack Foods,OUT004,Medium,Tier 2,Supermarket Type2,11.82,0.073,118.41,2009.0,2679.27
FD4833,Low Sugar,Baking Goods,OUT002,Small,Tier 3,Food Mart,8.15,0.024,88.98,1998.0,1248.88
DR3140,Regular,Soft Drinks,OUT001,High,Tier 2,Supermarket Type1,12.32,0.032,181.1,1987.0,4075.27
FD2563,Low Sugar,Canned,OUT004,Medium,Tier 2,Supermarket Type2,9.13,0.175,144.27,2009.0,2600.25
FD2765,Regular,Fruits and Vegetables,OUT004,Medium,Tier 2,Supermarket Type2,12.23,0.019,145.37,2009.0,3323.56
FD8377,Regular,Canned,OUT004,Medium,Tier 2,Supermarket Type2,11.77,0.068,140.05,2009.0,3111.23
FD4606,Low Sugar,Baking Goods,OUT001,High,Tier 2,Supermarket Type1,12.05,0.037,181.65,1987.0,4025.49
NC1970,No Sugar,Household,OUT004,Medium,Tier 2,Supermarket Type2,14.13,0.049,134.47,2009.0,3529.01
DR4460,Low Sugar,Soft Drinks,OUT004,Medium,Tier 2,Supermarket Type2,11.46,0.067,146.59,2009.0,3174.28
NC2439,No Sugar,Health and Hygiene,OUT002,Small,Tier 3,Food Mart,10.04,0.018,118.64,1998.0,2282.15
NC7628,No Sugar,Household,OUT001,High,Tier 2,Supermarket Type1,14.25,0.009,194.45,1987.0,4785.36
FD8137,Low Sugar,Meat,OUT001,High,Tier 2,Supermarket Type1,14.33,0.035,188.37,1987.0,4677.17
FD7116,Regular,Baking Goods,OUT004,Medium,Tier 2,Supermarket Type2,12.56,0.066,145.21,2009.0,3394.83
FD5545,Low Sugar,Baking Goods,OUT002,Small,Tier 3,Food Mart,9.72,0.013,121.49,1998.0,2267.15
FD7981,Low Sugar,Fruits and Vegetables,OUT001,High,Tier 2,Supermarket Type1,11.85,0.076,109.2,1987.0,2498.03
FD3624,Low Sugar,Dairy,OUT004,Medium,Tier 2,Supermarket Type2,11.72,0.057,155.53,2009.0,3415.93
FD7653,Regular,Meat,OUT004,Medium,Tier 2,Supermarket Type2,12.72,0.169,123.16,2009.0,2979.68
FD2675,Low Sugar,Snack Foods,OUT004,Medium,Tier 2,Supermarket Type2,13.0,0.111,133.1,2009.0,3246.94
NC6593,No Sugar,Others,OUT001,High,Tier 2,Supermarket Type1,10.47,0.054,123.41,1987.0,2477.39
DR455,Regular,Soft Drinks,OUT001,High,Tier 2,Supermarket Type1,9.54,0.079,117.68,1987.0,3127.75
FD2213,Low Sugar,Canned,OUT001,High,Tier 2,Supermarket Type1,13.74,0.04,186.96,1987.0,4515.79
FD8326,Low Sugar,Snack Foods,OUT004,Medium,Tier 2,Supermarket Type2,13.87,0.026,116.22,2009.0,3096.94
FD1123,Regular,Fruits and Vegetables,OUT004,Medium,Tier 2,Supermarket Type2,12.92,0.028,165.72,2009.0,3897.1
FD377,Low Sugar,Meat,OUT001,High,Tier 2,Supermarket Type1,13.84,0.013,175.33,1987.0,3376.87
FD1643,Regular,Snack Foods,OUT001,High,Tier 2,Supermarket Type1,15.57,0.052,186.2,1987.0,4914.31
NC2520,No Sugar,Health and Hygiene,OUT001,High,Tier 2,Supermarket Type1,13.51,0.022,170.11,1987.0,4119.5
FD1529,Regular,Baking Goods,OUT004,Medium,Tier 2,Supermarket Type2,12.43,0.066,165.24,2009.0,3776.27
FD1688,Low Sugar,Fruits and Vegetables,OUT004,Medium,Tier 2,Supermarket Type2,13.28,0.032,132.4,2009.0,3296.28
FD6063,Regular,Frozen Foods,OUT004,Medium,Tier 2,Supermarket Type2,11.5,0.103,173.28,2009.0,3728.97
FD5294,Regular,Meat,OUT001,High,Tier 2,Supermarket Type1,14.32,0.046,159.7,1987.0,4090.25
DR444,Low Sugar,Soft Drinks,OUT001,High,Tier 2,Supermarket Type1,12.13,0.072,98.87,1987.0,4644.06
FD4335,Low Sugar,Fruits and Vegetables,OUT004,Medium,Tier 2,Supermarket Type2,11.43,0.228,137.91,2009.0,2990.64
FD6366,Low Sugar,Fruits and Vegetables,OUT004,Medium,Tier 2,Supermarket Type2,12.34,0.103,133.52,2009.0,3106.36
FD2971,Regular,Canned,OUT001,High,Tier 2,Supermarket Type1,15.56,0.04,148.73,1987.0,4144.36
NC5165,No Sugar,Health and Hygiene,OUT004,Medium,Tier 2,Supermarket Type2,12.41,0.042,166.09,2009.0,3788.44
NC1939,No Sugar,Health and Hygiene,OUT001,High,Tier 2,Supermarket Type1,12.0,0.149,106.22,1987.0,2470.78
FD7322,Low Sugar,Canned,OUT004,Medium,Tier 2,Supermarket Type2,11.61,0.173,159.99,2009.0,3481.87
NC7462,No Sugar,Others,OUT004,Medium,Tier 2,Supermarket Type2,12.74,0.085,145.01,2009.0,3432.06
FD2272,Regular,Breads,OUT004,Medium,Tier 2,Supermarket Type2,12.69,0.113,137.99,2009.0,3277.09
FD6149,Regular,Dairy,OUT004,Medium,Tier 2,Supermarket Type2,14.2,0.054,112.5,2009.0,3097.33
FD1958,Low Sugar,Fruits and Vegetables,OUT004,Medium,Tier 2,Supermarket Type2,11.57,0.08,172.28,2009.0,3725.34
NC8174,No Sugar,Health and Hygiene,OUT001,High,Tier 2,Supermarket Type1,12.74,0.021,173.87,1987.0,4023.1
FD7859,Low Sugar,Fruits and Vegetables,OUT002,Small,Tier 3,Food Mart,9.84,0.032,103.94,1998.0,1936.64
FD1836,Low Sugar,Fruits and Vegetables,OUT004,Medium,Tier 2,Supermarket Type2,12.5,0.066,120.18,2009.0,2870.22
FD3006,Low Sugar,Fruits and Vegetables,OUT004,Medium,Tier 2,Supermarket Type2,13.58,0.153,138.25,2009.0,3482.4
DR6199,Regular,Hard Drinks,OUT002,Small,Tier 3,Food Mart,9.53,0.015,90.11,1998.0,1583.75
FD6844,Regular,Dairy,OUT002,Small,Tier 3,Food Mart,11.58,0.172,99.03,1998.0,2229.47
FD4707,reg,Frozen Foods,OUT004,Medium,Tier 2,Supermarket Type2,12.31,0.067,172.49,2009.0,3897.33
FD2434,Low Sugar,Canned,OUT004,Medium,Tier 2,Supermarket Type2,14.53,0.056,142.43,2009.0,3783.29
FD5182,Low Sugar,Dairy,OUT001,High,Tier 2,Supermarket Type1,10.21,0.034,124.16,1987.0,2432.97
FD4419,Regular,Canned,OUT004,Medium,Tier 2,Supermarket Type2,11.51,0.161,141.2,2009.0,3075.47
NC3803,No Sugar,Health and Hygiene,OUT004,Medium,Tier 2,Supermarket Type2,11.18,0.096,127.62,2009.0,2722.95
NC4150,No Sugar,Health and Hygiene,OUT004,Medium,Tier 2,Supermarket Type2,11.23,0.057,153.12,2009.0,3255.63
FD6293,Low Sugar,Canned,OUT004,Medium,Tier 2,Supermarket Type2,12.12,0.099,150.48,2009.0,3403.75
DR586,Low Sugar,Soft Drinks,OUT001,High,Tier 2,Supermarket Type1,14.49,0.061,161.24,1987.0,2910.78
NC7935,No Sugar,Household,OUT004,Medium,Tier 2,Supermarket Type2,10.52,0.081,152.17,2009.0,3077.06
FD6708,Low Sugar,Snack Foods,OUT004,Medium,Tier 2,Supermarket Type2,12.84,0.047,147.58,2009.0,3506.54
FD3381,Low Sugar,Breads,OUT002,Small,Tier 3,Food Mart,10.96,0.016,74.2,1998.0,1581.31
DR8688,Low Sugar,Hard Drinks,OUT004,Medium,Tier 2,Supermarket Type2,10.47,0.063,136.4,2009.0,2741.67
NC2190,No Sugar,Health and Hygiene,OUT004,Medium,Tier 2,Supermarket Type2,14.24,0.024,124.77,2009.0,3356.53
FD1347,Regular,Baking Goods,OUT004,Medium,Tier 2,Supermarket Type2,13.53,0.136,133.19,2009.0,3367.73
FD7189,Low Sugar,Fruits and Vegetables,OUT004,Medium,Tier 2,Supermarket Type2,13.48,0.024,144.6,2009.0,3589.55
NC5852,No Sugar,Household,OUT001,High,Tier 2,Supermarket Type1,10.61,0.03,114.99,1987.0,2336.1
FD1106,Regular,Snack Foods,OUT004,Medium,Tier 2,Supermarket Type2,13.19,0.064,150.89,2009.0,3652.99
FD3185,Low Sugar,Breads,OUT004,Medium,Tier 2,Supermarket Type2,11.53,0.12,142.41,2009.0,3106.01
FD7361,Low Sugar,Fruits and Vegetables,OUT004,Medium,Tier 2,Supermarket Type2,13.25,0.065,160.72,2009.0,3869.27
FD8417,Low Sugar,Fruits and Vegetables,OUT004,Medium,Tier 2,Supermarket Type2,12.67,0.036,143.53,2009.0,3386.08
FD3172,Low Sugar,Canned,OUT004,Medium,Tier 2,Supermarket Type2,10.48,0.042,133.1,2009.0,2676.49
FD3686,Low Sugar,Meat,OUT002,Small,Tier 3,Food Mart,10.53,0.024,89.82,1998.0,1803.84
FD2619,Regular,Frozen Foods,OUT004,Medium,Tier 2,Supermarket Type2,11.36,0.061,126.82,2009.0,2746.91
FD4080,Regular,Snack Foods,OUT004,Medium,Tier 2,Supermarket Type2,13.58,0.045,147.02,2009.0,3662.57
FD3931,Low Sugar,Baking Goods,OUT004,Medium,Tier 2,Supermarket Type2,13.79,0.025,116.44,2009.0,3085.43
FD6298,Low Sugar,Snack Foods,OUT004,Medium,Tier 2,Supermarket Type2,12.82,0.026,137.77,2009.0,3302.41
DR6834,Low Sugar,Hard Drinks,OUT004,Medium,Tier 2,Supermarket Type2,10.25,0.038,161.4,2009.0,3205.04
DR6423,Low Sugar,Soft Drinks,OUT004,Medium,Tier 2,Supermarket Type2,11.24,0.031,130.26,2009.0,2791.14
NC2828,No Sugar,Household,OUT001,High,Tier 2,Supermarket Type1,12.24,0.061,178.91,1987.0,4011.83
FD1515,Low Sugar,Frozen Foods,OUT004,Medium,Tier 2,Supermarket Type2,10.71,0.009,133.26,2009.0,2731.64
FD6051,Regular,Snack Foods,OUT004,Medium,Tier 2,Supermarket Type2,12.83,0.021,127.2,2009.0,3087.39
FD801,Low Sugar,Dairy,OUT004,Medium,Tier 2,Supermarket Type2,11.07,0.067,125.2,2009.0,2648.73
FD909,Regular,Dairy,OUT001,High,Tier 2,Supermarket Type1,15.58,0.011,148.03,1987.0,4134.55
FD4528,Low Sugar,Snack Foods,OUT004,Medium,Tier 2,Supermarket Type2,11.34,0.021,143.88,2009.0,3091.14
FD3312,Low Sugar,Dairy,OUT004,Medium,Tier 2,Supermarket Type2,14.45,0.098,127.37,2009.0,3458.22
FD4965,Low Sugar,Baking Goods,OUT001,High,Tier 2,Supermarket Type1,14.5,0.033,160.2,1987.0,4139.95
FD251,Low Sugar,Baking Goods,OUT002,Small,Tier 3,Food Mart,15.39,0.011,159.13,1998.0,1103.68
DR8327,Low Sugar,Soft Drinks,OUT004,Medium,Tier 2,Supermarket Type2,13.12,0.088,144.82,2009.0,3514.03
NC1320,No Sugar,Health and Hygiene,OUT001,High,Tier 2,Supermarket Type1,8.62,0.049,141.9,1987.0,2436.2
FD3911,Regular,Breads,OUT004,Medium,Tier 2,Supermarket Type2,10.96,0.035,181.43,2009.0,3774.04
FD4906,Low Sugar,Meat,OUT001,High,Tier 2,Supermarket Type1,14.02,0.128,195.0,1987.0,4743.07
FD7430,Low Sugar,Seafood,OUT001,High,Tier 2,Supermarket Type1,14.42,0.073,154.35,1987.0,4002.35
FD7312,Regular,Baking Goods,OUT004,Medium,Tier 2,Supermarket Type2,9.64,0.076,170.36,2009.0,3250.64
FD5049,Low Sugar,Snack Foods,OUT004,Medium,Tier 2,Supermarket Type2,10.79,0.022,134.34,2009.0,2773.15
FD4509,Low Sugar,Fruits and Vegetables,OUT004,Medium,Tier 2,Supermarket Type2,11.41,0.029,140.3,2009.0,3034.07
FD2080,Regular,Meat,OUT002,Small,Tier 3,Food Mart,7.76,0.067,104.59,1998.0,1479.09
FD7023,Low Sugar,Snack Foods,OUT004,Medium,Tier 2,Supermarket Type2,11.16,0.143,174.91,2009.0,3686.4
FD1124,Low Sugar,Frozen Foods,OUT004,Medium,Tier 2,Supermarket Type2,11.07,0.014,151.88,2009.0,3195.2
FD3430,Low Sugar,Snack Foods,OUT004,Medium,Tier 2,Supermarket Type2,11.62,0.063,146.83,2009.0,3216.61
FD853,Low Sugar,Dairy,OUT001,High,Tier 2,Supermarket Type1,14.47,0.132,159.25,1987.0,4114.66
DR6889,Regular,Hard Drinks,OUT001,High,Tier 2,Supermarket Type1,14.62,0.086,153.14,1987.0,4021.82
FD7939,Low Sugar,Fruits and Vegetables,OUT001,High,Tier 2,Supermarket Type1,14.7,0.089,199.21,1987.0,4984.16
FD5708,Low Sugar,Frozen Foods,OUT004,Medium,Tier 2,Supermarket Type2,11.83,0.052,160.11,2009.0,3535.8
FD8477,Low Sugar,Snack Foods,OUT004,Medium,Tier 2,Supermarket Type2,11.24,0.026,150.93,2009.0,3213.79
FD7245,Regular,Baking Goods,OUT004,Medium,Tier 2,Supermarket Type2,9.05,0.018,191.98,2009.0,3557.99
FD4258,Low Sugar,Snack Foods,OUT004,Medium,Tier 2,Supermarket Type2,12.97,0.05,141.53,2009.0,3413.36
FD2497,Low Sugar,Frozen Foods,OUT004,Medium,Tier 2,Supermarket Type2,11.81,0.061,113.34,2009.0,2572.39
FD1206,Low Sugar,Baking Goods,OUT004,Medium,Tier 2,Supermarket Type2,14.56,0.286,128.02,2009.0,3496.2
FD762,Low Sugar,Frozen Foods,OUT001,High,Tier 2,Supermarket Type1,10.91,0.021,224.28,1987.0,4640.51
FD4417,Low Sugar,Dairy,OUT001,High,Tier 2,Supermarket Type1,15.18,0.052,187.91,1987.0,4860.93
NC4616,No Sugar,Health and Hygiene,OUT004,Medium,Tier 2,Supermarket Type2,11.47,0.041,116.17,2009.0,2555.32
FD2712,Low Sugar,Meat,OUT004,Medium,Tier 2,Supermarket Type2,12.53,0.036,131.28,2009.0,3103.81
NC383,No Sugar,Household,OUT002,Small,Tier 3,Food Mart,15.27,0.125,136.16,1998.0,719.31
FD3138,Low Sugar,Fruits and Vegetables,OUT001,High,Tier 2,Supermarket Type1,14.77,0.023,189.19,1987.0,4795.13
FD5629,Low Sugar,Meat,OUT004,Medium,Tier 2,Supermarket Type2,11.83,0.228,126.53,2009.0,2848.73
FD2869,Low Sugar,Snack Foods,OUT004,Medium,Tier 2,Supermarket Type2,12.78,0.128,171.78,2009.0,3988.7
FD1304,Low Sugar,Meat,OUT002,Small,Tier 3,Food Mart,8.26,0.042,94.14,1998.0,1377.41
NC5369,No Sugar,Health and Hygiene,OUT002,Small,Tier 3,Food Mart,10.86,0.151,90.61,1998.0,1893.65
NC1497,No Sugar,Health and Hygiene,OUT004,Medium,Tier 2,Supermarket Type2,14.19,0.088,129.3,2009.0,3438.26
DR860,Low Sugar,Soft Drinks,OUT004,Medium,Tier 2,Supermarket Type2,13.14,0.12,161.09,2009.0,3849.95
FD403,Low Sugar,Frozen Foods,OUT002,Small,Tier 3,Food Mart,15.04,0.037,156.91,1998.0,1683.4
NC8371,No Sugar,Health and Hygiene,OUT002,Small,Tier 3,Food Mart,8.67,0.014,131.35,1998.0,2233.33
FD1508,Low Sugar,Frozen Foods,OUT001,High,Tier 2,Supermarket Type1,10.05,0.077,126.66,1987.0,2449.3
FD6080,Regular,Frozen Foods,OUT004,Medium,Tier 2,Supermarket Type2,11.37,0.07,137.1,2009.0,2959.87
NC6843,No Sugar,Health and Hygiene,OUT004,Medium,Tier 2,Supermarket Type2,11.89,0.03,122.19,2009.0,2771.67
NC5900,No Sugar,Health and Hygiene,OUT001,High,Tier 2,Supermarket Type1,12.81,0.079,175.24,1987.0,4066.31
FD3611,Low Sugar,Baking Goods,OUT002,Small,Tier 3,Food Mart,8.97,0.094,67.06,1998.0,985.73
FD2110,Regular,Canned,OUT001,High,Tier 2,Supermarket Type1,10.12,0.175,120.08,1987.0,2328.29
NC2507,No Sugar,Household,OUT004,Medium,Tier 2,Supermarket Type2,12.81,0.16,159.7,2009.0,3748.37
FD6999,Regular,Meat,OUT001,High,Tier 2,Supermarket Type1,12.79,0.082,199.42,1987.0,4555.53
FD499,Low Sugar,Baking Goods,OUT002,Small,Tier 3,Food Mart,15.76,0.103,188.46,1998.0,2221.71
FD4608,Regular,Frozen Foods,OUT004,Medium,Tier 2,Supermarket Type2,12.22,0.082,172.53,2009.0,3877.11
FD4869,Regular,Fruits and Vegetables,OUT002,Small,Tier 3,Food Mart,12.1,0.019,93.81,1998.0,2239.64
FD7927,Regular,Frozen Foods,OUT001,High,Tier 2,Supermarket Type1,13.17,0.017,208.86,1987.0,4835.87
FD5248,Regular,Fruits and Vegetables,OUT004,Medium,Tier 2,Supermarket Type2,13.47,0.017,102.19,2009.0,2720.11
FD8608,Regular,Canned,OUT004,Medium,Tier 2,Supermarket Type2,14.18,0.139,131.76,2009.0,3486.87
DR3737,Regular,Soft Drinks,OUT004,Medium,Tier 2,Supermarket Type2,13.26,0.029,120.55,2009.0,3048.43
FD2167,Regular,Breads,OUT002,Small,Tier 3,Food Mart,7.66,0.04,93.85,1998.0,1235.63
FD1345,Low Sugar,Snack Foods,OUT002,Small,Tier 3,Food Mart,5.81,0.053,68.8,1998.0,306.11
FD3090,Low Sugar,Breads,OUT002,Small,Tier 3,Food Mart,7.0,0.081,142.49,1998.0,2082.88
FD4173,Low Sugar,Frozen Foods,OUT001,High,Tier 2,Supermarket Type1,14.03,0.017,198.32,1987.0,4814.17
NC4198,No Sugar,Others,OUT004,Medium,Tier 2,Supermarket Type2,12.14,0.115,149.21,2009.0,3381.14
FD1057,Regular,Frozen Foods,OUT004,Medium,Tier 2,Supermarket Type2,11.62,0.055,156.79,2009.0,3420.0
FD4256,Low Sugar,Frozen Foods,OUT004,Medium,Tier 2,Supermarket Type2,14.24,0.135,101.53,2009.0,2881.17
FD8399,Regular,Snack Foods,OUT002,Small,Tier 3,Food Mart,8.85,0.034,104.51,1998.0,1722.9
NC7631,No Sugar,Household,OUT004,Medium,Tier 2,Supermarket Type2,14.22,0.077,145.91,2009.0,3785.24
FD7669,Regular,Dairy,OUT002,Small,Tier 3,Food Mart,10.21,0.013,107.51,1998.0,2092.59
NC6395,No Sugar,Household,OUT004,Medium,Tier 2,Supermarket Type2,10.77,0.091,131.52,2009.0,2709.24
FD999,Regular,Canned,OUT004,Medium,Tier 2,Supermarket Type2,14.67,0.072,150.17,2009.0,3973.91
FD6182,Low Sugar,Fruits and Vegetables,OUT004,Medium,Tier 2,Supermarket Type2,13.42,0.131,136.64,2009.0,3415.11
NC7542,No Sugar,Household,OUT002,Small,Tier 3,Food Mart,8.51,0.1,121.64,1998.0,1996.83
FD2083,Low Sugar,Snack Foods,OUT004,Medium,Tier 2,Supermarket Type2,12.77,0.029,141.33,2009.0,3363.97
FD6535,Low Sugar,Frozen Foods,OUT002,Small,Tier 3,Food Mart,8.26,0.116,94.18,1998.0,1378.73
FD1980,Regular,Fruits and Vegetables,OUT004,Medium,Tier 2,Supermarket Type2,14.32,0.128,149.82,2009.0,3886.98
FD3073,Regular,Fruits and Vegetables,OUT004,Medium,Tier 2,Supermarket Type2,12.26,0.024,133.16,2009.0,3079.64
FD3749,Regular,Canned,OUT004,Medium,Tier 2,Supermarket Type2,13.34,0.03,160.5,2009.0,3884.64
FD742,Low Sugar,Fruits and Vegetables,OUT002,Small,Tier 3,Food Mart,12.76,0.032,82.59,1998.0,2159.2
FD4596,Regular,Canned,OUT004,Medium,Tier 2,Supermarket Type2,13.45,0.032,148.69,2009.0,3668.61
FD2429,Low Sugar,Baking Goods,OUT001,High,Tier 2,Supermarket Type1,14.32,0.013,182.57,1987.0,4556.25
NC4725,No Sugar,Household,OUT004,Medium,Tier 2,Supermarket Type2,14.52,0.029,152.44,2009.0,3984.92
FD2000,Low Sugar,Starchy Foods,OUT004,Medium,Tier 2,Supermarket Type2,10.46,0.115,181.17,2009.0,3655.17
FD6020,Low Sugar,Snack Foods,OUT001,High,Tier 2,Supermarket Type1,14.27,0.01,184.71,1987.0,4590.05
FD8527,Regular,Baking Goods,OUT001,High,Tier 2,Supermarket Type1,14.29,0.097,186.0,1987.0,4621.59
FD5109,Low Sugar,Fruits and Vegetables,OUT004,Medium,Tier 2,Supermarket Type2,10.11,0.036,139.32,2009.0,2719.85
FD3809,Low Sugar,Dairy,OUT004,Medium,Tier 2,Supermarket Type2,12.32,0.031,117.31,2009.0,2770.11
FD7388,Low Sugar,Snack Foods,OUT004,Medium,Tier 2,Supermarket Type2,13.14,0.016,136.33,2009.0,3345.0
DR5880,Low Sugar,Soft Drinks,OUT002,Small,Tier 3,Food Mart,10.84,0.024,109.08,1998.0,2267.02
FD1353,Low Sugar,Dairy,OUT002,Small,Tier 3,Food Mart,10.13,0.015,93.1,1998.0,1780.68
FD8522,Regular,Frozen Foods,OUT001,High,Tier 2,Supermarket Type1,15.74,0.17,172.77,1987.0,4678.07
FD755,Low Sugar,Frozen Foods,OUT004,Medium,Tier 2,Supermarket Type2,13.34,0.155,138.51,2009.0,3434.7
FD4697,Regular,Snack Foods,OUT004,Medium,Tier 2,Supermarket Type2,12.4,0.122,132.64,2009.0,3101.99
FD4788,Regular,Frozen Foods,OUT001,High,Tier 2,Supermarket Type1,14.52,0.044,186.51,1987.0,4683.72
FD402,Low Sugar,Snack Foods,OUT002,Small,Tier 3,Food Mart,14.73,0.143,165.1,1998.0,1160.47
FD267,Low Sugar,Breakfast,OUT002,Small,Tier 3,Food Mart,8.9,0.021,98.71,1998.0,721.25
FD2330,Regular,Dairy,OUT004,Medium,Tier 2,Supermarket Type2,13.27,0.132,120.71,2009.0,3053.49
FD1278,Low Sugar,Breakfast,OUT004,Medium,Tier 2,Supermarket Type2,13.25,0.115,142.45,2009.0,3493.76
FD3025,Low Sugar,Dairy,OUT001,High,Tier 2,Supermarket Type1,14.12,0.014,191.81,1987.0,4700.31
FD4825,Low Sugar,Snack Foods,OUT004,Medium,Tier 2,Supermarket Type2,15.72,0.076,103.46,2009.0,3253.99
NC6042,No Sugar,Household,OUT001,High,Tier 2,Supermarket Type1,14.92,0.171,152.48,1987.0,4076.11
NC7105,No Sugar,Health and Hygiene,OUT002,Small,Tier 3,Food Mart,9.29,0.021,67.99,1998.0,1076.93
FD5546,Regular,Fruits and Vegetables,OUT004,Medium,Tier 2,Supermarket Type2,13.36,0.06,143.84,2009.0,3548.21
NC329,No Sugar,Household,OUT002,Small,Tier 3,Food Mart,10.46,0.118,155.19,1998.0,1112.21
FD1316,Low Sugar,Seafood,OUT004,Medium,Tier 2,Supermarket Type2,12.85,0.038,124.41,2009.0,3035.36
DR2510,Regular,Soft Drinks,OUT004,Medium,Tier 2,Supermarket Type2,13.86,0.1,139.18,2009.0,3564.48
FD4088,Low Sugar,Snack Foods,OUT004,Medium,Tier 2,Supermarket Type2,11.28,0.04,122.68,2009.0,2645.02
FD2791,Low Sugar,Frozen Foods,OUT004,Medium,Tier 2,Supermarket Type2,12.38,0.039,153.26,2009.0,3518.75
FD5972,Low Sugar,Dairy,OUT004,Medium,Tier 2,Supermarket Type2,12.35,0.038,117.82,2009.0,2787.17
FD1277,Low Sugar,Frozen Foods,OUT001,High,Tier 2,Supermarket Type1,15.11,0.063,188.83,1987.0,4864.38
FD1332,Low Sugar,Snack Foods,OUT002,Small,Tier 3,Food Mart,9.02,0.108,106.93,1998.0,1812.78
FD5936,Low Sugar,Starchy Foods,OUT004,Medium,Tier 2,Supermarket Type2,10.64,0.144,150.91,2009.0,3077.83
NC4791,No Sugar,Household,OUT004,Medium,Tier 2,Supermarket Type2,12.44,0.068,143.3,2009.0,3328.75
FD7161,Low Sugar,Canned,OUT001,High,Tier 2,Supermarket Type1,12.48,0.076,179.08,1987.0,4069.64
DR862,Low Sugar,Hard Drinks,OUT004,Medium,Tier 2,Supermarket Type2,12.89,0.059,148.99,2009.0,3547.69
NC1946,No Sugar,Health and Hygiene,OUT004,Medium,Tier 2,Supermarket Type2,10.12,0.039,152.58,2009.0,2995.26
FD5550,Low Sugar,Dairy,OUT004,Medium,Tier 2,Supermarket Type2,12.29,0.012,165.69,2009.0,3752.62
FD6957,Low Sugar,Breads,OUT004,Medium,Tier 2,Supermarket Type2,11.85,0.137,172.17,2009.0,3787.16
NC1911,No Sugar,Household,OUT004,Medium,Tier 2,Supermarket Type2,12.33,0.212,140.7,2009.0,3250.28
FD5340,Regular,Meat,OUT004,Medium,Tier 2,Supermarket Type2,13.25,0.05,102.22,2009.0,2671.58
FD5738,Low Sugar,Frozen Foods,OUT001,High,Tier 2,Supermarket Type1,12.84,0.024,201.1,1987.0,4602.44
DR828,Regular,Soft Drinks,OUT001,High,Tier 2,Supermarket Type1,15.18,0.051,182.44,1987.0,4748.93
FD4247,Low Sugar,Starchy Foods,OUT001,High,Tier 2,Supermarket Type1,12.65,0.078,98.99,1987.0,2469.02
NC6210,No Sugar,Household,OUT004,Medium,Tier 2,Supermarket Type2,11.85,0.083,131.37,2009.0,2951.49
FD927,Low Sugar,Fruits and Vegetables,OUT004,Medium,Tier 2,Supermarket Type2,11.91,0.032,135.88,2009.0,3056.99
FD780,Low Sugar,Baking Goods,OUT002,Small,Tier 3,Food Mart,9.59,0.068,105.51,1998.0,1910.61
FD7292,Low Sugar,Dairy,OUT001,High,Tier 2,Supermarket Type1,15.18,0.104,154.63,1987.0,4180.54
FD8004,Low Sugar,Snack Foods,OUT002,Small,Tier 3,Food Mart,9.68,0.053,116.01,1998.0,2147.12
FD3397,Low Sugar,Dairy,OUT004,Medium,Tier 2,Supermarket Type2,12.72,0.04,146.46,2009.0,3456.49
NC6533,No Sugar,Household,OUT002,Small,Tier 3,Food Mart,9.92,0.071,100.6,1998.0,1885.63
DR7640,Regular,Soft Drinks,OUT004,Medium,Tier 2,Supermarket Type2,13.2,0.056,157.43,2009.0,3788.64
FD5164,Low Sugar,Baking Goods,OUT002,Small,Tier 3,Food Mart,8.72,0.006,124.98,1998.0,2113.03
FD5768,Low Sugar,Frozen Foods,OUT001,High,Tier 2,Supermarket Type1,12.85,0.009,174.84,1987.0,4066.6
FD5594,Low Sugar,Snack Foods,OUT004,Medium,Tier 2,Supermarket Type2,10.56,0.025,161.71,2009.0,3280.84
FD7403,Regular,Dairy,OUT004,Medium,Tier 2,Supermarket Type2,9.92,0.121,138.47,2009.0,2659.91
FD3117,Regular,Dairy,OUT004,Medium,Tier 2,Supermarket Type2,12.6,0.037,154.94,2009.0,3603.04
FD7280,Low Sugar,Meat,OUT002,Small,Tier 3,Food Mart,9.72,0.162,113.3,1998.0,2101.11
FD8156,Low Sugar,Fruits and Vegetables,OUT004,Medium,Tier 2,Supermarket Type2,11.35,0.036,129.96,2009.0,2808.9
FD3571,Low Sugar,Frozen Foods,OUT004,Medium,Tier 2,Supermarket Type2,15.1,0.067,122.59,2009.0,3505.43
FD3557,Low Sugar,Fruits and Vegetables,OUT004,Medium,Tier 2,Supermarket Type2,11.96,0.088,156.95,2009.0,3499.68
FD1437,Low Sugar,Fruits and Vegetables,OUT004,Medium,Tier 2,Supermarket Type2,13.51,0.191,142.7,2009.0,3558.56
FD7145,Regular,Snack Foods,OUT004,Medium,Tier 2,Supermarket Type2,10.45,0.021,161.39,2009.0,3248.31
FD7973,Low Sugar,Fruits and Vegetables,OUT002,Small,Tier 3,Food Mart,13.52,0.036,77.36,1998.0,2222.64
NC7837,No Sugar,Health and Hygiene,OUT004,Medium,Tier 2,Supermarket Type2,14.44,0.038,151.68,2009.0,3951.74
NC118,No Sugar,Health and Hygiene,OUT002,Small,Tier 3,Food Mart,10.72,0.011,118.86,1998.0,734.99
FD5803,Low Sugar,Frozen Foods,OUT004,Medium,Tier 2,Supermarket Type2,12.56,0.062,160.78,2009.0,3713.65
FD8600,Low Sugar,Meat,OUT004,Medium,Tier 2,Supermarket Type2,11.08,0.073,151.76,2009.0,3193.59
FD4950,Regular,Snack Foods,OUT002,Small,Tier 3,Food Mart,8.57,0.064,81.53,1998.0,1189.81
FD7691,Low Sugar,Snack Foods,OUT001,High,Tier 2,Supermarket Type1,15.31,0.123,146.65,1987.0,4046.22
FD7978,Low Sugar,Frozen Foods,OUT004,Medium,Tier 2,Supermarket Type2,10.99,0.126,148.23,2009.0,3100.94
FD6665,Regular,Frozen Foods,OUT004,Medium,Tier 2,Supermarket Type2,12.69,0.184,146.86,2009.0,3458.09
NC886,No Sugar,Health and Hygiene,OUT001,High,Tier 2,Supermarket Type1,12.34,0.034,95.69,1987.0,2332.78
FD3204,Regular,Fruits and Vegetables,OUT002,Small,Tier 3,Food Mart,7.35,0.013,54.69,1998.0,366.37
FD6673,Low Sugar,Snack Foods,OUT004,Medium,Tier 2,Supermarket Type2,12.56,0.038,152.41,2009.0,3541.36
FD4307,Low Sugar,Canned,OUT002,Small,Tier 3,Food Mart,9.55,0.108,92.17,1998.0,1630.26
FD4368,Regular,Dairy,OUT002,Small,Tier 3,Food Mart,8.05,0.018,120.86,1998.0,1877.48
NC5554,No Sugar,Household,OUT002,Small,Tier 3,Food Mart,8.58,0.086,131.62,1998.0,2217.38
NC5183,No Sugar,Household,OUT004,Medium,Tier 2,Supermarket Type2,14.14,0.064,119.88,2009.0,3233.7
FD4844,Low Sugar,Baking Goods,OUT002,Small,Tier 3,Food Mart,8.77,0.164,122.41,1998.0,2071.93
FD6693,Low Sugar,Dairy,OUT004,Medium,Tier 2,Supermarket Type2,12.98,0.044,155.83,2009.0,3706.21
FD2911,Regular,Fruits and Vegetables,OUT002,Small,Tier 3,Food Mart,9.2,0.093,102.51,1998.0,1762.42
FD1779,Low Sugar,Fruits and Vegetables,OUT004,Medium,Tier 2,Supermarket Type2,11.38,0.086,168.02,2009.0,3593.93
NC4189,No Sugar,Health and Hygiene,OUT004,Medium,Tier 2,Supermarket Type2,11.73,0.14,177.42,2009.0,3867.48
NC527,No Sugar,Health and Hygiene,OUT004,Medium,Tier 2,Supermarket Type2,12.37,0.154,107.55,2009.0,5170.08
DR368,Regular,Soft Drinks,OUT002,Small,Tier 3,Food Mart,10.33,0.054,151.65,1998.0,1185.08
NC7943,No Sugar,Household,OUT004,Medium,Tier 2,Supermarket Type2,10.9,0.067,178.42,2009.0,3698.71
FD859,Low Sugar,Canned,OUT002,Small,Tier 3,Food Mart,10.21,0.081,97.17,1998.0,1880.46
NC3861,No Sugar,Health and Hygiene,OUT004,Medium,Tier 2,Supermarket Type2,14.3,0.064,112.68,2009.0,3122.63
FD6544,Regular,Baking Goods,OUT004,Medium,Tier 2,Supermarket Type2,10.86,0.1,130.03,2009.0,2700.83
FD4635,Low Sugar,Snack Foods,OUT001,High,Tier 2,Supermarket Type1,15.99,0.038,164.5,1987.0,4563.96
FD1646,Regular,Snack Foods,OUT004,Medium,Tier 2,Supermarket Type2,12.92,0.013,117.1,2009.0,2902.13
FD3933,Low Sugar,Dairy,OUT004,Medium,Tier 2,Supermarket Type2,10.78,0.08,155.54,2009.0,3203.19
FD205,Low Sugar,Seafood,OUT002,Small,Tier 3,Food Mart,8.07,0.027,110.26,1998.0,2295.72
FD7601,Low Sugar,Frozen Foods,OUT004,Medium,Tier 2,Supermarket Type2,12.22,0.034,130.54,2009.0,3019.09
FD628,Low Sugar,Dairy,OUT001,High,Tier 2,Supermarket Type1,13.46,0.092,193.75,1987.0,4592.18
FD4073,Low Sugar,Dairy,OUT004,Medium,Tier 2,Supermarket Type2,14.06,0.086,145.23,2009.0,3734.62
FD5240,Low Sugar,Canned,OUT004,Medium,Tier 2,Supermarket Type2,12.04,0.093,166.15,2009.0,3705.28
FD6448,Low Sugar,Fruits and Vegetables,OUT004,Medium,Tier 2,Supermarket Type2,14.57,0.138,147.77,2009.0,3902.7
FD4456,Low Sugar,Snack Foods,OUT001,High,Tier 2,Supermarket Type1,13.11,0.075,170.56,1987.0,4037.65
DR8376,Low Sugar,Soft Drinks,OUT001,High,Tier 2,Supermarket Type1,15.64,0.054,146.74,1987.0,4121.36
DR5587,Regular,Hard Drinks,OUT004,Medium,Tier 2,Supermarket Type2,12.17,0.143,109.71,2009.0,2580.16
FD1815,Low Sugar,Frozen Foods,OUT004,Medium,Tier 2,Supermarket Type2,13.08,0.109,129.29,2009.0,3187.67
NC2226,No Sugar,Health and Hygiene,OUT004,Medium,Tier 2,Supermarket Type2,11.81,0.039,155.01,2009.0,3425.94
FD2833,Low Sugar,Fruits and Vegetables,OUT004,Medium,Tier 2,Supermarket Type2,13.07,0.088,121.25,2009.0,3019.58
FD7831,reg,Canned,OUT004,Medium,Tier 2,Supermarket Type2,10.54,0.067,172.61,2009.0,3500.18
FD532,Low Sugar,Meat,OUT002,Small,Tier 3,Food Mart,15.31,0.143,203.02,1998.0,1472.54
NC374,No Sugar,Health and Hygiene,OUT002,Small,Tier 3,Food Mart,14.64,0.05,176.55,1998.0,478.24
FD6207,Low Sugar,Fruits and Vegetables,OUT004,Medium,Tier 2,Supermarket Type2,12.26,0.058,132.85,2009.0,3074.25
FD7457,Low Sugar,Meat,OUT004,Medium,Tier 2,Supermarket Type2,10.95,0.063,127.32,2009.0,2665.67
FD322,reg,Baking Goods,OUT004,Medium,Tier 2,Supermarket Type2,11.21,0.116,153.1,2009.0,2782.79
NC2148,No Sugar,Health and Hygiene,OUT004,Medium,Tier 2,Supermarket Type2,12.49,0.019,133.8,2009.0,3145.81
FD5444,Low Sugar,Dairy,OUT004,Medium,Tier 2,Supermarket Type2,9.57,0.072,148.56,2009.0,2788.17
NC4566,No Sugar,Household,OUT004,Medium,Tier 2,Supermarket Type2,13.16,0.142,142.18,2009.0,3469.66
FD6887,Low Sugar,Frozen Foods,OUT004,Medium,Tier 2,Supermarket Type2,13.0,0.042,146.99,2009.0,3530.16
FD8336,Regular,Fruits and Vegetables,OUT004,Medium,Tier 2,Supermarket Type2,13.36,0.102,143.48,2009.0,3539.31
FD6347,Low Sugar,Baking Goods,OUT004,Medium,Tier 2,Supermarket Type2,12.48,0.021,143.52,2009.0,3343.31
FD7152,Low Sugar,Frozen Foods,OUT004,Medium,Tier 2,Supermarket Type2,13.08,0.096,162.83,2009.0,3873.37
NC7012,No Sugar,Household,OUT001,High,Tier 2,Supermarket Type1,15.25,0.176,152.71,1987.0,4157.51
FD2292,Low Sugar,Frozen Foods,OUT004,Medium,Tier 2,Supermarket Type2,13.06,0.026,161.47,2009.0,3840.28
FD5866,Low Sugar,Snack Foods,OUT001,High,Tier 2,Supermarket Type1,14.4,0.089,187.93,1987.0,4684.86
FD1988,Low Sugar,Snack Foods,OUT004,Medium,Tier 2,Supermarket Type2,10.2,0.08,145.66,2009.0,2871.58
FD3052,Low Sugar,Snack Foods,OUT004,Medium,Tier 2,Supermarket Type2,13.29,0.032,152.63,2009.0,3712.24
FD2196,Low Sugar,Snack Foods,OUT004,Medium,Tier 2,Supermarket Type2,13.6,0.08,127.68,2009.0,3271.17
NC8574,No Sugar,Health and Hygiene,OUT001,High,Tier 2,Supermarket Type1,10.64,0.117,116.07,1987.0,2364.68
FD7426,Low Sugar,Snack Foods,OUT004,Medium,Tier 2,Supermarket Type2,14.43,0.075,142.59,2009.0,3763.97
FD6805,Low Sugar,Meat,OUT004,Medium,Tier 2,Supermarket Type2,12.06,0.014,130.85,2009.0,2987.85
FD6135,Low Sugar,Breads,OUT004,Medium,Tier 2,Supermarket Type2,12.63,0.039,124.77,2009.0,2991.53
FD7874,Low Sugar,Frozen Foods,OUT004,Medium,Tier 2,Supermarket Type2,14.43,0.012,147.86,2009.0,3871.21
FD4476,Regular,Canned,OUT004,Medium,Tier 2,Supermarket Type2,11.73,0.071,132.08,2009.0,2938.0
FD6935,Low Sugar,Fruits and Vegetables,OUT002,Small,Tier 3,Food Mart,8.06,0.049,129.72,1998.0,2059.98
DR778,Low Sugar,Soft Drinks,OUT004,Medium,Tier 2,Supermarket Type2,11.13,0.053,124.54,2009.0,2649.25
FD3949,Low Sugar,Seafood,OUT004,Medium,Tier 2,Supermarket Type2,11.42,0.029,138.95,2009.0,3009.36
FD4919,Low Sugar,Snack Foods,OUT004,Medium,Tier 2,Supermarket Type2,13.71,0.066,130.69,2009.0,3357.36
DR3582,Low Sugar,Soft Drinks,OUT004,Medium,Tier 2,Supermarket Type2,13.86,0.061,152.03,2009.0,3827.48
FD5005,Low Sugar,Baking Goods,OUT004,Medium,Tier 2,Supermarket Type2,10.96,0.043,123.47,2009.0,2589.12
DR994,Low Sugar,Soft Drinks,OUT004,Medium,Tier 2,Supermarket Type2,12.47,0.033,175.32,2009.0,3991.24
FD8453,Low Sugar,Canned,OUT002,Small,Tier 3,Food Mart,7.32,0.09,110.03,1998.0,1491.13
FD3636,Regular,Fruits and Vegetables,OUT004,Medium,Tier 2,Supermarket Type2,15.06,0.118,132.98,2009.0,3708.73
FD3287,Low Sugar,Dairy,OUT001,High,Tier 2,Supermarket Type1,14.7,0.178,157.63,1987.0,4133.49
FD1865,Regular,Baking Goods,OUT004,Medium,Tier 2,Supermarket Type2,14.79,0.091,147.9,2009.0,3954.93
FD5509,Low Sugar,Fruits and Vegetables,OUT004,Medium,Tier 2,Supermarket Type2,12.99,0.083,113.91,2009.0,2851.45
NC2899,No Sugar,Household,OUT001,High,Tier 2,Supermarket Type1,15.38,0.041,168.62,1987.0,4512.31
NC2230,No Sugar,Household,OUT002,Small,Tier 3,Food Mart,9.56,0.098,94.4,1998.0,1677.42
NC856,No Sugar,Others,OUT004,Medium,Tier 2,Supermarket Type2,13.24,0.168,133.2,2009.0,3303.62
FD599,Low Sugar,Frozen Foods,OUT004,Medium,Tier 2,Supermarket Type2,11.57,0.042,129.84,2009.0,3563.66
NC5631,No Sugar,Household,OUT004,Medium,Tier 2,Supermarket Type2,11.81,0.104,150.43,2009.0,3332.07
FD6902,Regular,Canned,OUT001,High,Tier 2,Supermarket Type1,14.46,0.113,187.74,1987.0,4694.28
FD1772,Low Sugar,Snack Foods,OUT004,Medium,Tier 2,Supermarket Type2,11.11,0.025,157.92,2009.0,3326.65
FD5636,Low Sugar,Fruits and Vegetables,OUT004,Medium,Tier 2,Supermarket Type2,10.76,0.147,145.21,2009.0,2988.59
FD2534,Low Sugar,Dairy,OUT002,Small,Tier 3,Food Mart,8.28,0.032,119.61,1998.0,1903.39
NC1064,No Sugar,Household,OUT004,Medium,Tier 2,Supermarket Type2,12.51,0.073,169.48,2009.0,3880.61
FD7111,Regular,Fruits and Vegetables,OUT004,Medium,Tier 2,Supermarket Type2,13.28,0.104,143.17,2009.0,3515.13
DR121,Low Sugar,Soft Drinks,OUT004,Medium,Tier 2,Supermarket Type2,10.3,0.037,154.46,2009.0,2841.59
FD3954,Regular,Dairy,OUT004,Medium,Tier 2,Supermarket Type2,13.88,0.042,138.31,2009.0,3552.81
FD2724,Low Sugar,Dairy,OUT004,Medium,Tier 2,Supermarket Type2,12.91,0.063,159.11,2009.0,3758.47
FD6206,Low Sugar,Meat,OUT002,Small,Tier 3,Food Mart,8.52,0.055,105.69,1998.0,1672.61
NC7264,No Sugar,Others,OUT004,Medium,Tier 2,Supermarket Type2,10.94,0.015,161.22,2009.0,3357.47
NC7029,No Sugar,Household,OUT004,Medium,Tier 2,Supermarket Type2,12.53,0.113,139.39,2009.0,3268.65
NC7174,No Sugar,Health and Hygiene,OUT004,Medium,Tier 2,Supermarket Type2,11.25,0.016,148.84,2009.0,3174.35
FD8419,Low Sugar,Snack Foods,OUT004,Medium,Tier 2,Supermarket Type2,11.82,0.152,123.64,2009.0,2787.21
NC1924,No Sugar,Others,OUT001,High,Tier 2,Supermarket Type1,14.58,0.044,178.61,1987.0,4535.43
NC2591,No Sugar,Others,OUT001,High,Tier 2,Supermarket Type1,14.04,0.065,189.59,1987.0,4637.59
FD6002,Low Sugar,Breakfast,OUT004,Medium,Tier 2,Supermarket Type2,12.09,0.108,146.57,2009.0,3315.78
FD99,Low Sugar,Fruits and Vegetables,OUT004,Medium,Tier 2,Supermarket Type2,11.3,0.174,121.44,2009.0,1578.54
NC6557,No Sugar,Household,OUT004,Medium,Tier 2,Supermarket Type2,13.02,0.09,149.58,2009.0,3588.46
FD1502,Low Sugar,Baking Goods,OUT004,Medium,Tier 2,Supermarket Type2,12.93,0.029,150.47,2009.0,3586.41
FD5837,Low Sugar,Fruits and Vegetables,OUT002,Small,Tier 3,Food Mart,9.41,0.085,118.3,1998.0,2132.52
NC6686,No Sugar,Household,OUT004,Medium,Tier 2,Supermarket Type2,13.52,0.026,112.97,2009.0,2951.23
FD6515,Low Sugar,Fruits and Vegetables,OUT004,Medium,Tier 2,Supermarket Type2,14.38,0.009,114.96,2009.0,3187.05
FD642,Regular,Frozen Foods,OUT004,Medium,Tier 2,Supermarket Type2,11.6,0.054,123.33,2009.0,2729.42
FD5160,Regular,Canned,OUT004,Medium,Tier 2,Supermarket Type2,12.5,0.081,135.26,2009.0,3177.05
FD3221,Regular,Fruits and Vegetables,OUT004,Medium,Tier 2,Supermarket Type2,12.9,0.154,146.68,2009.0,3502.55
FD7362,Low Sugar,Dairy,OUT004,Medium,Tier 2,Supermarket Type2,12.74,0.05,152.27,2009.0,3580.76
FD5134,Low Sugar,Frozen Foods,OUT002,Small,Tier 3,Food Mart,10.47,0.038,108.94,1998.0,2180.41
NC5153,No Sugar,Health and Hygiene,OUT004,Medium,Tier 2,Supermarket Type2,11.11,0.297,185.72,2009.0,3896.79
DR5458,Low Sugar,Soft Drinks,OUT004,Medium,Tier 2,Supermarket Type2,12.75,0.093,116.25,2009.0,2845.42
NC7384,No Sugar,Others,OUT004,Medium,Tier 2,Supermarket Type2,9.77,0.084,175.72,2009.0,3387.81
FD8509,Low Sugar,Fruits and Vegetables,OUT004,Medium,Tier 2,Supermarket Type2,13.91,0.022,132.72,2009.0,3445.66
FD6886,Low Sugar,Fruits and Vegetables,OUT001,High,Tier 2,Supermarket Type1,12.72,0.094,202.75,1987.0,4609.12
FD2525,Regular,Baking Goods,OUT002,Small,Tier 3,Food Mart,11.29,0.084,96.76,1998.0,2117.59
FD6934,Low Sugar,Snack Foods,OUT004,Medium,Tier 2,Supermarket Type2,11.63,0.074,114.86,2009.0,2562.71
DR1467,Low Sugar,Soft Drinks,OUT004,Medium,Tier 2,Supermarket Type2,12.58,0.12,141.38,2009.0,3320.87
FD6393,Low Sugar,Canned,OUT004,Medium,Tier 2,Supermarket Type2,13.02,0.021,148.14,2009.0,3557.97
FD1937,Regular,Canned,OUT004,Medium,Tier 2,Supermarket Type2,11.77,0.076,150.59,2009.0,3327.04
FD203,Regular,Breads,OUT001,High,Tier 2,Supermarket Type1,9.35,0.126,111.24,1987.0,2778.51
FD7568,Low Sugar,Snack Foods,OUT001,High,Tier 2,Supermarket Type1,11.59,0.021,192.9,1987.0,4151.13
FD187,Low Sugar,Dairy,OUT002,Small,Tier 3,Food Mart,7.94,0.014,101.99,1998.0,1422.41
DR1883,Low Sugar,Hard Drinks,OUT002,Small,Tier 3,Food Mart,10.78,0.154,106.5,1998.0,2200.21
FD7281,Low Sugar,Frozen Foods,OUT004,Medium,Tier 2,Supermarket Type2,14.73,0.039,131.62,2009.0,3608.54
FD1849,Low Sugar,Dairy,OUT001,High,Tier 2,Supermarket Type1,9.63,0.011,125.43,1987.0,2327.55
FD6971,Low Sugar,Fruits and Vegetables,OUT004,Medium,Tier 2,Supermarket Type2,11.6,0.034,113.54,2009.0,2530.35
FD2231,Low Sugar,Snack Foods,OUT004,Medium,Tier 2,Supermarket Type2,14.5,0.052,151.13,2009.0,3953.93
DR3844,Regular,Soft Drinks,OUT001,High,Tier 2,Supermarket Type1,11.38,0.062,191.36,1987.0,4073.7
FD3888,Low Sugar,Snack Foods,OUT004,Medium,Tier 2,Supermarket Type2,10.88,0.124,121.85,2009.0,2536.83
DR7816,Low Sugar,Soft Drinks,OUT002,Small,Tier 3,Food Mart,9.41,0.054,102.47,1998.0,1808.88
FD465,Regular,Baking Goods,OUT002,Small,Tier 3,Food Mart,12.87,0.091,115.2,1998.0,875.43
FD1294,Low Sugar,Starchy Foods,OUT004,Medium,Tier 2,Supermarket Type2,10.74,0.073,180.4,2009.0,3703.8
FD675,Low Sugar,Baking Goods,OUT004,Medium,Tier 2,Supermarket Type2,12.33,0.063,158.14,2009.0,3608.21
FD2937,Low Sugar,Fruits and Vegetables,OUT001,High,Tier 2,Supermarket Type1,15.37,0.035,174.97,1987.0,4638.92
NC275,No Sugar,Household,OUT002,Small,Tier 3,Food Mart,12.0,0.118,81.91,1998.0,1739.34
FD8107,Low Sugar,Dairy,OUT004,Medium,Tier 2,Supermarket Type2,11.1,0.008,153.22,2009.0,3228.92
FD7630,Low Sugar,Frozen Foods,OUT004,Medium,Tier 2,Supermarket Type2,12.61,0.074,106.46,2009.0,2614.54
FD7902,Low Sugar,Frozen Foods,OUT001,High,Tier 2,Supermarket Type1,10.67,0.084,119.7,1987.0,2445.56
FD6928,Low Sugar,Dairy,OUT004,Medium,Tier 2,Supermarket Type2,12.95,0.021,145.95,2009.0,3497.6
FD372,Regular,Fruits and Vegetables,OUT002,Small,Tier 3,Food Mart,12.28,0.132,133.39,1998.0,639.55
FD6280,Regular,Canned,OUT004,Medium,Tier 2,Supermarket Type2,11.69,0.076,132.88,2009.0,2945.62
DR2733,Low Sugar,Soft Drinks,OUT004,Medium,Tier 2,Supermarket Type2,11.25,0.048,140.27,2009.0,2996.83
NC3316,No Sugar,Household,OUT004,Medium,Tier 2,Supermarket Type2,11.67,0.039,167.34,2009.0,3646.79
FD7200,Regular,Frozen Foods,OUT001,High,Tier 2,Supermarket Type1,15.33,0.01,172.3,1987.0,4574.95
DR5017,Low Sugar,Hard Drinks,OUT004,Medium,Tier 2,Supermarket Type2,12.92,0.04,136.02,2009.0,3288.04
FD5620,Low Sugar,Snack Foods,OUT001,High,Tier 2,Supermarket Type1,9.05,0.033,136.87,1987.0,2432.22
FD2245,Low Sugar,Snack Foods,OUT004,Medium,Tier 2,Supermarket Type2,12.49,0.171,142.49,2009.0,3323.57
FD1927,Regular,Dairy,OUT001,High,Tier 2,Supermarket Type1,14.94,0.018,196.74,1987.0,4986.87
FD3106,Regular,Dairy,OUT004,Medium,Tier 2,Supermarket Type2,14.03,0.048,144.28,2009.0,3708.97
FD8489,Regular,Fruits and Vegetables,OUT004,Medium,Tier 2,Supermarket Type2,11.54,0.06,140.71,2009.0,3071.94
FD7042,Low Sugar,Dairy,OUT002,Small,Tier 3,Food Mart,9.13,0.113,114.59,1998.0,1993.25
FD4316,Low Sugar,Frozen Foods,OUT004,Medium,Tier 2,Supermarket Type2,12.41,0.029,118.15,2009.0,2808.07
FD4025,Regular,Meat,OUT004,Medium,Tier 2,Supermarket Type2,10.2,0.04,157.81,2009.0,3119.7
FD7490,Regular,Fruits and Vegetables,OUT004,Medium,Tier 2,Supermarket Type2,12.37,0.096,159.01,2009.0,3635.05
FD5446,Regular,Fruits and Vegetables,OUT004,Medium,Tier 2,Supermarket Type2,11.25,0.041,153.72,2009.0,3272.71
NC4936,No Sugar,Household,OUT001,High,Tier 2,Supermarket Type1,13.68,0.071,166.14,1987.0,4075.6
FD1059,Low Sugar,Snack Foods,OUT004,Medium,Tier 2,Supermarket Type2,12.28,0.026,154.38,2009.0,3518.7
FD7324,Regular,Meat,OUT004,Medium,Tier 2,Supermarket Type2,11.69,0.098,144.09,2009.0,3175.59
FD1918,Regular,Snack Foods,OUT004,Medium,Tier 2,Supermarket Type2,10.9,0.083,121.33,2009.0,2531.05
NC6581,No Sugar,Household,OUT001,High,Tier 2,Supermarket Type1,14.24,0.007,184.21,1987.0,4572.42
NC1160,No Sugar,Household,OUT001,High,Tier 2,Supermarket Type1,13.22,0.292,195.82,1987.0,4579.84
FD8281,Low Sugar,Snack Foods,OUT002,Small,Tier 3,Food Mart,7.86,0.064,90.25,1998.0,1208.89
FD1830,Low Sugar,Baking Goods,OUT001,High,Tier 2,Supermarket Type1,14.32,0.041,200.93,1987.0,4932.32
FD4708,Low Sugar,Frozen Foods,OUT002,Small,Tier 3,Food Mart,10.89,0.061,84.31,1998.0,1771.29
FD1942,Regular,Meat,OUT004,Medium,Tier 2,Supermarket Type2,11.99,0.032,164.02,2009.0,3651.79
NC5580,No Sugar,Health and Hygiene,OUT004,Medium,Tier 2,Supermarket Type2,13.39,0.175,160.31,2009.0,3892.72
FD4527,Regular,Fruits and Vegetables,OUT004,Medium,Tier 2,Supermarket Type2,12.92,0.027,131.58,2009.0,3198.09
NC1028,No Sugar,Health and Hygiene,OUT001,High,Tier 2,Supermarket Type1,13.37,0.053,174.51,1987.0,4178.6
FD1392,Low Sugar,Meat,OUT004,Medium,Tier 2,Supermarket Type2,15.37,0.033,134.74,2009.0,3816.49
FD182,Low Sugar,Fruits and Vegetables,OUT001,High,Tier 2,Supermarket Type1,7.99,0.033,86.79,1987.0,2915.49
FD4076,Regular,Canned,OUT002,Small,Tier 3,Food Mart,11.15,0.058,101.35,1998.0,2178.37
NC1739,No Sugar,Household,OUT004,Medium,Tier 2,Supermarket Type2,10.22,0.024,186.52,2009.0,3711.48
FD5813,Low Sugar,Fruits and Vegetables,OUT004,Medium,Tier 2,Supermarket Type2,13.05,0.04,103.08,2009.0,2642.99
FD7131,Low Sugar,Frozen Foods,OUT004,Medium,Tier 2,Supermarket Type2,13.01,0.052,144.55,2009.0,3484.17
FD5843,Regular,Baking Goods,OUT004,Medium,Tier 2,Supermarket Type2,13.45,0.106,141.05,2009.0,3511.42
NC4933,No Sugar,Household,OUT004,Medium,Tier 2,Supermarket Type2,9.4,0.011,141.15,2009.0,2598.06
FD1795,Regular,Baking Goods,OUT004,Medium,Tier 2,Supermarket Type2,11.45,0.052,154.54,2009.0,3335.9
NC1491,No Sugar,Household,OUT004,Medium,Tier 2,Supermarket Type2,9.72,0.047,139.61,2009.0,2639.27
FD7188,Low Sugar,Fruits and Vegetables,OUT004,Medium,Tier 2,Supermarket Type2,11.43,0.004,163.28,2009.0,3509.33
FD3917,Low Sugar,Fruits and Vegetables,OUT002,Small,Tier 3,Food Mart,8.86,0.173,110.44,1998.0,1847.19
NC2461,No Sugar,Household,OUT001,High,Tier 2,Supermarket Type1,10.93,0.082,109.82,1987.0,2301.97
FD6184,Low Sugar,Snack Foods,OUT004,Medium,Tier 2,Supermarket Type2,14.05,0.191,130.02,2009.0,3420.56
DR153,Low Sugar,Soft Drinks,OUT004,Medium,Tier 2,Supermarket Type2,11.58,0.119,146.45,2009.0,2372.03
NC6094,No Sugar,Health and Hygiene,OUT004,Medium,Tier 2,Supermarket Type2,13.95,0.141,136.71,2009.0,3534.48
NC3700,No Sugar,Household,OUT004,Medium,Tier 2,Supermarket Type2,12.52,0.052,141.3,2009.0,3306.31
NC4204,No Sugar,Household,OUT004,Medium,Tier 2,Supermarket Type2,14.74,0.067,142.5,2009.0,3832.21
FD4112,Regular,Fruits and Vegetables,OUT001,High,Tier 2,Supermarket Type1,11.34,0.03,196.92,1987.0,4178.27
NC6820,No Sugar,Health and Hygiene,OUT001,High,Tier 2,Supermarket Type1,15.72,0.028,147.45,1987.0,4155.54
FD5220,Low Sugar,Dairy,OUT004,Medium,Tier 2,Supermarket Type2,12.46,0.115,153.71,2009.0,3545.32
FD5029,Low Sugar,Dairy,OUT001,High,Tier 2,Supermarket Type1,10.95,0.013,111.91,1987.0,2349.15
FD3547,Low Sugar,Fruits and Vegetables,OUT004,Medium,Tier 2,Supermarket Type2,13.26,0.023,152.64,2009.0,3704.99
FD7563,Low Sugar,Canned,OUT004,Medium,Tier 2,Supermarket Type2,11.52,0.042,157.58,2009.0,3412.98
FD4819,Regular,Fruits and Vegetables,OUT001,High,Tier 2,Supermarket Type1,13.87,0.126,163.18,1987.0,4059.53
FD6875,Low Sugar,Dairy,OUT002,Small,Tier 3,Food Mart,9.56,0.145,116.65,1998.0,2133.46
NC4618,No Sugar,Health and Hygiene,OUT004,Medium,Tier 2,Supermarket Type2,16.46,0.041,121.88,2009.0,3799.77
NC4363,No Sugar,Household,OUT001,High,Tier 2,Supermarket Type1,11.92,0.125,106.3,1987.0,2454.49
FD727,Low Sugar,Canned,OUT004,Medium,Tier 2,Supermarket Type2,12.4,0.075,152.97,2009.0,3518.02
DR4921,Low Sugar,Hard Drinks,OUT004,Medium,Tier 2,Supermarket Type2,15.73,0.102,132.78,2009.0,3856.65
DR2441,Low Sugar,Hard Drinks,OUT004,Medium,Tier 2,Supermarket Type2,13.2,0.133,119.63,2009.0,3015.69
DR3161,Low Sugar,Hard Drinks,OUT004,Medium,Tier 2,Supermarket Type2,11.87,0.031,124.59,2009.0,2816.57
FD2812,Low Sugar,Meat,OUT001,High,Tier 2,Supermarket Type1,13.31,0.012,193.19,1987.0,4545.39
FD1560,Low Sugar,Dairy,OUT002,Small,Tier 3,Food Mart,9.16,0.047,123.95,1998.0,2192.38
NC8661,No Sugar,Health and Hygiene,OUT004,Medium,Tier 2,Supermarket Type2,9.57,0.015,144.1,2009.0,2696.29
NC1579,No Sugar,Household,OUT004,Medium,Tier 2,Supermarket Type2,14.06,0.042,141.08,2009.0,3650.56
DR2331,Low Sugar,Soft Drinks,OUT004,Medium,Tier 2,Supermarket Type2,11.27,0.031,154.9,2009.0,3301.18
FD5485,Low Sugar,Meat,OUT004,Medium,Tier 2,Supermarket Type2,10.76,0.025,186.22,2009.0,3827.47
NC7621,No Sugar,Household,OUT001,High,Tier 2,Supermarket Type1,15.38,0.011,186.3,1987.0,4872.9
FD4517,Low Sugar,Baking Goods,OUT001,High,Tier 2,Supermarket Type1,14.84,0.068,179.73,1987.0,4617.07
NC7872,No Sugar,Others,OUT004,Medium,Tier 2,Supermarket Type2,12.8,0.034,147.19,2009.0,3488.76
FD2394,Regular,Snack Foods,OUT004,Medium,Tier 2,Supermarket Type2,14.31,0.031,140.49,2009.0,3693.69
FD6996,Low Sugar,Snack Foods,OUT002,Small,Tier 3,Food Mart,9.81,0.086,94.37,1998.0,1734.38
FD5406,Low Sugar,Frozen Foods,OUT004,Medium,Tier 2,Supermarket Type2,13.23,0.021,107.87,2009.0,2783.36
FD2329,Low Sugar,Starchy Foods,OUT001,High,Tier 2,Supermarket Type1,13.25,0.2,198.32,1987.0,4637.97
NC4958,No Sugar,Household,OUT004,Medium,Tier 2,Supermarket Type2,11.56,0.098,122.14,2009.0,2697.95
FD1850,Low Sugar,Starchy Foods,OUT001,High,Tier 2,Supermarket Type1,12.62,0.007,181.96,1987.0,4159.59
FD7208,Regular,Dairy,OUT004,Medium,Tier 2,Supermarket Type2,14.05,0.113,140.02,2009.0,3625.22
FD6297,Low Sugar,Fruits and Vegetables,OUT004,Medium,Tier 2,Supermarket Type2,14.73,0.023,113.04,2009.0,3227.71
NC7482,No Sugar,Household,OUT004,Medium,Tier 2,Supermarket Type2,14.3,0.037,121.43,2009.0,3300.95
FD4907,Low Sugar,Fruits and Vegetables,OUT001,High,Tier 2,Supermarket Type1,13.32,0.027,167.54,1987.0,4023.18
FD290,Low Sugar,Starchy Foods,OUT001,High,Tier 2,Supermarket Type1,14.98,0.092,150.59,1987.0,3291.12
FD2518,Low Sugar,Canned,OUT001,High,Tier 2,Supermarket Type1,16.36,0.011,160.12,1987.0,4558.21
FD4035,Low Sugar,Frozen Foods,OUT004,Medium,Tier 2,Supermarket Type2,12.24,0.072,157.59,2009.0,3576.25
FD8121,Regular,Fruits and Vegetables,OUT004,Medium,Tier 2,Supermarket Type2,8.65,0.044,146.15,2009.0,2531.62
FD8307,Low Sugar,Canned,OUT001,High,Tier 2,Supermarket Type1,13.28,0.061,175.71,1987.0,4182.02
FD601,Regular,Frozen Foods,OUT004,Medium,Tier 2,Supermarket Type2,13.53,0.11,160.24,2009.0,3920.91
FD709,Low Sugar,Frozen Foods,OUT004,Medium,Tier 2,Supermarket Type2,12.97,0.129,133.31,2009.0,3243.32
FD775,Low Sugar,Canned,OUT004,Medium,Tier 2,Supermarket Type2,14.08,0.162,127.79,2009.0,3381.6
DR817,Low Sugar,Soft Drinks,OUT004,Medium,Tier 2,Supermarket Type2,11.69,0.019,122.03,2009.0,2723.16
DR5673,Low Sugar,Soft Drinks,OUT004,Medium,Tier 2,Supermarket Type2,9.23,0.08,176.94,2009.0,3292.66
FD1272,Low Sugar,Fruits and Vegetables,OUT004,Medium,Tier 2,Supermarket Type2,11.67,0.089,115.27,2009.0,2582.01
FD7456,Low Sugar,Canned,OUT004,Medium,Tier 2,Supermarket Type2,12.1,0.031,122.32,2009.0,2822.27
FD8735,Regular,Frozen Foods,OUT004,Medium,Tier 2,Supermarket Type2,14.51,0.068,116.12,2009.0,3240.77
FD3270,Regular,Dairy,OUT004,Medium,Tier 2,Supermarket Type2,11.68,0.01,125.88,2009.0,2801.49
FD8182,Low Sugar,Dairy,OUT004,Medium,Tier 2,Supermarket Type2,15.52,0.122,138.6,2009.0,3927.88
FD4646,Low Sugar,Baking Goods,OUT001,High,Tier 2,Supermarket Type1,13.43,0.027,170.69,1987.0,4112.45
FD346,Low Sugar,Breads,OUT004,Medium,Tier 2,Supermarket Type2,12.8,0.085,139.4,2009.0,3518.98
FD1967,Low Sugar,Baking Goods,OUT004,Medium,Tier 2,Supermarket Type2,11.36,0.097,136.92,2009.0,2955.42
FD4451,Low Sugar,Snack Foods,OUT004,Medium,Tier 2,Supermarket Type2,11.54,0.03,177.65,2009.0,3827.82
FD4214,Regular,Fruits and Vegetables,OUT001,High,Tier 2,Supermarket Type1,14.37,0.039,197.79,1987.0,4880.47
FD7081,Regular,Starchy Foods,OUT002,Small,Tier 3,Food Mart,8.99,0.041,101.94,1998.0,1702.62
NC8168,No Sugar,Health and Hygiene,OUT004,Medium,Tier 2,Supermarket Type2,14.78,0.054,135.47,2009.0,3697.92
FD3604,Regular,Fruits and Vegetables,OUT002,Small,Tier 3,Food Mart,10.65,0.035,106.78,1998.0,2177.44
FD550,Low Sugar,Snack Foods,OUT004,Medium,Tier 2,Supermarket Type2,14.33,0.035,112.98,2009.0,1786.7
NC975,No Sugar,Household,OUT004,Medium,Tier 2,Supermarket Type2,12.19,0.079,149.15,2009.0,3392.76
NC749,No Sugar,Health and Hygiene,OUT004,Medium,Tier 2,Supermarket Type2,9.63,0.121,142.24,2009.0,2671.29
FD820,Regular,Meat,OUT004,Medium,Tier 2,Supermarket Type2,11.99,0.162,133.62,2009.0,3030.1
FD209,Low Sugar,Baking Goods,OUT001,High,Tier 2,Supermarket Type1,10.84,0.023,116.45,1987.0,2440.97
FD2639,Low Sugar,Canned,OUT004,Medium,Tier 2,Supermarket Type2,12.07,0.147,150.09,2009.0,3384.53
FD688,Regular,Fruits and Vegetables,OUT002,Small,Tier 3,Food Mart,7.96,0.017,115.71,1998.0,1752.66
NC8380,No Sugar,Household,OUT004,Medium,Tier 2,Supermarket Type2,14.93,0.103,114.81,2009.0,3308.02
DR6741,Low Sugar,Hard Drinks,OUT001,High,Tier 2,Supermarket Type1,15.04,0.038,178.24,1987.0,4631.14
FD2029,Regular,Fruits and Vegetables,OUT004,Medium,Tier 2,Supermarket Type2,11.68,0.142,142.45,2009.0,3139.58
FD8492,Regular,Meat,OUT004,Medium,Tier 2,Supermarket Type2,11.65,0.119,130.74,2009.0,2893.24
FD4631,Regular,Breakfast,OUT004,Medium,Tier 2,Supermarket Type2,13.18,0.14,144.03,2009.0,3510.58
NC3455,No Sugar,Household,OUT001,High,Tier 2,Supermarket Type1,15.54,0.066,151.37,1987.0,4194.92
FD995,Regular,Meat,OUT004,Medium,Tier 2,Supermarket Type2,12.82,0.009,119.88,2009.0,2934.54
FD8158,Low Sugar,Snack Foods,OUT002,Small,Tier 3,Food Mart,9.97,0.039,88.1,1998.0,1640.98
FD1570,Regular,Fruits and Vegetables,OUT004,Medium,Tier 2,Supermarket Type2,10.89,0.037,124.43,2009.0,2591.5
FD7554,Regular,Baking Goods,OUT004,Medium,Tier 2,Supermarket Type2,15.24,0.026,120.93,2009.0,3503.84
FD1450,Regular,Snack Foods,OUT001,High,Tier 2,Supermarket Type1,15.09,0.105,194.86,1987.0,4981.8
NC7987,No Sugar,Others,OUT002,Small,Tier 3,Food Mart,11.01,0.017,91.72,1998.0,1949.81
FD6154,Low Sugar,Dairy,OUT004,Medium,Tier 2,Supermarket Type2,14.18,0.041,132.29,2009.0,3497.19
FD1217,Regular,Canned,OUT002,Small,Tier 3,Food Mart,10.77,0.065,104.63,1998.0,2161.03
NC4420,No Sugar,Household,OUT004,Medium,Tier 2,Supermarket Type2,10.95,0.019,125.62,2009.0,2631.54
FD2526,Low Sugar,Meat,OUT004,Medium,Tier 2,Supermarket Type2,11.07,0.027,142.87,2009.0,3010.29
FD5539,Low Sugar,Baking Goods,OUT001,High,Tier 2,Supermarket Type1,12.24,0.042,219.05,1987.0,4833.51
NC8461,No Sugar,Health and Hygiene,OUT004,Medium,Tier 2,Supermarket Type2,11.46,0.021,132.35,2009.0,2883.78
FD1113,Low Sugar,Canned,OUT004,Medium,Tier 2,Supermarket Type2,11.3,0.074,153.49,2009.0,3280.73
FD8028,Regular,Canned,OUT002,Small,Tier 3,Food Mart,11.59,0.035,96.26,1998.0,2175.23
FD2397,Regular,Snack Foods,OUT001,High,Tier 2,Supermarket Type1,10.1,0.045,210.52,1987.0,4175.68
FD3049,Regular,Snack Foods,OUT004,Medium,Tier 2,Supermarket Type2,10.03,0.166,139.29,2009.0,2701.09
FD4333,Low Sugar,Dairy,OUT004,Medium,Tier 2,Supermarket Type2,13.72,0.116,149.44,2009.0,3744.54
FD1300,Low Sugar,Meat,OUT004,Medium,Tier 2,Supermarket Type2,15.81,0.172,124.71,2009.0,3710.66
FD5161,Regular,Dairy,OUT004,Medium,Tier 2,Supermarket Type2,13.68,0.041,137.98,2009.0,3500.96
NC6521,No Sugar,Household,OUT002,Small,Tier 3,Food Mart,10.15,0.016,104.0,1998.0,2007.09
FD1245,Regular,Frozen Foods,OUT004,Medium,Tier 2,Supermarket Type2,10.56,0.039,153.37,2009.0,3110.82
FD891,Low Sugar,Snack Foods,OUT004,Medium,Tier 2,Supermarket Type2,12.48,0.066,109.64,2009.0,2649.1
FD5785,Regular,Snack Foods,OUT004,Medium,Tier 2,Supermarket Type2,11.39,0.067,115.79,2009.0,2528.52
FD6190,Low Sugar,Frozen Foods,OUT002,Small,Tier 3,Food Mart,10.87,0.105,106.74,1998.0,2224.99
NC1047,No Sugar,Health and Hygiene,OUT004,Medium,Tier 2,Supermarket Type2,13.75,0.033,123.05,2009.0,3209.7
NC2174,No Sugar,Household,OUT004,Medium,Tier 2,Supermarket Type2,11.25,0.021,144.48,2009.0,3084.35
FD1841,Low Sugar,Snack Foods,OUT004,Medium,Tier 2,Supermarket Type2,14.41,0.019,117.74,2009.0,3250.6
DR518,Low Sugar,Soft Drinks,OUT004,Medium,Tier 2,Supermarket Type2,13.46,0.162,159.2,2009.0,2620.02
FD1710,Low Sugar,Canned,OUT001,High,Tier 2,Supermarket Type1,12.95,0.045,91.27,1987.0,2378.63
FD8605,Low Sugar,Snack Foods,OUT004,Medium,Tier 2,Supermarket Type2,15.73,0.171,137.01,2009.0,3943.85
FD1653,Regular,Breakfast,OUT004,Medium,Tier 2,Supermarket Type2,10.85,0.039,142.8,2009.0,2960.22
FD2072,Regular,Frozen Foods,OUT004,Medium,Tier 2,Supermarket Type2,13.1,0.031,164.26,2009.0,3905.99
NC3121,No Sugar,Household,OUT002,Small,Tier 3,Food Mart,10.78,0.064,66.05,1998.0,1373.88
FD3480,Regular,Baking Goods,OUT001,High,Tier 2,Supermarket Type1,13.58,0.064,168.84,1987.0,4109.42
FD4683,reg,Baking Goods,OUT001,High,Tier 2,Supermarket Type1,10.05,0.046,121.49,1987.0,2342.24
FD4153,Low Sugar,Baking Goods,OUT001,High,Tier 2,Supermarket Type1,14.38,0.129,194.04,1987.0,4805.93
NC7244,No Sugar,Others,OUT001,High,Tier 2,Supermarket Type1,15.95,0.036,176.83,1987.0,4808.21
FD1634,Regular,Baking Goods,OUT004,Medium,Tier 2,Supermarket Type2,13.79,0.21,154.03,2009.0,3853.03
NC1878,No Sugar,Household,OUT004,Medium,Tier 2,Supermarket Type2,10.64,0.123,180.89,2009.0,3692.04
FD955,Low Sugar,Frozen Foods,OUT001,High,Tier 2,Supermarket Type1,14.76,0.068,156.69,1987.0,4127.71
FD6471,Low Sugar,Frozen Foods,OUT004,Medium,Tier 2,Supermarket Type2,12.29,0.109,127.14,2009.0,2965.09
FD1448,Low Sugar,Snack Foods,OUT004,Medium,Tier 2,Supermarket Type2,15.04,0.104,118.56,2009.0,3410.45
FD1380,Low Sugar,Meat,OUT004,Medium,Tier 2,Supermarket Type2,13.77,0.029,131.26,2009.0,3383.07
FD4535,Low Sugar,Fruits and Vegetables,OUT001,High,Tier 2,Supermarket Type1,13.77,0.108,189.04,1987.0,4565.13
NC715,No Sugar,Household,OUT004,Medium,Tier 2,Supermarket Type2,10.25,0.016,150.06,2009.0,2972.86
FD7274,Regular,Snack Foods,OUT001,High,Tier 2,Supermarket Type1,15.18,0.079,190.65,1987.0,4917.81
FD3063,Regular,Snack Foods,OUT004,Medium,Tier 2,Supermarket Type2,11.47,0.066,134.31,2009.0,2925.23
NC5970,No Sugar,Household,OUT004,Medium,Tier 2,Supermarket Type2,12.69,0.196,163.32,2009.0,3793.99
NC8145,No Sugar,Household,OUT001,High,Tier 2,Supermarket Type1,11.37,0.133,111.2,1987.0,2431.34
NC2734,No Sugar,Health and Hygiene,OUT004,Medium,Tier 2,Supermarket Type2,14.15,0.126,155.8,2009.0,3971.23
NC1016,No Sugar,Household,OUT004,Medium,Tier 2,Supermarket Type2,10.79,0.041,168.8,2009.0,3476.99
FD618,Low Sugar,Dairy,OUT004,Medium,Tier 2,Supermarket Type2,11.33,0.03,145.97,2009.0,3133.61
FD7966,Low Sugar,Canned,OUT001,High,Tier 2,Supermarket Type1,16.4,0.025,171.88,1987.0,4809.32
FD881,Low Sugar,Meat,OUT004,Medium,Tier 2,Supermarket Type2,12.24,0.031,146.86,2009.0,3356.78
FD3279,Regular,Fruits and Vegetables,OUT002,Small,Tier 3,Food Mart,10.94,0.154,87.18,1998.0,1842.65
FD1662,Regular,Snack Foods,OUT004,Medium,Tier 2,Supermarket Type2,9.98,0.092,135.0,2009.0,2602.34
DR1514,Regular,Soft Drinks,OUT004,Medium,Tier 2,Supermarket Type2,10.76,0.086,172.34,2009.0,3544.2
FD5326,Low Sugar,Dairy,OUT004,Medium,Tier 2,Supermarket Type2,13.23,0.104,137.7,2009.0,3393.33
FD3513,Regular,Fruits and Vegetables,OUT002,Small,Tier 3,Food Mart,7.15,0.049,90.89,1998.0,1060.4
FD7549,Regular,Baking Goods,OUT001,High,Tier 2,Supermarket Type1,14.96,0.033,179.22,1987.0,4633.65
NC4306,No Sugar,Health and Hygiene,OUT002,Small,Tier 3,Food Mart,9.48,0.043,102.74,1998.0,1829.24
NC7923,No Sugar,Household,OUT004,Medium,Tier 2,Supermarket Type2,12.75,0.086,139.62,2009.0,3324.42
NC765,No Sugar,Health and Hygiene,OUT004,Medium,Tier 2,Supermarket Type2,10.47,0.142,164.03,2009.0,3308.23
FD1729,Low Sugar,Snack Foods,OUT004,Medium,Tier 2,Supermarket Type2,10.86,0.058,161.79,2009.0,3349.31
FD7096,Low Sugar,Frozen Foods,OUT004,Medium,Tier 2,Supermarket Type2,13.69,0.034,141.72,2009.0,3579.46
FD8594,Regular,Dairy,OUT004,Medium,Tier 2,Supermarket Type2,11.29,0.085,150.24,2009.0,3211.32
FD6963,Low Sugar,Frozen Foods,OUT004,Medium,Tier 2,Supermarket Type2,13.56,0.082,134.15,2009.0,3394.56
DR4213,Low Sugar,Soft Drinks,OUT004,Medium,Tier 2,Supermarket Type2,12.88,0.174,134.97,2009.0,3258.72
FD6785,Low Sugar,Breads,OUT001,High,Tier 2,Supermarket Type1,16.0,0.048,177.06,1987.0,4824.37
FD3278,Regular,Fruits and Vegetables,OUT001,High,Tier 2,Supermarket Type1,16.17,0.022,160.29,1987.0,4519.33
FD6743,Low Sugar,Fruits and Vegetables,OUT004,Medium,Tier 2,Supermarket Type2,13.9,0.035,118.48,2009.0,3151.8
FD4241,Low Sugar,Snack Foods,OUT004,Medium,Tier 2,Supermarket Type2,11.85,0.112,181.27,2009.0,3972.18
FD5847,Low Sugar,Dairy,OUT004,Medium,Tier 2,Supermarket Type2,10.22,0.123,130.98,2009.0,2575.65
FD2022,Regular,Frozen Foods,OUT001,High,Tier 2,Supermarket Type1,16.68,0.03,166.75,1987.0,4767.62
DR8030,Low Sugar,Soft Drinks,OUT004,Medium,Tier 2,Supermarket Type2,12.95,0.02,144.45,2009.0,3467.47
DR1888,Regular,Hard Drinks,OUT001,High,Tier 2,Supermarket Type1,13.57,0.017,164.9,1987.0,4025.76
FD2399,Low Sugar,Fruits and Vegetables,OUT004,Medium,Tier 2,Supermarket Type2,10.66,0.049,129.8,2009.0,2650.48
DR4331,Low Sugar,Soft Drinks,OUT004,Medium,Tier 2,Supermarket Type2,13.07,0.045,161.18,2009.0,3836.9
FD3794,Regular,Baking Goods,OUT004,Medium,Tier 2,Supermarket Type2,10.56,0.012,131.37,2009.0,2660.86
FD7611,Low Sugar,Meat,OUT004,Medium,Tier 2,Supermarket Type2,13.84,0.061,146.78,2009.0,3717.08
FD7429,Regular,Canned,OUT004,Medium,Tier 2,Supermarket Type2,12.79,0.045,152.02,2009.0,3586.82
FD6371,Low Sugar,Meat,OUT004,Medium,Tier 2,Supermarket Type2,10.72,0.075,178.03,2009.0,3650.38
FD1781,Regular,Snack Foods,OUT004,Medium,Tier 2,Supermarket Type2,12.53,0.066,145.62,2009.0,3396.37
FD3531,Regular,Baking Goods,OUT004,Medium,Tier 2,Supermarket Type2,13.26,0.133,135.14,2009.0,3347.84
FD2664,Low Sugar,Frozen Foods,OUT004,Medium,Tier 2,Supermarket Type2,14.8,0.169,146.0,2009.0,3918.17
NC4023,No Sugar,Others,OUT004,Medium,Tier 2,Supermarket Type2,14.5,0.114,140.78,2009.0,3743.82
FD6096,Low Sugar,Breads,OUT004,Medium,Tier 2,Supermarket Type2,11.93,0.013,147.05,2009.0,3289.54
FD1575,Low Sugar,Dairy,OUT001,High,Tier 2,Supermarket Type1,9.13,0.021,134.46,1987.0,2399.59
FD648,Regular,Frozen Foods,OUT001,High,Tier 2,Supermarket Type1,14.26,0.065,164.81,1987.0,4180.58
FD4371,Regular,Frozen Foods,OUT004,Medium,Tier 2,Supermarket Type2,14.41,0.035,131.41,2009.0,3531.25
NC6178,No Sugar,Household,OUT004,Medium,Tier 2,Supermarket Type2,14.31,0.078,131.83,2009.0,3517.89
FD3815,Regular,Fruits and Vegetables,OUT004,Medium,Tier 2,Supermarket Type2,13.02,0.061,151.74,2009.0,3632.32
FD7452,Low Sugar,Dairy,OUT004,Medium,Tier 2,Supermarket Type2,12.93,0.025,168.67,2009.0,3958.54
FD3637,Low Sugar,Fruits and Vegetables,OUT004,Medium,Tier 2,Supermarket Type2,12.89,0.086,149.01,2009.0,3547.81
FD7040,Low Sugar,Fruits and Vegetables,OUT004,Medium,Tier 2,Supermarket Type2,11.53,0.282,154.23,2009.0,3347.58
FD991,Low Sugar,Baking Goods,OUT001,High,Tier 2,Supermarket Type1,14.24,0.161,157.3,1987.0,4021.89
FD40,Low Sugar,Snack Foods,OUT004,Medium,Tier 2,Supermarket Type2,13.4,0.031,157.42,2009.0,3599.5
FD6338,Low Sugar,Fruits and Vegetables,OUT004,Medium,Tier 2,Supermarket Type2,13.02,0.014,119.87,2009.0,2981.44
NC2495,No Sugar,Household,OUT004,Medium,Tier 2,Supermarket Type2,14.08,0.026,123.44,2009.0,3293.58
FD1189,Low Sugar,Baking Goods,OUT001,High,Tier 2,Supermarket Type1,16.42,0.052,159.07,1987.0,4551.94
FD6263,Low Sugar,Breakfast,OUT002,Small,Tier 3,Food Mart,10.01,0.133,104.76,1998.0,1990.17
FD3079,Low Sugar,Dairy,OUT004,Medium,Tier 2,Supermarket Type2,11.6,0.061,171.07,2009.0,3707.4
DR4567,Low Sugar,Soft Drinks,OUT004,Medium,Tier 2,Supermarket Type2,12.65,0.054,136.23,2009.0,3232.65
FD3945,Low Sugar,Frozen Foods,OUT001,High,Tier 2,Supermarket Type1,8.7,0.14,136.65,1987.0,2348.53
FD2943,Low Sugar,Fruits and Vegetables,OUT004,Medium,Tier 2,Supermarket Type2,9.12,0.141,160.61,2009.0,2932.66
FD4219,Low Sugar,Fruits and Vegetables,OUT004,Medium,Tier 2,Supermarket Type2,8.07,0.016,160.89,2009.0,2701.45
NC2914,No Sugar,Household,OUT004,Medium,Tier 2,Supermarket Type2,11.12,0.021,120.62,2009.0,2566.88
FD6854,Low Sugar,Snack Foods,OUT001,High,Tier 2,Supermarket Type1,15.92,0.014,164.27,1987.0,4543.83
FD7044,Low Sugar,Fruits and Vegetables,OUT004,Medium,Tier 2,Supermarket Type2,11.56,0.114,137.97,2009.0,3020.23
FD2050,Low Sugar,Frozen Foods,OUT004,Medium,Tier 2,Supermarket Type2,13.57,0.152,133.05,2009.0,3373.87
DR6684,Low Sugar,Soft Drinks,OUT004,Medium,Tier 2,Supermarket Type2,12.07,0.047,145.62,2009.0,3292.15
DR5030,Low Sugar,Soft Drinks,OUT004,Medium,Tier 2,Supermarket Type2,12.12,0.143,147.54,2009.0,3343.84
NC5778,No Sugar,Household,OUT001,High,Tier 2,Supermarket Type1,10.54,0.02,115.72,1987.0,2336.1
FD7991,Low Sugar,Fruits and Vegetables,OUT004,Medium,Tier 2,Supermarket Type2,10.96,0.07,135.63,2009.0,2837.8
FD5767,Low Sugar,Dairy,OUT001,High,Tier 2,Supermarket Type1,12.54,0.077,178.81,1987.0,4078.82
DR684,Low Sugar,Soft Drinks,OUT004,Medium,Tier 2,Supermarket Type2,13.55,0.124,147.12,2009.0,3658.63
FD5434,Regular,Fruits and Vegetables,OUT001,High,Tier 2,Supermarket Type1,14.13,0.032,162.07,1987.0,4094.41
FD978,Regular,Snack Foods,OUT004,Medium,Tier 2,Supermarket Type2,12.0,0.044,165.38,2009.0,3681.32
FD7213,Regular,Canned,OUT004,Medium,Tier 2,Supermarket Type2,12.9,0.014,136.17,2009.0,3286.0
FD1997,Low Sugar,Canned,OUT002,Small,Tier 3,Food Mart,9.56,0.081,110.56,1998.0,2007.1
FD6914,Regular,Fruits and Vegetables,OUT004,Medium,Tier 2,Supermarket Type2,12.44,0.112,153.52,2009.0,3537.66
FD1697,Regular,Frozen Foods,OUT004,Medium,Tier 2,Supermarket Type2,13.02,0.053,150.46,2009.0,3605.57
FD4083,Regular,Baking Goods,OUT004,Medium,Tier 2,Supermarket Type2,13.43,0.044,160.21,2009.0,3899.39
FD6073,Low Sugar,Breakfast,OUT004,Medium,Tier 2,Supermarket Type2,10.04,0.038,159.94,2009.0,3126.22
FD2279,Regular,Frozen Foods,OUT004,Medium,Tier 2,Supermarket Type2,12.62,0.085,139.89,2009.0,3299.22
FD7604,Low Sugar,Snack Foods,OUT004,Medium,Tier 2,Supermarket Type2,11.23,0.079,124.94,2009.0,2679.62
FD57,Low Sugar,Frozen Foods,OUT004,Medium,Tier 2,Supermarket Type2,12.95,0.039,164.93,2009.0,1861.39
FD4144,Regular,Snack Foods,OUT004,Medium,Tier 2,Supermarket Type2,11.48,0.042,146.91,2009.0,3186.57
FD1323,Low Sugar,Snack Foods,OUT004,Medium,Tier 2,Supermarket Type2,11.5,0.03,120.85,2009.0,2656.28
FD15,Low Sugar,Snack Foods,OUT002,Small,Tier 3,Food Mart,8.68,0.033,105.52,1998.0,1750.89
FD4658,Regular,Meat,OUT004,Medium,Tier 2,Supermarket Type2,14.39,0.043,110.8,2009.0,3103.47
FD105,Low Sugar,Canned,OUT004,Medium,Tier 2,Supermarket Type2,13.79,0.074,151.5,2009.0,5192.89
DR3578,Regular,Soft Drinks,OUT001,High,Tier 2,Supermarket Type1,15.19,0.105,176.78,1987.0,4636.4
FD7543,Low Sugar,Canned,OUT004,Medium,Tier 2,Supermarket Type2,14.57,0.014,103.73,2009.0,3000.54
FD3114,Low Sugar,Breads,OUT004,Medium,Tier 2,Supermarket Type2,11.11,0.016,168.41,2009.0,3541.93
FD2025,Regular,Dairy,OUT004,Medium,Tier 2,Supermarket Type2,12.09,0.077,168.17,2009.0,3758.19
FD6888,Low Sugar,Canned,OUT002,Small,Tier 3,Food Mart,9.88,0.184,113.71,1998.0,2145.04
FD3687,Regular,Frozen Foods,OUT001,High,Tier 2,Supermarket Type1,11.49,0.048,106.09,1987.0,2352.96
FD4285,Low Sugar,Fruits and Vegetables,OUT002,Small,Tier 3,Food Mart,11.27,0.061,103.91,1998.0,2257.54
FD5152,Low Sugar,Fruits and Vegetables,OUT004,Medium,Tier 2,Supermarket Type2,12.23,0.078,161.37,2009.0,3650.21
NC8296,No Sugar,Household,OUT004,Medium,Tier 2,Supermarket Type2,13.6,0.062,141.87,2009.0,3561.1
NC2996,No Sugar,Household,OUT004,Medium,Tier 2,Supermarket Type2,15.21,0.008,127.08,2009.0,3622.81
FD6231,Regular,Baking Goods,OUT002,Small,Tier 3,Food Mart,10.71,0.017,64.68,1998.0,1329.18
FD877,Low Sugar,Canned,OUT002,Small,Tier 3,Food Mart,8.06,0.07,83.66,1998.0,1117.81
NC7433,No Sugar,Household,OUT002,Small,Tier 3,Food Mart,11.52,0.019,101.37,1998.0,2263.36
FD7557,Low Sugar,Frozen Foods,OUT004,Medium,Tier 2,Supermarket Type2,11.5,0.181,134.89,2009.0,2943.54
FD4586,Low Sugar,Frozen Foods,OUT002,Small,Tier 3,Food Mart,10.13,0.128,100.5,1998.0,1931.31
FD6074,Low Sugar,Dairy,OUT002,Small,Tier 3,Food Mart,11.9,0.172,97.08,1998.0,2261.32
FD5007,Low Sugar,Fruits and Vegetables,OUT004,Medium,Tier 2,Supermarket Type2,11.51,0.171,142.49,2009.0,3102.31
FD8673,Regular,Canned,OUT004,Medium,Tier 2,Supermarket Type2,11.86,0.083,130.73,2009.0,2941.23
NC5779,No Sugar,Health and Hygiene,OUT004,Medium,Tier 2,Supermarket Type2,10.8,0.07,135.13,2009.0,2790.07
DR1660,Low Sugar,Soft Drinks,OUT002,Small,Tier 3,Food Mart,10.82,0.013,93.37,1998.0,1942.06
FD7684,Regular,Snack Foods,OUT004,Medium,Tier 2,Supermarket Type2,8.52,0.012,153.31,2009.0,2646.56
FD176,Low Sugar,Baking Goods,OUT002,Small,Tier 3,Food Mart,11.38,0.089,134.69,1998.0,1272.32
NC4651,No Sugar,Household,OUT004,Medium,Tier 2,Supermarket Type2,10.57,0.084,195.53,2009.0,3975.45
NC5579,No Sugar,Household,OUT004,Medium,Tier 2,Supermarket Type2,12.66,0.058,145.17,2009.0,3416.53
FD6126,Regular,Baking Goods,OUT004,Medium,Tier 2,Supermarket Type2,14.81,0.021,108.1,2009.0,3143.55
FD5818,Low Sugar,Meat,OUT004,Medium,Tier 2,Supermarket Type2,11.31,0.014,162.54,2009.0,3467.68
FD5103,Low Sugar,Frozen Foods,OUT004,Medium,Tier 2,Supermarket Type2,11.48,0.099,159.91,2009.0,3450.77
FD5874,Low Sugar,Fruits and Vegetables,OUT001,High,Tier 2,Supermarket Type1,15.4,0.128,177.14,1987.0,4690.32
FD422,Regular,Baking Goods,OUT004,Medium,Tier 2,Supermarket Type2,11.1,0.085,120.36,2009.0,5114.13
FD2676,Low Sugar,Baking Goods,OUT002,Small,Tier 3,Food Mart,8.87,0.088,113.03,1998.0,1901.95
FD930,Low Sugar,Fruits and Vegetables,OUT004,Medium,Tier 2,Supermarket Type2,13.8,0.095,141.98,2009.0,3609.47
FD6304,Regular,Frozen Foods,OUT004,Medium,Tier 2,Supermarket Type2,13.76,0.063,157.3,2009.0,3913.87
NC2153,No Sugar,Household,OUT004,Medium,Tier 2,Supermarket Type2,11.89,0.026,162.77,2009.0,3603.78
DR1789,Regular,Soft Drinks,OUT004,Medium,Tier 2,Supermarket Type2,10.57,0.065,128.59,2009.0,2605.51
NC7752,No Sugar,Health and Hygiene,OUT001,High,Tier 2,Supermarket Type1,14.77,0.055,151.41,1987.0,4022.0
FD1153,Regular,Snack Foods,OUT004,Medium,Tier 2,Supermarket Type2,11.79,0.038,143.49,2009.0,3186.72
FD5669,reg,Fruits and Vegetables,OUT001,High,Tier 2,Supermarket Type1,14.54,0.035,186.44,1987.0,4686.75
FD1931,Regular,Meat,OUT004,Medium,Tier 2,Supermarket Type2,10.83,0.014,178.78,2009.0,3690.18
FD4095,Low Sugar,Breakfast,OUT004,Medium,Tier 2,Supermarket Type2,12.12,0.095,161.24,2009.0,3623.21
FD6979,Low Sugar,Meat,OUT004,Medium,Tier 2,Supermarket Type2,13.2,0.119,129.96,2009.0,3226.96
FD226,Regular,Dairy,OUT002,Small,Tier 3,Food Mart,8.58,0.166,113.04,1998.0,2263.31
DR4364,Regular,Soft Drinks,OUT001,High,Tier 2,Supermarket Type1,14.73,0.019,150.93,1987.0,4003.21
NC7113,No Sugar,Health and Hygiene,OUT004,Medium,Tier 2,Supermarket Type2,12.66,0.055,132.23,2009.0,3151.7
FD2125,Low Sugar,Canned,OUT002,Small,Tier 3,Food Mart,9.57,0.079,121.06,1998.0,2224.5
DR3801,Low Sugar,Soft Drinks,OUT004,Medium,Tier 2,Supermarket Type2,10.87,0.149,184.65,2009.0,3819.37
FD4242,reg,Snack Foods,OUT001,High,Tier 2,Supermarket Type1,13.88,0.077,163.08,1987.0,4059.19
NC3317,No Sugar,Household,OUT004,Medium,Tier 2,Supermarket Type2,12.21,0.061,158.79,2009.0,3594.43
FD8116,Low Sugar,Fruits and Vegetables,OUT002,Small,Tier 3,Food Mart,6.71,0.129,65.21,1998.0,436.31
FD1884,Regular,Canned,OUT004,Medium,Tier 2,Supermarket Type2,12.95,0.034,97.63,2009.0,2509.43
NC3743,No Sugar,Health and Hygiene,OUT001,High,Tier 2,Supermarket Type1,13.26,0.027,173.33,1987.0,4127.84
NC8331,No Sugar,Household,OUT004,Medium,Tier 2,Supermarket Type2,12.1,0.055,138.4,2009.0,3151.91
FD1581,Low Sugar,Fruits and Vegetables,OUT004,Medium,Tier 2,Supermarket Type2,12.55,0.021,144.89,2009.0,3385.23
FD5077,Low Sugar,Seafood,OUT002,Small,Tier 3,Food Mart,10.58,0.009,99.47,1998.0,2012.38
FD8231,Low Sugar,Starchy Foods,OUT004,Medium,Tier 2,Supermarket Type2,12.51,0.118,173.4,2009.0,3959.66
NC7853,No Sugar,Health and Hygiene,OUT001,High,Tier 2,Supermarket Type1,13.22,0.008,174.99,1987.0,4154.28
FD3392,Low Sugar,Canned,OUT001,High,Tier 2,Supermarket Type1,8.3,0.16,146.59,1987.0,2459.39
FD6334,Regular,Frozen Foods,OUT004,Medium,Tier 2,Supermarket Type2,12.91,0.084,143.81,2009.0,3445.53
FD7619,Regular,Canned,OUT001,High,Tier 2,Supermarket Type1,14.78,0.018,188.4,1987.0,4779.66
FD4110,Low Sugar,Baking Goods,OUT004,Medium,Tier 2,Supermarket Type2,12.11,0.051,110.75,2009.0,2587.29
NC5441,No Sugar,Others,OUT004,Medium,Tier 2,Supermarket Type2,13.12,0.036,149.56,2009.0,3610.09
FD3979,Low Sugar,Canned,OUT004,Medium,Tier 2,Supermarket Type2,10.59,0.126,165.05,2009.0,3356.57
NC1852,No Sugar,Household,OUT002,Small,Tier 3,Food Mart,10.92,0.156,80.69,1998.0,1703.6
FD8398,Regular,Canned,OUT004,Medium,Tier 2,Supermarket Type2,12.51,0.116,119.07,2009.0,2849.88
DR3456,Low Sugar,Soft Drinks,OUT004,Medium,Tier 2,Supermarket Type2,15.6,0.066,138.77,2009.0,3951.18
NC4396,No Sugar,Household,OUT004,Medium,Tier 2,Supermarket Type2,12.22,0.073,125.07,2009.0,2905.22
FD3116,Regular,Fruits and Vegetables,OUT004,Medium,Tier 2,Supermarket Type2,12.0,0.031,127.38,2009.0,2903.93
FD4726,Low Sugar,Meat,OUT001,High,Tier 2,Supermarket Type1,13.57,0.085,173.01,1987.0,4191.83
FD1923,Low Sugar,Frozen Foods,OUT004,Medium,Tier 2,Supermarket Type2,12.64,0.113,149.42,2009.0,3498.16
FD3711,Low Sugar,Snack Foods,OUT001,High,Tier 2,Supermarket Type1,15.81,0.089,169.42,1987.0,4624.49
FD1094,Low Sugar,Frozen Foods,OUT001,High,Tier 2,Supermarket Type1,10.57,0.065,116.43,1987.0,2356.2
FD8590,Low Sugar,Snack Foods,OUT002,Small,Tier 3,Food Mart,11.52,0.051,96.64,1998.0,2167.24
DR7929,Regular,Hard Drinks,OUT001,High,Tier 2,Supermarket Type1,9.45,0.045,132.32,1987.0,2428.53
FD5749,Low Sugar,Baking Goods,OUT004,Medium,Tier 2,Supermarket Type2,12.07,0.108,150.57,2009.0,3393.15
FD1730,Low Sugar,Starchy Foods,OUT001,High,Tier 2,Supermarket Type1,15.43,0.196,179.02,1987.0,4735.32
FD8738,Low Sugar,Dairy,OUT004,Medium,Tier 2,Supermarket Type2,8.71,0.076,153.67,2009.0,2698.94
FD4553,Low Sugar,Meat,OUT001,High,Tier 2,Supermarket Type1,14.24,0.063,159.5,1987.0,4067.72
FD6165,Low Sugar,Canned,OUT004,Medium,Tier 2,Supermarket Type2,14.36,0.039,117.03,2009.0,3226.24
FD4595,Regular,Canned,OUT001,High,Tier 2,Supermarket Type1,13.24,0.131,171.54,1987.0,4088.19
FD7683,Low Sugar,Dairy,OUT001,High,Tier 2,Supermarket Type1,13.76,0.153,164.47,1987.0,4060.69
FD8163,reg,Breakfast,OUT004,Medium,Tier 2,Supermarket Type2,14.61,0.014,144.48,2009.0,3842.24
NC4838,No Sugar,Health and Hygiene,OUT002,Small,Tier 3,Food Mart,8.8,0.141,98.38,1998.0,1587.57
NC644,No Sugar,Health and Hygiene,OUT001,High,Tier 2,Supermarket Type1,9.59,0.05,126.44,1987.0,2340.63
FD8479,Low Sugar,Fruits and Vegetables,OUT004,Medium,Tier 2,Supermarket Type2,14.65,0.027,127.99,2009.0,3514.11
FD4434,Low Sugar,Dairy,OUT004,Medium,Tier 2,Supermarket Type2,11.11,0.103,127.5,2009.0,2704.5
FD8334,Low Sugar,Meat,OUT002,Small,Tier 3,Food Mart,8.24,0.066,64.4,1998.0,765.92
FD4421,Low Sugar,Baking Goods,OUT001,High,Tier 2,Supermarket Type1,16.24,0.039,169.19,1987.0,4717.81
FD2463,Low Sugar,Meat,OUT001,High,Tier 2,Supermarket Type1,11.66,0.047,188.95,1987.0,4086.72
FD7677,Regular,Dairy,OUT004,Medium,Tier 2,Supermarket Type2,12.17,0.03,146.13,2009.0,3324.7
DR3520,Low Sugar,Soft Drinks,OUT004,Medium,Tier 2,Supermarket Type2,9.03,0.015,146.39,2009.0,2622.29
FD4652,Regular,Frozen Foods,OUT004,Medium,Tier 2,Supermarket Type2,10.54,0.062,124.14,2009.0,2507.55
FD2630,Low Sugar,Fruits and Vegetables,OUT004,Medium,Tier 2,Supermarket Type2,12.59,0.018,125.11,2009.0,2989.62
FD5382,Regular,Dairy,OUT001,High,Tier 2,Supermarket Type1,12.41,0.065,181.36,1987.0,4101.56
NC3091,No Sugar,Health and Hygiene,OUT002,Small,Tier 3,Food Mart,8.97,0.049,95.58,1998.0,1567.44
FD1455,Regular,Fruits and Vegetables,OUT004,Medium,Tier 2,Supermarket Type2,12.27,0.066,127.65,2009.0,2970.76
FD722,Low Sugar,Canned,OUT004,Medium,Tier 2,Supermarket Type2,12.95,0.089,153.25,2009.0,3648.2
FD1351,Low Sugar,Frozen Foods,OUT004,Medium,Tier 2,Supermarket Type2,15.56,0.064,141.09,2009.0,3988.97
FD4002,Low Sugar,Fruits and Vegetables,OUT004,Medium,Tier 2,Supermarket Type2,13.07,0.188,123.16,2009.0,3058.25
FD2542,Low Sugar,Fruits and Vegetables,OUT004,Medium,Tier 2,Supermarket Type2,10.65,0.062,127.01,2009.0,2590.47
FD8496,Low Sugar,Snack Foods,OUT004,Medium,Tier 2,Supermarket Type2,13.48,0.066,155.23,2009.0,3807.16
NC1424,No Sugar,Household,OUT004,Medium,Tier 2,Supermarket Type2,12.22,0.047,176.08,2009.0,3950.99
NC8741,No Sugar,Household,OUT002,Small,Tier 3,Food Mart,10.44,0.1,56.01,1998.0,1091.66
NC4019,No Sugar,Household,OUT002,Small,Tier 3,Food Mart,9.45,0.033,118.24,1998.0,2141.05
FD135,Low Sugar,Canned,OUT004,Medium,Tier 2,Supermarket Type2,15.37,0.13,99.24,2009.0,4332.15
FD7392,Regular,Canned,OUT004,Medium,Tier 2,Supermarket Type2,9.58,0.011,143.94,2009.0,2694.98
FD5801,Low Sugar,Frozen Foods,OUT004,Medium,Tier 2,Supermarket Type2,13.39,0.097,147.12,2009.0,3622.12
FD1854,Low Sugar,Breads,OUT004,Medium,Tier 2,Supermarket Type2,11.77,0.091,147.67,2009.0,3267.73
FD1595,Regular,Canned,OUT002,Small,Tier 3,Food Mart,9.2,0.15,84.37,1998.0,1390.69
NC8430,No Sugar,Household,OUT002,Small,Tier 3,Food Mart,11.38,0.047,98.6,1998.0,2174.99
NC2169,No Sugar,Health and Hygiene,OUT004,Medium,Tier 2,Supermarket Type2,13.25,0.039,144.34,2009.0,3533.9
FD3473,Regular,Baking Goods,OUT004,Medium,Tier 2,Supermarket Type2,14.79,0.14,148.09,2009.0,3958.75
FD852,Low Sugar,Snack Foods,OUT004,Medium,Tier 2,Supermarket Type2,10.97,0.057,163.96,2009.0,3418.73
FD5120,reg,Frozen Foods,OUT002,Small,Tier 3,Food Mart,8.61,0.013,82.74,1998.0,1223.9
FD8445,Regular,Frozen Foods,OUT001,High,Tier 2,Supermarket Type1,13.05,0.014,169.41,1987.0,4001.06
FD3808,Low Sugar,Baking Goods,OUT002,Small,Tier 3,Food Mart,10.21,0.038,97.63,1998.0,1890.83
FD2211,Regular,Fruits and Vegetables,OUT004,Medium,Tier 2,Supermarket Type2,7.59,0.191,176.98,2009.0,2922.12
FD6496,Regular,Fruits and Vegetables,OUT001,High,Tier 2,Supermarket Type1,13.32,0.039,166.56,1987.0,4004.28
FD1192,Low Sugar,Fruits and Vegetables,OUT004,Medium,Tier 2,Supermarket Type2,14.28,0.079,141.66,2009.0,3710.49
FD1074,Regular,Fruits and Vegetables,OUT004,Medium,Tier 2,Supermarket Type2,13.76,0.059,142.63,2009.0,3613.8
FD8009,Regular,Fruits and Vegetables,OUT002,Small,Tier 3,Food Mart,9.18,0.024,104.44,1998.0,1795.89
FD637,Low Sugar,Baking Goods,OUT004,Medium,Tier 2,Supermarket Type2,12.14,0.154,132.23,2009.0,3033.74
FD3393,Low Sugar,Snack Foods,OUT002,Small,Tier 3,Food Mart,10.2,0.088,92.62,1998.0,1785.64
FD4647,Low Sugar,Canned,OUT004,Medium,Tier 2,Supermarket Type2,12.14,0.048,168.28,2009.0,3772.64
FD5527,Low Sugar,Snack Foods,OUT004,Medium,Tier 2,Supermarket Type2,13.84,0.024,125.06,2009.0,3272.88
FD5702,Regular,Meat,OUT002,Small,Tier 3,Food Mart,11.82,0.047,76.55,1998.0,1823.47
NC5310,No Sugar,Health and Hygiene,OUT004,Medium,Tier 2,Supermarket Type2,10.39,0.041,128.16,2009.0,2556.77
FD890,Low Sugar,Snack Foods,OUT004,Medium,Tier 2,Supermarket Type2,11.49,0.034,140.41,2009.0,3054.96
FD3017,Regular,Snack Foods,OUT001,High,Tier 2,Supermarket Type1,9.12,0.057,136.29,1987.0,2434.56
FD6288,Low Sugar,Fruits and Vegetables,OUT004,Medium,Tier 2,Supermarket Type2,13.68,0.063,114.36,2009.0,3017.08
FD4245,Regular,Baking Goods,OUT002,Small,Tier 3,Food Mart,7.02,0.029,50.42,1998.0,203.55
FD6403,Low Sugar,Fruits and Vegetables,OUT004,Medium,Tier 2,Supermarket Type2,8.55,0.057,155.26,2009.0,2695.41
FD5856,Low Sugar,Meat,OUT004,Medium,Tier 2,Supermarket Type2,14.07,0.05,154.0,2009.0,3917.18
FD4903,reg,Baking Goods,OUT004,Medium,Tier 2,Supermarket Type2,10.97,0.023,146.95,2009.0,3071.95
FD8747,Low Sugar,Dairy,OUT002,Small,Tier 3,Food Mart,9.64,0.057,110.49,1998.0,2024.02
DR4461,Regular,Soft Drinks,OUT002,Small,Tier 3,Food Mart,8.7,0.061,108.88,1998.0,1779.48
FD2136,Low Sugar,Fruits and Vegetables,OUT002,Small,Tier 3,Food Mart,9.48,0.052,115.3,1998.0,2087.47
NC2595,No Sugar,Household,OUT004,Medium,Tier 2,Supermarket Type2,11.34,0.075,177.47,2009.0,3779.74
FD8290,Low Sugar,Meat,OUT002,Small,Tier 3,Food Mart,10.95,0.038,102.71,1998.0,2160.49
FD1037,Low Sugar,Fruits and Vegetables,OUT002,Small,Tier 3,Food Mart,8.64,0.116,105.07,1998.0,1687.12
FD2752,Regular,Snack Foods,OUT001,High,Tier 2,Supermarket Type1,14.51,0.09,189.42,1987.0,4739.56
FD3602,Low Sugar,Dairy,OUT001,High,Tier 2,Supermarket Type1,14.07,0.046,199.61,1987.0,4848.94
FD6766,Low Sugar,Breads,OUT001,High,Tier 2,Supermarket Type1,14.99,0.025,194.94,1987.0,4962.32
FD1925,Regular,Frozen Foods,OUT001,High,Tier 2,Supermarket Type1,16.01,0.126,163.85,1987.0,4556.62
FD7420,Regular,Snack Foods,OUT001,High,Tier 2,Supermarket Type1,13.52,0.093,197.19,1987.0,4674.53
FD2779,Low Sugar,Dairy,OUT004,Medium,Tier 2,Supermarket Type2,13.04,0.142,163.19,2009.0,3871.26
DR6014,Low Sugar,Soft Drinks,OUT002,Small,Tier 3,Food Mart,11.15,0.079,92.71,1998.0,2001.18
NC4835,No Sugar,Health and Hygiene,OUT002,Small,Tier 3,Food Mart,10.39,0.012,101.82,1998.0,2016.07
FD8119,Low Sugar,Breads,OUT004,Medium,Tier 2,Supermarket Type2,12.01,0.043,134.66,2009.0,3055.98
FD4747,Low Sugar,Fruits and Vegetables,OUT004,Medium,Tier 2,Supermarket Type2,12.53,0.021,138.42,2009.0,3249.93
FD3591,Regular,Dairy,OUT004,Medium,Tier 2,Supermarket Type2,13.33,0.082,135.39,2009.0,3368.53
FD7658,Regular,Frozen Foods,OUT002,Small,Tier 3,Food Mart,8.61,0.046,132.15,1998.0,2234.91
FD3685,Low Sugar,Baking Goods,OUT002,Small,Tier 3,Food Mart,10.03,0.064,100.21,1998.0,1902.55
FD4695,Regular,Baking Goods,OUT004,Medium,Tier 2,Supermarket Type2,13.56,0.042,121.49,2009.0,3136.35
FD8223,Regular,Dairy,OUT004,Medium,Tier 2,Supermarket Type2,12.51,0.153,142.92,2009.0,3337.19
NC3720,No Sugar,Household,OUT004,Medium,Tier 2,Supermarket Type2,8.93,0.117,178.62,2009.0,3259.2
FD6943,Low Sugar,Snack Foods,OUT004,Medium,Tier 2,Supermarket Type2,14.53,0.089,125.16,2009.0,3430.11
FD7157,Low Sugar,Fruits and Vegetables,OUT004,Medium,Tier 2,Supermarket Type2,12.5,0.022,138.26,2009.0,3238.77
FD7260,Regular,Frozen Foods,OUT004,Medium,Tier 2,Supermarket Type2,7.6,0.021,175.03,2009.0,2885.13
FD6975,Regular,Meat,OUT001,High,Tier 2,Supermarket Type1,14.99,0.034,188.32,1987.0,4826.06
FD7674,Low Sugar,Baking Goods,OUT004,Medium,Tier 2,Supermarket Type2,11.87,0.1,130.28,2009.0,2933.24
FD980,Low Sugar,Fruits and Vegetables,OUT004,Medium,Tier 2,Supermarket Type2,11.87,0.072,140.76,2009.0,3148.54
FD2016,Low Sugar,Snack Foods,OUT004,Medium,Tier 2,Supermarket Type2,11.63,0.027,136.45,2009.0,3005.81
FD299,Low Sugar,Baking Goods,OUT002,Small,Tier 3,Food Mart,15.85,0.072,175.85,1998.0,2171.18
FD3874,Low Sugar,Frozen Foods,OUT002,Small,Tier 3,Food Mart,9.99,0.162,116.09,1998.0,2218.05
FD1601,Low Sugar,Canned,OUT004,Medium,Tier 2,Supermarket Type2,14.94,0.016,137.4,2009.0,3774.0
DR1659,Low Sugar,Hard Drinks,OUT002,Small,Tier 3,Food Mart,11.48,0.074,101.99,1998.0,2265.79
DR4929,Low Sugar,Soft Drinks,OUT001,High,Tier 2,Supermarket Type1,11.18,0.018,113.14,1987.0,2426.78
NC7353,No Sugar,Household,OUT004,Medium,Tier 2,Supermarket Type2,10.93,0.025,156.05,2009.0,3247.83
FD4529,Low Sugar,Frozen Foods,OUT004,Medium,Tier 2,Supermarket Type2,11.27,0.019,150.47,2009.0,3211.77
FD2558,Low Sugar,Baking Goods,OUT004,Medium,Tier 2,Supermarket Type2,12.77,0.027,146.96,2009.0,3479.11
FD2043,reg,Fruits and Vegetables,OUT001,High,Tier 2,Supermarket Type1,14.3,0.094,163.52,1987.0,4162.05
FD2607,Low Sugar,Frozen Foods,OUT004,Medium,Tier 2,Supermarket Type2,11.68,0.125,111.67,2009.0,2510.79
NC155,No Sugar,Health and Hygiene,OUT002,Small,Tier 3,Food Mart,12.88,0.036,158.01,1998.0,1281.39
NC4061,No Sugar,Household,OUT004,Medium,Tier 2,Supermarket Type2,14.1,0.052,138.77,2009.0,3610.44
FD3034,Low Sugar,Canned,OUT004,Medium,Tier 2,Supermarket Type2,9.77,0.125,133.15,2009.0,2518.7
FD6988,Low Sugar,Frozen Foods,OUT004,Medium,Tier 2,Supermarket Type2,10.76,0.035,138.59,2009.0,2851.78
DR3382,Regular,Soft Drinks,OUT004,Medium,Tier 2,Supermarket Type2,10.92,0.012,152.98,2009.0,3184.54
DR8402,Regular,Soft Drinks,OUT001,High,Tier 2,Supermarket Type1,13.53,0.041,171.77,1987.0,4158.73
FD5598,Regular,Dairy,OUT004,Medium,Tier 2,Supermarket Type2,12.13,0.073,136.15,2009.0,3112.24
FD7051,Low Sugar,Breads,OUT004,Medium,Tier 2,Supermarket Type2,13.84,0.038,115.31,2009.0,3071.71
NC8337,No Sugar,Health and Hygiene,OUT001,High,Tier 2,Supermarket Type1,14.82,0.142,158.87,1987.0,4185.56
NC8421,No Sugar,Household,OUT004,Medium,Tier 2,Supermarket Type2,13.04,0.16,134.52,2009.0,3285.34
FD3841,Low Sugar,Breakfast,OUT004,Medium,Tier 2,Supermarket Type2,10.75,0.061,133.29,2009.0,2743.23
FD2435,Low Sugar,Fruits and Vegetables,OUT004,Medium,Tier 2,Supermarket Type2,13.14,0.022,158.42,2009.0,3796.48
FD3292,Low Sugar,Snack Foods,OUT002,Small,Tier 3,Food Mart,8.18,0.021,118.86,1998.0,1866.43
FD1534,Low Sugar,Fruits and Vegetables,OUT004,Medium,Tier 2,Supermarket Type2,11.96,0.028,163.06,2009.0,3624.67
FD902,Regular,Meat,OUT004,Medium,Tier 2,Supermarket Type2,10.84,0.066,120.6,2009.0,2502.33
NC1542,No Sugar,Health and Hygiene,OUT004,Medium,Tier 2,Supermarket Type2,10.77,0.081,139.28,2009.0,2870.0
FD221,Low Sugar,Fruits and Vegetables,OUT001,High,Tier 2,Supermarket Type1,14.94,0.053,177.84,1987.0,4942.52
NC3974,No Sugar,Household,OUT004,Medium,Tier 2,Supermarket Type2,12.41,0.039,133.28,2009.0,3117.48
DR6457,Low Sugar,Soft Drinks,OUT001,High,Tier 2,Supermarket Type1,14.37,0.113,181.98,1987.0,4556.3
FD707,Low Sugar,Canned,OUT004,Medium,Tier 2,Supermarket Type2,11.15,0.189,154.86,2009.0,3273.72
FD8125,Low Sugar,Dairy,OUT004,Medium,Tier 2,Supermarket Type2,12.43,0.128,135.64,2009.0,3169.51
FD2252,Low Sugar,Baking Goods,OUT001,High,Tier 2,Supermarket Type1,14.71,0.023,153.67,1987.0,4055.0
FD1895,Regular,Snack Foods,OUT004,Medium,Tier 2,Supermarket Type2,12.59,0.032,153.59,2009.0,3573.63
FD7297,Regular,Snack Foods,OUT004,Medium,Tier 2,Supermarket Type2,12.03,0.006,143.64,2009.0,3243.86
FD5144,Regular,Dairy,OUT004,Medium,Tier 2,Supermarket Type2,8.5,0.026,158.22,2009.0,2743.84
FD1377,Low Sugar,Frozen Foods,OUT004,Medium,Tier 2,Supermarket Type2,14.94,0.035,147.75,2009.0,3985.22
FD6267,Low Sugar,Breads,OUT001,High,Tier 2,Supermarket Type1,16.7,0.099,131.03,1987.0,4040.92
FD3921,Low Sugar,Snack Foods,OUT004,Medium,Tier 2,Supermarket Type2,13.07,0.063,150.55,2009.0,3619.6
FD2880,Low Sugar,Starchy Foods,OUT004,Medium,Tier 2,Supermarket Type2,12.88,0.123,158.39,2009.0,3738.06
FD7183,Low Sugar,Snack Foods,OUT004,Medium,Tier 2,Supermarket Type2,14.44,0.031,135.2,2009.0,3614.1
FD5483,Low Sugar,Baking Goods,OUT004,Medium,Tier 2,Supermarket Type2,12.52,0.03,123.79,2009.0,2947.21
FD5820,Low Sugar,Canned,OUT004,Medium,Tier 2,Supermarket Type2,11.64,0.211,139.59,2009.0,3072.54
DR5325,Regular,Soft Drinks,OUT004,Medium,Tier 2,Supermarket Type2,10.56,0.019,139.76,2009.0,2832.45
FD1168,Low Sugar,Fruits and Vegetables,OUT002,Small,Tier 3,Food Mart,10.29,0.047,101.5,1998.0,1988.53
DR5873,Regular,Hard Drinks,OUT004,Medium,Tier 2,Supermarket Type2,13.44,0.036,132.58,2009.0,3335.18
FD2907,Regular,Meat,OUT001,High,Tier 2,Supermarket Type1,8.76,0.024,139.86,1987.0,2427.66
FD2117,Regular,Snack Foods,OUT004,Medium,Tier 2,Supermarket Type2,12.77,0.112,127.22,2009.0,3073.22
FD4358,Low Sugar,Frozen Foods,OUT004,Medium,Tier 2,Supermarket Type2,13.38,0.151,130.51,2009.0,3278.55
FD7442,Low Sugar,Baking Goods,OUT004,Medium,Tier 2,Supermarket Type2,12.3,0.06,170.87,2009.0,3860.72
DR8460,Low Sugar,Soft Drinks,OUT004,Medium,Tier 2,Supermarket Type2,14.08,0.097,129.55,2009.0,3419.29
NC2587,No Sugar,Household,OUT004,Medium,Tier 2,Supermarket Type2,10.61,0.065,126.3,2009.0,2566.88
FD7888,Low Sugar,Frozen Foods,OUT004,Medium,Tier 2,Supermarket Type2,12.46,0.049,135.85,2009.0,3181.06
NC4548,No Sugar,Health and Hygiene,OUT004,Medium,Tier 2,Supermarket Type2,12.49,0.006,142.64,2009.0,3326.12
FD893,Low Sugar,Frozen Foods,OUT004,Medium,Tier 2,Supermarket Type2,11.44,0.088,121.42,2009.0,2655.65
FD6512,Regular,Meat,OUT004,Medium,Tier 2,Supermarket Type2,11.21,0.057,124.42,2009.0,2664.05
FD671,Low Sugar,Dairy,OUT004,Medium,Tier 2,Supermarket Type2,11.5,0.039,159.66,2009.0,3451.32
FD6591,Low Sugar,Frozen Foods,OUT002,Small,Tier 3,Food Mart,10.25,0.064,93.78,1998.0,1819.87
DR4750,Low Sugar,Hard Drinks,OUT002,Small,Tier 3,Food Mart,10.04,0.053,116.84,1998.0,2244.87
NC8495,No Sugar,Health and Hygiene,OUT004,Medium,Tier 2,Supermarket Type2,14.32,0.103,153.19,2009.0,3955.22
FD8583,Low Sugar,Fruits and Vegetables,OUT004,Medium,Tier 2,Supermarket Type2,14.12,0.042,112.65,2009.0,3081.93
FD2173,Regular,Canned,OUT004,Medium,Tier 2,Supermarket Type2,10.96,0.137,122.25,2009.0,2564.53
FD7596,Low Sugar,Snack Foods,OUT002,Small,Tier 3,Food Mart,9.07,0.062,123.23,1998.0,2156.45
FD4427,Low Sugar,Meat,OUT004,Medium,Tier 2,Supermarket Type2,12.47,0.174,157.88,2009.0,3633.95
FD5988,Low Sugar,Meat,OUT004,Medium,Tier 2,Supermarket Type2,9.37,0.026,175.97,2009.0,3304.41
FD3068,Low Sugar,Dairy,OUT001,High,Tier 2,Supermarket Type1,14.57,0.021,158.74,1987.0,4125.19
DR6532,Low Sugar,Soft Drinks,OUT001,High,Tier 2,Supermarket Type1,13.34,0.174,200.59,1987.0,4703.68
FD8140,Low Sugar,Canned,OUT004,Medium,Tier 2,Supermarket Type2,11.29,0.015,147.64,2009.0,3157.74
NC6246,No Sugar,Household,OUT001,High,Tier 2,Supermarket Type1,12.27,0.066,218.89,1987.0,4836.67
FD7705,Low Sugar,Frozen Foods,OUT001,High,Tier 2,Supermarket Type1,11.76,0.124,185.36,1987.0,4034.76
FD3498,Regular,Dairy,OUT004,Medium,Tier 2,Supermarket Type2,9.55,0.035,144.86,2009.0,2708.6
FD1847,Low Sugar,Fruits and Vegetables,OUT001,High,Tier 2,Supermarket Type1,12.17,0.185,186.71,1987.0,4155.55
FD2353,Regular,Snack Foods,OUT002,Small,Tier 3,Food Mart,10.76,0.038,79.01,1998.0,1634.51
FD832,Low Sugar,Fruits and Vegetables,OUT001,High,Tier 2,Supermarket Type1,11.6,0.028,190.11,1987.0,4096.83
FD6430,Low Sugar,Snack Foods,OUT004,Medium,Tier 2,Supermarket Type2,10.99,0.057,140.77,2009.0,2949.75
DR5914,Regular,Soft Drinks,OUT004,Medium,Tier 2,Supermarket Type2,12.61,0.093,131.79,2009.0,3131.08
FD8251,Regular,Frozen Foods,OUT004,Medium,Tier 2,Supermarket Type2,15.12,0.058,133.4,2009.0,3730.93
FD4203,Regular,Fruits and Vegetables,OUT004,Medium,Tier 2,Supermarket Type2,13.06,0.074,160.34,2009.0,3817.18
FD1479,Regular,Fruits and Vegetables,OUT001,High,Tier 2,Supermarket Type1,9.99,0.09,125.79,1987.0,2416.69
FD327,Low Sugar,Meat,OUT002,Small,Tier 3,Food Mart,12.14,0.142,149.87,1998.0,864.91
FD519,Regular,Fruits and Vegetables,OUT004,Medium,Tier 2,Supermarket Type2,11.58,0.045,117.86,2009.0,3527.11
FD8484,Regular,Frozen Foods,OUT004,Medium,Tier 2,Supermarket Type2,12.47,0.013,156.41,2009.0,3603.48
FD536,Regular,Seafood,OUT004,Medium,Tier 2,Supermarket Type2,11.8,0.082,163.81,2009.0,2142.41
FD1760,Low Sugar,Fruits and Vegetables,OUT004,Medium,Tier 2,Supermarket Type2,12.3,0.008,157.24,2009.0,3582.28
FD458,Low Sugar,Starchy Foods,OUT004,Medium,Tier 2,Supermarket Type2,10.66,0.174,141.0,2009.0,1640.82
FD829,Regular,Canned,OUT004,Medium,Tier 2,Supermarket Type2,10.47,0.062,187.02,2009.0,3778.9
FD2819,Low Sugar,Seafood,OUT002,Small,Tier 3,Food Mart,10.15,0.121,98.69,1998.0,1899.59
FD1066,Low Sugar,Canned,OUT004,Medium,Tier 2,Supermarket Type2,13.01,0.026,117.67,2009.0,2933.89
FD3401,Regular,Snack Foods,OUT004,Medium,Tier 2,Supermarket Type2,12.65,0.064,168.33,2009.0,3887.86
NC6814,No Sugar,Household,OUT001,High,Tier 2,Supermarket Type1,11.52,0.043,110.57,1987.0,2451.61
NC7228,No Sugar,Health and Hygiene,OUT004,Medium,Tier 2,Supermarket Type2,13.64,0.006,133.06,2009.0,3390.46
FD6012,Low Sugar,Fruits and Vegetables,OUT001,High,Tier 2,Supermarket Type1,14.83,0.08,176.77,1987.0,4554.39
NC6183,No Sugar,Household,OUT004,Medium,Tier 2,Supermarket Type2,12.96,0.064,144.34,2009.0,3468.12
FD4299,Regular,Meat,OUT004,Medium,Tier 2,Supermarket Type2,14.14,0.22,139.43,2009.0,3632.97
FD2444,Low Sugar,Breakfast,OUT004,Medium,Tier 2,Supermarket Type2,12.61,0.016,120.22,2009.0,2894.69
FD1049,Regular,Dairy,OUT004,Medium,Tier 2,Supermarket Type2,13.35,0.067,139.96,2009.0,3466.9
FD3538,Low Sugar,Baking Goods,OUT004,Medium,Tier 2,Supermarket Type2,12.37,0.037,120.81,2009.0,2852.93
NC1899,No Sugar,Health and Hygiene,OUT001,High,Tier 2,Supermarket Type1,14.34,0.026,162.64,1987.0,4153.3
FD3738,Regular,Frozen Foods,OUT001,High,Tier 2,Supermarket Type1,15.42,0.021,187.03,1987.0,4897.07
FD7584,Low Sugar,Snack Foods,OUT002,Small,Tier 3,Food Mart,10.94,0.129,106.17,1998.0,2231.1
FD1246,Low Sugar,Meat,OUT004,Medium,Tier 2,Supermarket Type2,10.95,0.027,191.65,2009.0,3981.67
FD8612,Regular,Baking Goods,OUT004,Medium,Tier 2,Supermarket Type2,11.47,0.026,117.64,2009.0,2584.59
FD1504,Low Sugar,Canned,OUT004,Medium,Tier 2,Supermarket Type2,11.44,0.096,118.25,2009.0,2590.15
FD8591,Low Sugar,Snack Foods,OUT004,Medium,Tier 2,Supermarket Type2,8.2,0.114,156.97,2009.0,2650.14
DR6578,Low Sugar,Hard Drinks,OUT001,High,Tier 2,Supermarket Type1,13.68,0.041,163.52,1987.0,4022.4
FD7968,Regular,Frozen Foods,OUT001,High,Tier 2,Supermarket Type1,11.11,0.019,112.91,1987.0,2405.72
FD1420,Regular,Breakfast,OUT002,Small,Tier 3,Food Mart,10.84,0.034,77.26,1998.0,1615.93
FD6356,Low Sugar,Breads,OUT004,Medium,Tier 2,Supermarket Type2,12.06,0.058,131.64,2009.0,3004.58
NC6577,No Sugar,Household,OUT001,High,Tier 2,Supermarket Type1,14.28,0.077,162.93,1987.0,4146.19
FD918,Regular,Baking Goods,OUT001,High,Tier 2,Supermarket Type1,15.93,0.026,168.48,1987.0,4631.76
FD4030,Low Sugar,Fruits and Vegetables,OUT001,High,Tier 2,Supermarket Type1,8.7,0.079,136.77,1987.0,2350.18
FD8046,Low Sugar,Fruits and Vegetables,OUT001,High,Tier 2,Supermarket Type1,14.47,0.033,181.67,1987.0,4571.91
FD6230,Low Sugar,Fruits and Vegetables,OUT002,Small,Tier 3,Food Mart,9.85,0.121,104.63,1998.0,1951.93
NC7566,No Sugar,Household,OUT002,Small,Tier 3,Food Mart,9.78,0.042,75.19,1998.0,1334.61
FD4094,Low Sugar,Fruits and Vegetables,OUT004,Medium,Tier 2,Supermarket Type2,13.81,0.016,114.58,2009.0,3051.48
FD2327,Regular,Baking Goods,OUT004,Medium,Tier 2,Supermarket Type2,11.0,0.119,127.96,2009.0,2688.75
NC7758,No Sugar,Health and Hygiene,OUT001,High,Tier 2,Supermarket Type1,15.01,0.032,181.13,1987.0,4682.53
FD4571,Regular,Snack Foods,OUT002,Small,Tier 3,Food Mart,8.84,0.006,89.17,1998.0,1408.07
FD5833,Low Sugar,Frozen Foods,OUT004,Medium,Tier 2,Supermarket Type2,14.28,0.121,152.84,2009.0,3939.24
FD1716,Regular,Frozen Foods,OUT004,Medium,Tier 2,Supermarket Type2,13.27,0.061,142.68,2009.0,3502.67
FD2806,Regular,Dairy,OUT004,Medium,Tier 2,Supermarket Type2,11.08,0.171,138.17,2009.0,2915.59
FD4857,Low Sugar,Snack Foods,OUT001,High,Tier 2,Supermarket Type1,17.16,0.089,151.41,1987.0,4561.96
FD3359,Low Sugar,Fruits and Vegetables,OUT002,Small,Tier 3,Food Mart,10.22,0.053,115.57,1998.0,2259.04
FD3860,Low Sugar,Dairy,OUT004,Medium,Tier 2,Supermarket Type2,11.14,0.038,138.81,2009.0,2942.9
FD6040,Low Sugar,Fruits and Vegetables,OUT004,Medium,Tier 2,Supermarket Type2,12.44,0.025,157.96,2009.0,3628.14
FD8587,Low Sugar,Canned,OUT001,High,Tier 2,Supermarket Type1,10.92,0.051,116.75,1987.0,2442.72
FD6603,Low Sugar,Canned,OUT004,Medium,Tier 2,Supermarket Type2,12.61,0.086,146.61,2009.0,3435.67
NC6411,No Sugar,Health and Hygiene,OUT001,High,Tier 2,Supermarket Type1,11.36,0.12,108.46,1987.0,2371.79
FD2176,Low Sugar,Frozen Foods,OUT004,Medium,Tier 2,Supermarket Type2,10.06,0.142,161.89,2009.0,3171.96
FD6643,Low Sugar,Dairy,OUT001,High,Tier 2,Supermarket Type1,14.23,0.076,188.09,1987.0,4648.93
FD4591,Low Sugar,Breads,OUT004,Medium,Tier 2,Supermarket Type2,12.67,0.042,159.77,2009.0,3718.86
FD5275,Regular,Fruits and Vegetables,OUT004,Medium,Tier 2,Supermarket Type2,10.16,0.141,169.12,2009.0,3342.77
FD6179,Low Sugar,Baking Goods,OUT001,High,Tier 2,Supermarket Type1,13.25,0.063,168.91,1987.0,4035.47
FD4032,Low Sugar,Dairy,OUT001,High,Tier 2,Supermarket Type1,13.9,0.035,168.12,1987.0,4166.58
FD6269,Low Sugar,Dairy,OUT001,High,Tier 2,Supermarket Type1,14.08,0.142,160.08,1987.0,4043.53
FD4206,Low Sugar,Meat,OUT002,Small,Tier 3,Food Mart,9.89,0.049,111.6,1998.0,2104.16
FD1551,Low Sugar,Snack Foods,OUT004,Medium,Tier 2,Supermarket Type2,12.75,0.036,166.65,2009.0,3876.76
FD2191,Regular,Meat,OUT001,High,Tier 2,Supermarket Type1,16.07,0.067,176.39,1987.0,4825.85
NC385,No Sugar,Health and Hygiene,OUT004,Medium,Tier 2,Supermarket Type2,13.37,0.161,163.02,2009.0,4570.94
FD3858,Low Sugar,Snack Foods,OUT004,Medium,Tier 2,Supermarket Type2,11.78,0.09,112.53,2009.0,2549.0
FD5534,Low Sugar,Frozen Foods,OUT004,Medium,Tier 2,Supermarket Type2,10.53,0.008,142.38,2009.0,2878.31
DR7186,Regular,Soft Drinks,OUT004,Medium,Tier 2,Supermarket Type2,12.92,0.088,116.99,2009.0,2899.03
FD4310,Regular,Seafood,OUT002,Small,Tier 3,Food Mart,9.72,0.065,107.11,1998.0,1973.29
NC5366,No Sugar,Household,OUT004,Medium,Tier 2,Supermarket Type2,14.55,0.05,147.2,2009.0,3885.32
FD8382,Regular,Baking Goods,OUT004,Medium,Tier 2,Supermarket Type2,11.69,0.079,125.99,2009.0,2804.18
FD6980,Low Sugar,Dairy,OUT004,Medium,Tier 2,Supermarket Type2,10.37,0.019,163.15,2009.0,3268.11
FD6176,Low Sugar,Dairy,OUT004,Medium,Tier 2,Supermarket Type2,12.44,0.135,119.38,2009.0,2839.48
FD5096,Low Sugar,Fruits and Vegetables,OUT004,Medium,Tier 2,Supermarket Type2,10.71,0.108,147.38,2009.0,3020.84
FD696,Low Sugar,Canned,OUT001,High,Tier 2,Supermarket Type1,10.83,0.174,111.45,1987.0,2314.46
FD3387,Low Sugar,Seafood,OUT004,Medium,Tier 2,Supermarket Type2,14.16,0.055,138.84,2009.0,3627.0
FD3680,Regular,Meat,OUT004,Medium,Tier 2,Supermarket Type2,13.91,0.02,131.4,2009.0,3416.75
FD8183,Regular,Baking Goods,OUT004,Medium,Tier 2,Supermarket Type2,14.28,0.082,134.29,2009.0,3561.14
FD4892,Low Sugar,Canned,OUT001,High,Tier 2,Supermarket Type1,9.54,0.017,131.99,1987.0,2441.45
FD7575,Regular,Meat,OUT004,Medium,Tier 2,Supermarket Type2,11.29,0.096,144.37,2009.0,3091.57
FD7866,Low Sugar,Baking Goods,OUT002,Small,Tier 3,Food Mart,12.14,0.09,95.05,1998.0,2273.91
FD3314,Low Sugar,Canned,OUT001,High,Tier 2,Supermarket Type1,12.26,0.079,103.41,1987.0,2472.82
NC7435,No Sugar,Household,OUT004,Medium,Tier 2,Supermarket Type2,11.58,0.09,123.81,2009.0,2735.03
FD6790,Low Sugar,Baking Goods,OUT004,Medium,Tier 2,Supermarket Type2,11.85,0.095,168.44,2009.0,3709.85
NC7701,No Sugar,Household,OUT002,Small,Tier 3,Food Mart,9.04,0.011,81.64,1998.0,1298.52
FD4045,Regular,Frozen Foods,OUT002,Small,Tier 3,Food Mart,9.21,0.064,124.82,1998.0,2220.56
FD5967,Low Sugar,Snack Foods,OUT002,Small,Tier 3,Food Mart,10.15,0.087,92.32,1998.0,1769.09
FD1396,Regular,Fruits and Vegetables,OUT004,Medium,Tier 2,Supermarket Type2,13.36,0.04,113.38,2009.0,2925.1
FD2058,Low Sugar,Snack Foods,OUT002,Small,Tier 3,Food Mart,7.44,0.076,78.77,1998.0,877.75
NC2038,No Sugar,Household,OUT001,High,Tier 2,Supermarket Type1,11.56,0.048,188.35,1987.0,4050.75
FD5391,Regular,Breads,OUT004,Medium,Tier 2,Supermarket Type2,7.34,0.058,170.06,2009.0,2723.51
FD8544,Low Sugar,Canned,OUT002,Small,Tier 3,Food Mart,7.65,0.019,126.46,1998.0,1901.23
NC4659,No Sugar,Household,OUT004,Medium,Tier 2,Supermarket Type2,12.95,0.141,148.36,2009.0,3548.75
NC6399,No Sugar,Health and Hygiene,OUT004,Medium,Tier 2,Supermarket Type2,15.17,0.076,121.39,2009.0,3498.48
FD8263,Low Sugar,Canned,OUT004,Medium,Tier 2,Supermarket Type2,10.22,0.077,129.55,2009.0,2546.38
DR1910,Low Sugar,Soft Drinks,OUT002,Small,Tier 3,Food Mart,10.81,0.089,82.99,1998.0,1727.25
FD2931,Regular,Fruits and Vegetables,OUT004,Medium,Tier 2,Supermarket Type2,13.1,0.041,124.94,2009.0,3102.7
FD3853,Regular,Snack Foods,OUT004,Medium,Tier 2,Supermarket Type2,11.14,0.026,144.51,2009.0,3058.9
FD3923,Low Sugar,Dairy,OUT002,Small,Tier 3,Food Mart,10.51,0.062,53.83,1998.0,1062.04
FD7389,Regular,Dairy,OUT004,Medium,Tier 2,Supermarket Type2,12.65,0.094,132.79,2009.0,3162.14
NC1909,No Sugar,Household,OUT004,Medium,Tier 2,Supermarket Type2,10.83,0.073,149.99,2009.0,3102.45
FD818,Low Sugar,Snack Foods,OUT004,Medium,Tier 2,Supermarket Type2,12.62,0.028,104.69,2009.0,2578.65
FD2218,Regular,Frozen Foods,OUT004,Medium,Tier 2,Supermarket Type2,14.46,0.162,147.39,2009.0,3869.61
FD5493,Low Sugar,Fruits and Vegetables,OUT004,Medium,Tier 2,Supermarket Type2,11.48,0.014,136.32,2009.0,2968.65
FD672,Low Sugar,Snack Foods,OUT004,Medium,Tier 2,Supermarket Type2,14.16,0.063,129.12,2009.0,3427.3
FD8036,Low Sugar,Meat,OUT004,Medium,Tier 2,Supermarket Type2,10.98,0.055,142.47,2009.0,2981.6
FD8128,Low Sugar,Dairy,OUT001,High,Tier 2,Supermarket Type1,13.94,0.073,165.92,1987.0,4130.36
FD1686,Low Sugar,Baking Goods,OUT001,High,Tier 2,Supermarket Type1,13.45,0.094,192.35,1987.0,4561.74
FD5865,Regular,Baking Goods,OUT004,Medium,Tier 2,Supermarket Type2,13.7,0.089,152.91,2009.0,3809.67
DR4470,Low Sugar,Soft Drinks,OUT004,Medium,Tier 2,Supermarket Type2,13.66,0.057,146.74,2009.0,3675.82
FD1394,Regular,Snack Foods,OUT004,Medium,Tier 2,Supermarket Type2,11.8,0.112,142.17,2009.0,3160.19
NC2073,No Sugar,Health and Hygiene,OUT001,High,Tier 2,Supermarket Type1,10.08,0.154,119.91,1987.0,2316.14
FD6851,Low Sugar,Baking Goods,OUT004,Medium,Tier 2,Supermarket Type2,11.52,0.132,177.06,2009.0,3811.71
FD5409,Low Sugar,Frozen Foods,OUT001,High,Tier 2,Supermarket Type1,14.17,0.175,187.12,1987.0,4615.58
FD863,Low Sugar,Breads,OUT004,Medium,Tier 2,Supermarket Type2,10.63,0.082,159.04,2009.0,3242.1
FD6969,Low Sugar,Dairy,OUT001,High,Tier 2,Supermarket Type1,12.64,0.12,175.83,1987.0,4038.5
NC255,No Sugar,Household,OUT002,Small,Tier 3,Food Mart,13.73,0.009,205.17,1998.0,1179.5
FD3856,Low Sugar,Dairy,OUT004,Medium,Tier 2,Supermarket Type2,14.75,0.104,148.76,2009.0,3961.79
FD2904,Low Sugar,Dairy,OUT004,Medium,Tier 2,Supermarket Type2,12.31,0.086,137.47,2009.0,3179.34
NC1973,No Sugar,Health and Hygiene,OUT001,High,Tier 2,Supermarket Type1,10.86,0.128,111.79,1987.0,2327.86
FD3774,Regular,Canned,OUT001,High,Tier 2,Supermarket Type1,15.89,0.016,142.78,1987.0,4097.18
FD523,Low Sugar,Snack Foods,OUT002,Small,Tier 3,Food Mart,14.85,0.113,177.8,1998.0,1766.25
NC1667,No Sugar,Household,OUT004,Medium,Tier 2,Supermarket Type2,12.31,0.129,105.99,2009.0,2536.09
FD1220,Regular,Starchy Foods,OUT004,Medium,Tier 2,Supermarket Type2,12.29,0.108,156.35,2009.0,3561.73
NC3322,No Sugar,Health and Hygiene,OUT001,High,Tier 2,Supermarket Type1,13.82,0.021,162.84,1987.0,4041.33
FD2879,Regular,Fruits and Vegetables,OUT004,Medium,Tier 2,Supermarket Type2,12.37,0.083,166.94,2009.0,3796.12
FD7766,Low Sugar,Breads,OUT004,Medium,Tier 2,Supermarket Type2,12.12,0.102,134.17,2009.0,3068.75
NC3906,No Sugar,Household,OUT004,Medium,Tier 2,Supermarket Type2,11.31,0.108,150.22,2009.0,3215.61
NC7323,No Sugar,Household,OUT004,Medium,Tier 2,Supermarket Type2,13.58,0.022,145.46,2009.0,3630.44
FD4387,Regular,Fruits and Vegetables,OUT004,Medium,Tier 2,Supermarket Type2,10.49,0.031,151.06,2009.0,3047.47
NC1374,No Sugar,Health and Hygiene,OUT002,Small,Tier 3,Food Mart,12.9,0.025,76.23,1998.0,2061.04
NC3996,No Sugar,Health and Hygiene,OUT004,Medium,Tier 2,Supermarket Type2,13.91,0.12,128.0,2009.0,3348.83
NC2310,No Sugar,Health and Hygiene,OUT004,Medium,Tier 2,Supermarket Type2,10.97,0.082,168.37,2009.0,3509.36
FD6562,Low Sugar,Snack Foods,OUT004,Medium,Tier 2,Supermarket Type2,10.35,0.1,130.27,2009.0,2589.27
FD5764,Low Sugar,Canned,OUT001,High,Tier 2,Supermarket Type1,17.36,0.085,147.81,1987.0,4531.9
FD2020,Low Sugar,Baking Goods,OUT002,Small,Tier 3,Food Mart,10.38,0.014,107.67,1998.0,2135.17
DR1725,Low Sugar,Hard Drinks,OUT004,Medium,Tier 2,Supermarket Type2,11.46,0.11,129.89,2009.0,2833.62
DR945,Low Sugar,Soft Drinks,OUT004,Medium,Tier 2,Supermarket Type2,11.73,0.161,122.44,2009.0,2741.19
FD7110,Low Sugar,Frozen Foods,OUT004,Medium,Tier 2,Supermarket Type2,11.1,0.137,147.9,2009.0,3120.8
FD2462,Low Sugar,Baking Goods,OUT004,Medium,Tier 2,Supermarket Type2,10.71,0.026,152.1,2009.0,3117.95
FD5770,Low Sugar,Snack Foods,OUT004,Medium,Tier 2,Supermarket Type2,12.12,0.072,122.45,2009.0,2829.6
FD5210,Low Sugar,Baking Goods,OUT002,Small,Tier 3,Food Mart,10.22,0.075,108.72,1998.0,2118.53
FD6071,Low Sugar,Meat,OUT004,Medium,Tier 2,Supermarket Type2,12.13,0.038,137.0,2009.0,3129.14
FD936,Low Sugar,Snack Foods,OUT004,Medium,Tier 2,Supermarket Type2,14.38,0.056,129.89,2009.0,3493.6
FD1378,Regular,Snack Foods,OUT004,Medium,Tier 2,Supermarket Type2,10.33,0.03,177.97,2009.0,3562.24
NC3084,No Sugar,Household,OUT002,Small,Tier 3,Food Mart,9.36,0.039,107.02,1998.0,1889.68
FD2872,Regular,Meat,OUT004,Medium,Tier 2,Supermarket Type2,12.79,0.174,162.29,2009.0,3797.06
FD1088,Regular,Baking Goods,OUT004,Medium,Tier 2,Supermarket Type2,11.85,0.17,130.09,2009.0,2925.22
NC1199,No Sugar,Household,OUT004,Medium,Tier 2,Supermarket Type2,13.22,0.157,115.95,2009.0,2946.39
NC8165,No Sugar,Household,OUT004,Medium,Tier 2,Supermarket Type2,12.77,0.095,138.01,2009.0,3294.63
FD2566,Regular,Canned,OUT004,Medium,Tier 2,Supermarket Type2,10.19,0.025,165.24,2009.0,3269.54
DR6318,Regular,Soft Drinks,OUT004,Medium,Tier 2,Supermarket Type2,11.0,0.078,167.49,2009.0,3498.89
FD5031,Low Sugar,Canned,OUT004,Medium,Tier 2,Supermarket Type2,13.08,0.085,150.7,2009.0,3624.61
FD745,Low Sugar,Baking Goods,OUT004,Medium,Tier 2,Supermarket Type2,13.01,0.122,138.08,2009.0,3351.71
NC7106,No Sugar,Household,OUT002,Small,Tier 3,Food Mart,10.27,0.136,89.17,1998.0,1729.69
NC1197,No Sugar,Household,OUT001,High,Tier 2,Supermarket Type1,14.67,0.041,184.14,1987.0,4669.2
NC6066,No Sugar,Health and Hygiene,OUT004,Medium,Tier 2,Supermarket Type2,13.7,0.016,136.46,2009.0,3473.05
DR4986,Low Sugar,Hard Drinks,OUT004,Medium,Tier 2,Supermarket Type2,13.28,0.071,127.34,2009.0,3191.77
NC1857,No Sugar,Household,OUT002,Small,Tier 3,Food Mart,9.97,0.083,96.19,1998.0,1805.79
NC7870,No Sugar,Household,OUT002,Small,Tier 3,Food Mart,8.86,0.099,129.0,1998.0,2227.51
FD4424,Regular,Meat,OUT004,Medium,Tier 2,Supermarket Type2,13.57,0.081,133.88,2009.0,3392.46
FD351,Low Sugar,Fruits and Vegetables,OUT002,Small,Tier 3,Food Mart,13.29,0.128,192.34,1998.0,1120.76
NC5992,No Sugar,Household,OUT004,Medium,Tier 2,Supermarket Type2,12.34,0.061,159.88,2009.0,3645.03
FD2345,Low Sugar,Breads,OUT004,Medium,Tier 2,Supermarket Type2,14.15,0.021,147.57,2009.0,3801.62
NC7344,No Sugar,Household,OUT002,Small,Tier 3,Food Mart,10.48,0.021,92.45,1998.0,1845.4
FD7142,Low Sugar,Canned,OUT004,Medium,Tier 2,Supermarket Type2,10.88,0.063,143.66,2009.0,2983.87
FD6901,Low Sugar,Dairy,OUT004,Medium,Tier 2,Supermarket Type2,14.84,0.078,133.89,2009.0,3679.12
FD1032,Low Sugar,Dairy,OUT002,Small,Tier 3,Food Mart,6.65,0.021,127.04,1998.0,1687.72
FD4251,Low Sugar,Meat,OUT004,Medium,Tier 2,Supermarket Type2,11.09,0.022,130.95,2009.0,2770.43
FD161,Low Sugar,Fruits and Vegetables,OUT001,High,Tier 2,Supermarket Type1,14.96,0.076,182.36,1987.0,3283.64
DR923,Regular,Hard Drinks,OUT004,Medium,Tier 2,Supermarket Type2,10.59,0.009,136.19,2009.0,2765.86
NC8298,No Sugar,Health and Hygiene,OUT002,Small,Tier 3,Food Mart,11.0,0.055,83.7,1998.0,1783.99
NC1728,No Sugar,Health and Hygiene,OUT004,Medium,Tier 2,Supermarket Type2,11.8,0.083,127.26,2009.0,2854.87
FD2287,Regular,Seafood,OUT004,Medium,Tier 2,Supermarket Type2,10.49,0.096,131.73,2009.0,2650.56
FD484,Low Sugar,Canned,OUT002,Small,Tier 3,Food Mart,13.61,0.026,108.18,1998.0,1338.06
FD2802,Low Sugar,Dairy,OUT004,Medium,Tier 2,Supermarket Type2,14.4,0.126,147.1,2009.0,3850.14
FD7001,Low Sugar,Fruits and Vegetables,OUT004,Medium,Tier 2,Supermarket Type2,10.74,0.175,151.56,2009.0,3113.45
DR4163,Low Sugar,Soft Drinks,OUT004,Medium,Tier 2,Supermarket Type2,13.32,0.046,111.12,2009.0,2868.74
FD996,Regular,Fruits and Vegetables,OUT004,Medium,Tier 2,Supermarket Type2,10.33,0.042,159.97,2009.0,3192.8
NC375,No Sugar,Household,OUT002,Small,Tier 3,Food Mart,7.6,0.063,134.67,1998.0,880.44
FD8578,Low Sugar,Frozen Foods,OUT002,Small,Tier 3,Food Mart,9.44,0.033,104.08,1998.0,1847.37
FD4473,Low Sugar,Fruits and Vegetables,OUT004,Medium,Tier 2,Supermarket Type2,11.58,0.038,143.92,2009.0,3146.56
FD7804,Regular,Baking Goods,OUT004,Medium,Tier 2,Supermarket Type2,14.8,0.147,145.64,2009.0,3910.7
FD4538,Low Sugar,Dairy,OUT004,Medium,Tier 2,Supermarket Type2,15.81,0.088,130.95,2009.0,3837.71
FD2496,Low Sugar,Dairy,OUT004,Medium,Tier 2,Supermarket Type2,12.27,0.016,150.2,2009.0,3431.56
DR1805,Regular,Soft Drinks,OUT004,Medium,Tier 2,Supermarket Type2,11.55,0.059,130.07,2009.0,2857.01
FD3791,Low Sugar,Fruits and Vegetables,OUT004,Medium,Tier 2,Supermarket Type2,15.09,0.162,140.83,2009.0,3877.64
FD4208,Regular,Fruits and Vegetables,OUT004,Medium,Tier 2,Supermarket Type2,14.93,0.007,141.63,2009.0,3858.15
FD1506,Low Sugar,Frozen Foods,OUT004,Medium,Tier 2,Supermarket Type2,13.81,0.035,117.24,2009.0,3105.19
FD5187,Low Sugar,Fruits and Vegetables,OUT004,Medium,Tier 2,Supermarket Type2,13.76,0.036,145.03,2009.0,3662.76
FD3133,Low Sugar,Baking Goods,OUT004,Medium,Tier 2,Supermarket Type2,11.11,0.138,152.91,2009.0,3224.02
FD1827,Regular,Frozen Foods,OUT004,Medium,Tier 2,Supermarket Type2,12.15,0.047,140.69,2009.0,3209.66
FD6564,Low Sugar,Frozen Foods,OUT001,High,Tier 2,Supermarket Type1,13.89,0.015,196.66,1987.0,4748.77
FD7924,Low Sugar,Dairy,OUT004,Medium,Tier 2,Supermarket Type2,12.58,0.059,146.51,2009.0,3427.25
FD4818,Low Sugar,Fruits and Vegetables,OUT004,Medium,Tier 2,Supermarket Type2,12.51,0.015,157.5,2009.0,3635.72
FD7574,Low Sugar,Canned,OUT004,Medium,Tier 2,Supermarket Type2,13.3,0.113,139.09,2009.0,3436.14
FD3452,Low Sugar,Baking Goods,OUT004,Medium,Tier 2,Supermarket Type2,11.27,0.014,146.13,2009.0,3122.95
FD7164,Regular,Baking Goods,OUT004,Medium,Tier 2,Supermarket Type2,11.96,0.024,137.69,2009.0,3106.37
FD874,Low Sugar,Meat,OUT001,High,Tier 2,Supermarket Type1,11.64,0.078,190.67,1987.0,4117.8
NC7616,No Sugar,Health and Hygiene,OUT004,Medium,Tier 2,Supermarket Type2,12.76,0.094,100.44,2009.0,2525.18
DR3220,Low Sugar,Hard Drinks,OUT004,Medium,Tier 2,Supermarket Type2,11.91,0.127,159.0,2009.0,3529.48
FD3030,Low Sugar,Frozen Foods,OUT004,Medium,Tier 2,Supermarket Type2,10.02,0.032,146.9,2009.0,2855.97
NC8202,No Sugar,Household,OUT004,Medium,Tier 2,Supermarket Type2,11.07,0.063,175.61,2009.0,3679.39
FD1390,Regular,Snack Foods,OUT001,High,Tier 2,Supermarket Type1,15.59,0.104,149.51,1987.0,4167.33
FD5918,Low Sugar,Fruits and Vegetables,OUT001,High,Tier 2,Supermarket Type1,16.34,0.024,165.12,1987.0,4657.19
NC6048,No Sugar,Others,OUT004,Medium,Tier 2,Supermarket Type2,12.08,0.056,173.49,2009.0,3865.59
FD5492,Low Sugar,Dairy,OUT002,Small,Tier 3,Food Mart,9.03,0.119,123.07,1998.0,2143.28
FD701,Low Sugar,Seafood,OUT004,Medium,Tier 2,Supermarket Type2,14.53,0.054,142.33,2009.0,3780.33
FD7521,Low Sugar,Baking Goods,OUT001,High,Tier 2,Supermarket Type1,14.14,0.011,159.49,1987.0,4045.4
NC7843,No Sugar,Others,OUT001,High,Tier 2,Supermarket Type1,11.83,0.096,182.95,1987.0,4001.93
NC7961,No Sugar,Health and Hygiene,OUT004,Medium,Tier 2,Supermarket Type2,10.42,0.11,128.48,2009.0,2568.49
FD4145,Low Sugar,Meat,OUT002,Small,Tier 3,Food Mart,7.3,0.066,106.72,1998.0,1417.59
FD87,Regular,Frozen Foods,OUT001,High,Tier 2,Supermarket Type1,11.1,0.028,113.17,1987.0,4810.31
DR6480,Regular,Hard Drinks,OUT002,Small,Tier 3,Food Mart,11.35,0.023,95.79,1998.0,2111.1
FD1020,Regular,Meat,OUT004,Medium,Tier 2,Supermarket Type2,12.63,0.027,124.38,2009.0,2983.74
FD3261,Regular,Baking Goods,OUT004,Medium,Tier 2,Supermarket Type2,12.14,0.014,140.33,2009.0,3200.56
FD5033,Low Sugar,Snack Foods,OUT004,Medium,Tier 2,Supermarket Type2,12.84,0.066,158.02,2009.0,3720.69
FD8066,Low Sugar,Snack Foods,OUT004,Medium,Tier 2,Supermarket Type2,12.86,0.036,159.84,2009.0,3761.53
FD5067,Regular,Baking Goods,OUT002,Small,Tier 3,Food Mart,9.36,0.036,117.28,1998.0,2100.59
DR5721,Regular,Soft Drinks,OUT001,High,Tier 2,Supermarket Type1,12.28,0.126,180.88,1987.0,4060.81
FD5264,Regular,Fruits and Vegetables,OUT004,Medium,Tier 2,Supermarket Type2,12.66,0.066,117.41,2009.0,2849.03
FD2137,Low Sugar,Fruits and Vegetables,OUT001,High,Tier 2,Supermarket Type1,13.32,0.076,175.0,1987.0,4175.82
FD5401,Regular,Baking Goods,OUT002,Small,Tier 3,Food Mart,10.98,0.045,59.3,1998.0,1280.99
FD8172,Low Sugar,Snack Foods,OUT002,Small,Tier 3,Food Mart,9.59,0.034,81.34,1998.0,1416.09
NC8072,No Sugar,Household,OUT002,Small,Tier 3,Food Mart,10.34,0.022,115.39,1998.0,2284.23
NC5411,No Sugar,Household,OUT004,Medium,Tier 2,Supermarket Type2,12.28,0.16,172.16,2009.0,3882.42
FD3367,Low Sugar,Snack Foods,OUT001,High,Tier 2,Supermarket Type1,14.39,0.139,163.84,1987.0,4189.66
FD6838,Low Sugar,Seafood,OUT004,Medium,Tier 2,Supermarket Type2,10.81,0.138,161.84,2009.0,3340.89
FD5581,Low Sugar,Dairy,OUT004,Medium,Tier 2,Supermarket Type2,13.83,0.022,136.53,2009.0,3504.05
FD3941,Regular,Frozen Foods,OUT004,Medium,Tier 2,Supermarket Type2,11.42,0.015,125.11,2009.0,2727.01
FD243,reg,Baking Goods,OUT004,Medium,Tier 2,Supermarket Type2,13.18,0.047,164.47,2009.0,4684.25
FD2719,Low Sugar,Canned,OUT001,High,Tier 2,Supermarket Type1,9.68,0.03,130.73,1987.0,2448.62
FD1296,Low Sugar,Fruits and Vegetables,OUT004,Medium,Tier 2,Supermarket Type2,10.45,0.019,141.04,2009.0,2833.3
FD2813,Regular,Meat,OUT004,Medium,Tier 2,Supermarket Type2,12.43,0.021,152.28,2009.0,3510.01
DR1292,Regular,Soft Drinks,OUT002,Small,Tier 3,Food Mart,10.38,0.03,109.52,1998.0,2172.25
FD246,Low Sugar,Meat,OUT002,Small,Tier 3,Food Mart,9.01,0.22,135.19,1998.0,1748.5
NC2614,No Sugar,Health and Hygiene,OUT004,Medium,Tier 2,Supermarket Type2,9.44,0.09,138.93,2009.0,2560.36
FD6960,Low Sugar,Breads,OUT001,High,Tier 2,Supermarket Type1,11.23,0.031,107.35,1987.0,2318.76
FD6919,Low Sugar,Snack Foods,OUT004,Medium,Tier 2,Supermarket Type2,11.07,0.089,122.63,2009.0,2596.74
NC3561,No Sugar,Others,OUT002,Small,Tier 3,Food Mart,11.19,0.077,89.56,1998.0,1946.72
FD1571,Regular,Baking Goods,OUT002,Small,Tier 3,Food Mart,11.43,0.065,99.29,1998.0,2200.72
FD7505,Low Sugar,Fruits and Vegetables,OUT004,Medium,Tier 2,Supermarket Type2,10.47,0.102,167.98,2009.0,3389.39
FD5899,Regular,Frozen Foods,OUT004,Medium,Tier 2,Supermarket Type2,8.72,0.098,152.5,2009.0,2675.68
FD8675,Low Sugar,Baking Goods,OUT004,Medium,Tier 2,Supermarket Type2,11.92,0.035,164.91,2009.0,3652.58
FD4232,Low Sugar,Snack Foods,OUT004,Medium,Tier 2,Supermarket Type2,12.09,0.102,135.79,2009.0,3095.06
FD173,Regular,Snack Foods,OUT004,Medium,Tier 2,Supermarket Type2,10.85,0.061,121.22,2009.0,1755.32
FD7989,Low Sugar,Baking Goods,OUT001,High,Tier 2,Supermarket Type1,12.26,0.046,96.74,1987.0,2334.68
FD279,Low Sugar,Frozen Foods,OUT002,Small,Tier 3,Food Mart,14.17,0.082,161.55,1998.0,1786.99
FD4196,Low Sugar,Frozen Foods,OUT002,Small,Tier 3,Food Mart,10.79,0.043,102.29,1998.0,2116.18
NC1755,No Sugar,Household,OUT004,Medium,Tier 2,Supermarket Type2,12.84,0.077,129.38,2009.0,3134.1
NC2871,No Sugar,Health and Hygiene,OUT001,High,Tier 2,Supermarket Type1,8.69,0.063,143.86,1987.0,2493.76
NC1449,No Sugar,Health and Hygiene,OUT004,Medium,Tier 2,Supermarket Type2,10.7,0.062,149.39,2009.0,3060.5
FD3775,Low Sugar,Fruits and Vegetables,OUT004,Medium,Tier 2,Supermarket Type2,12.82,0.076,150.09,2009.0,3553.53
NC7223,No Sugar,Household,OUT004,Medium,Tier 2,Supermarket Type2,13.28,0.073,154.5,2009.0,3747.47
FD6424,Low Sugar,Dairy,OUT004,Medium,Tier 2,Supermarket Type2,11.91,0.045,129.12,2009.0,2919.63
FD5249,Low Sugar,Meat,OUT004,Medium,Tier 2,Supermarket Type2,12.45,0.057,114.21,2009.0,2734.81
FD8166,Low Sugar,Fruits and Vegetables,OUT004,Medium,Tier 2,Supermarket Type2,11.41,0.076,144.24,2009.0,3115.23
FD7179,Low Sugar,Frozen Foods,OUT004,Medium,Tier 2,Supermarket Type2,11.92,0.048,111.83,2009.0,2567.84
NC993,No Sugar,Health and Hygiene,OUT002,Small,Tier 3,Food Mart,8.05,0.04,67.14,1998.0,778.1
FD6674,Low Sugar,Meat,OUT004,Medium,Tier 2,Supermarket Type2,12.97,0.053,108.52,2009.0,2736.04
FD1414,Low Sugar,Dairy,OUT001,High,Tier 2,Supermarket Type1,10.01,0.051,120.13,1987.0,2306.75
DR4824,Low Sugar,Soft Drinks,OUT001,High,Tier 2,Supermarket Type1,14.93,0.083,189.03,1987.0,4826.27
FD2912,Regular,Meat,OUT002,Small,Tier 3,Food Mart,8.36,0.042,109.94,1998.0,1724.22
FD1689,Regular,Dairy,OUT004,Medium,Tier 2,Supermarket Type2,11.41,0.099,167.06,2009.0,3582.09
FD4361,Regular,Fruits and Vegetables,OUT002,Small,Tier 3,Food Mart,10.15,0.031,90.96,1998.0,1739.39
NC3013,No Sugar,Health and Hygiene,OUT002,Small,Tier 3,Food Mart,10.25,0.038,82.21,1998.0,1585.11
NC3540,No Sugar,Health and Hygiene,OUT002,Small,Tier 3,Food Mart,8.74,0.056,133.11,1998.0,2283.77
DR5537,Low Sugar,Soft Drinks,OUT001,High,Tier 2,Supermarket Type1,10.95,0.061,110.82,1987.0,2327.71
FD5850,Low Sugar,Frozen Foods,OUT004,Medium,Tier 2,Supermarket Type2,11.99,0.075,161.14,2009.0,3592.84
FD6586,Regular,Baking Goods,OUT002,Small,Tier 3,Food Mart,9.04,0.016,121.11,1998.0,2107.19
NC7657,No Sugar,Health and Hygiene,OUT004,Medium,Tier 2,Supermarket Type2,12.0,0.076,152.55,2009.0,3417.77
FD1286,Low Sugar,Dairy,OUT001,High,Tier 2,Supermarket Type1,13.1,0.007,176.31,1987.0,4153.02
NC5634,No Sugar,Health and Hygiene,OUT004,Medium,Tier 2,Supermarket Type2,11.4,0.063,141.03,2009.0,3047.2
FD5683,Regular,Snack Foods,OUT001,High,Tier 2,Supermarket Type1,15.99,0.064,172.33,1987.0,4724.83
FD7506,Low Sugar,Dairy,OUT004,Medium,Tier 2,Supermarket Type2,14.22,0.038,136.71,2009.0,3596.68
FD6275,Low Sugar,Snack Foods,OUT001,High,Tier 2,Supermarket Type1,15.05,0.055,149.42,1987.0,4044.46
FD6649,Low Sugar,Fruits and Vegetables,OUT004,Medium,Tier 2,Supermarket Type2,10.43,0.066,129.28,2009.0,2588.31
FD5403,Low Sugar,Breads,OUT002,Small,Tier 3,Food Mart,9.65,0.117,106.35,1998.0,1941.92
FD2714,Low Sugar,Frozen Foods,OUT002,Small,Tier 3,Food Mart,9.02,0.073,108.16,1998.0,1835.96
FD1072,Low Sugar,Fruits and Vegetables,OUT002,Small,Tier 3,Food Mart,11.51,0.038,98.6,1998.0,2204.77
FD7970,Regular,Snack Foods,OUT002,Small,Tier 3,Food Mart,10.48,0.144,80.3,1998.0,1596.16
FD1329,Regular,Canned,OUT002,Small,Tier 3,Food Mart,10.4,0.066,90.22,1998.0,1782.06
FD2248,Low Sugar,Dairy,OUT001,High,Tier 2,Supermarket Type1,14.88,0.292,186.77,1987.0,4769.76
FD6659,Low Sugar,Starchy Foods,OUT002,Small,Tier 3,Food Mart,9.65,0.027,94.67,1998.0,1704.05
NC6380,No Sugar,Household,OUT001,High,Tier 2,Supermarket Type1,15.09,0.098,176.37,1987.0,4604.95
NC7842,No Sugar,Health and Hygiene,OUT004,Medium,Tier 2,Supermarket Type2,9.39,0.09,191.52,2009.0,3626.06
FD1447,Regular,Frozen Foods,OUT004,Medium,Tier 2,Supermarket Type2,13.05,0.015,145.06,2009.0,3501.91
FD2994,Low Sugar,Fruits and Vegetables,OUT002,Small,Tier 3,Food Mart,10.0,0.123,92.43,1998.0,1737.61
DR5947,Low Sugar,Soft Drinks,OUT004,Medium,Tier 2,Supermarket Type2,12.17,0.041,118.81,2009.0,2766.9
FD6618,Low Sugar,Baking Goods,OUT002,Small,Tier 3,Food Mart,9.09,0.16,124.01,1998.0,2177.53
FD7709,Low Sugar,Snack Foods,OUT004,Medium,Tier 2,Supermarket Type2,10.4,0.07,161.33,2009.0,3237.31
FD4897,Low Sugar,Dairy,OUT004,Medium,Tier 2,Supermarket Type2,12.16,0.152,148.14,2009.0,3365.46
FD4370,Low Sugar,Fruits and Vegetables,OUT002,Small,Tier 3,Food Mart,10.3,0.016,107.68,1998.0,2116.15
NC480,No Sugar,Health and Hygiene,OUT002,Small,Tier 3,Food Mart,11.68,0.097,129.87,1998.0,1397.17
NC1651,No Sugar,Health and Hygiene,OUT004,Medium,Tier 2,Supermarket Type2,12.49,0.028,151.92,2009.0,3515.72
NC3093,No Sugar,Household,OUT004,Medium,Tier 2,Supermarket Type2,12.65,0.038,137.61,2009.0,3258.76
NC3965,No Sugar,Health and Hygiene,OUT004,Medium,Tier 2,Supermarket Type2,13.71,0.176,116.67,2009.0,3071.14
FD5063,Low Sugar,Breakfast,OUT001,High,Tier 2,Supermarket Type1,14.82,0.072,178.16,1987.0,4579.88
FD295,Low Sugar,Dairy,OUT004,Medium,Tier 2,Supermarket Type2,12.44,0.05,115.78,2009.0,3261.44
FD5632,Low Sugar,Snack Foods,OUT004,Medium,Tier 2,Supermarket Type2,12.16,0.059,157.33,2009.0,3552.25
FD8441,Low Sugar,Canned,OUT004,Medium,Tier 2,Supermarket Type2,11.48,0.097,148.56,2009.0,3219.19
NC7625,No Sugar,Health and Hygiene,OUT004,Medium,Tier 2,Supermarket Type2,10.93,0.055,149.27,2009.0,3109.08
NC5737,No Sugar,Household,OUT004,Medium,Tier 2,Supermarket Type2,12.76,0.118,132.28,2009.0,3175.12
FD2227,Regular,Canned,OUT004,Medium,Tier 2,Supermarket Type2,13.16,0.1,166.38,2009.0,3964.74
FD4174,Regular,Canned,OUT004,Medium,Tier 2,Supermarket Type2,11.41,0.034,131.14,2009.0,2847.52
FD6715,Regular,Dairy,OUT004,Medium,Tier 2,Supermarket Type2,13.3,0.076,138.01,2009.0,3415.46
FD5008,Low Sugar,Baking Goods,OUT002,Small,Tier 3,Food Mart,11.99,0.184,71.29,1998.0,1754.44
FD5108,Regular,Snack Foods,OUT004,Medium,Tier 2,Supermarket Type2,10.83,0.051,163.38,2009.0,3375.85
FD1419,Low Sugar,Frozen Foods,OUT004,Medium,Tier 2,Supermarket Type2,11.63,0.004,174.42,2009.0,3782.81
DR2375,Low Sugar,Soft Drinks,OUT004,Medium,Tier 2,Supermarket Type2,13.37,0.064,143.54,2009.0,3543.33
FD6567,Low Sugar,Fruits and Vegetables,OUT002,Small,Tier 3,Food Mart,10.89,0.014,105.7,1998.0,2210.11
FD6175,Regular,Dairy,OUT002,Small,Tier 3,Food Mart,10.35,0.026,112.74,1998.0,2230.35
FD7181,Regular,Starchy Foods,OUT002,Small,Tier 3,Food Mart,8.47,0.031,73.7,1998.0,1006.65
FD5574,Low Sugar,Fruits and Vegetables,OUT004,Medium,Tier 2,Supermarket Type2,10.61,0.124,152.67,2009.0,3106.52
FD1308,Regular,Dairy,OUT004,Medium,Tier 2,Supermarket Type2,14.53,0.02,135.14,2009.0,3634.81
FD3938,Low Sugar,Fruits and Vegetables,OUT004,Medium,Tier 2,Supermarket Type2,12.55,0.084,136.27,2009.0,3209.96
NC4742,No Sugar,Health and Hygiene,OUT004,Medium,Tier 2,Supermarket Type2,11.65,0.036,153.05,2009.0,3350.85
NC6067,No Sugar,Household,OUT002,Small,Tier 3,Food Mart,8.69,0.087,92.38,1998.0,1440.41
FD4357,Low Sugar,Canned,OUT004,Medium,Tier 2,Supermarket Type2,12.68,0.034,121.0,2009.0,2927.83
FD7006,Regular,Snack Foods,OUT004,Medium,Tier 2,Supermarket Type2,9.99,0.118,148.3,2009.0,2876.83
FD5256,Low Sugar,Baking Goods,OUT004,Medium,Tier 2,Supermarket Type2,13.64,0.1,159.32,2009.0,3927.1
NC7813,No Sugar,Health and Hygiene,OUT004,Medium,Tier 2,Supermarket Type2,13.47,0.052,156.76,2009.0,3838.02
FD3205,Low Sugar,Frozen Foods,OUT004,Medium,Tier 2,Supermarket Type2,12.65,0.04,124.33,2009.0,2987.74
NC3722,No Sugar,Household,OUT002,Small,Tier 3,Food Mart,9.66,0.177,86.2,1998.0,1531.37
FD5378,Low Sugar,Meat,OUT002,Small,Tier 3,Food Mart,7.64,0.019,41.84,1998.0,166.92
FD3245,Regular,Baking Goods,OUT004,Medium,Tier 2,Supermarket Type2,10.18,0.077,154.03,2009.0,3037.0
NC418,No Sugar,Household,OUT004,Medium,Tier 2,Supermarket Type2,9.71,0.015,152.0,2009.0,5213.57
FD1654,Regular,Meat,OUT002,Small,Tier 3,Food Mart,7.33,0.039,81.44,1998.0,908.32
FD6180,Regular,Fruits and Vegetables,OUT002,Small,Tier 3,Food Mart,5.72,0.054,73.62,1998.0,384.07
FD8603,Low Sugar,Dairy,OUT001,High,Tier 2,Supermarket Type1,15.56,0.173,179.53,1987.0,4774.57
FD6109,Low Sugar,Baking Goods,OUT004,Medium,Tier 2,Supermarket Type2,13.6,0.094,157.98,2009.0,3891.63
FD748,Low Sugar,Snack Foods,OUT004,Medium,Tier 2,Supermarket Type2,9.02,0.131,180.59,2009.0,3319.43
NC2622,No Sugar,Health and Hygiene,OUT002,Small,Tier 3,Food Mart,7.76,0.026,74.92,1998.0,872.41
FD1596,Low Sugar,Frozen Foods,OUT004,Medium,Tier 2,Supermarket Type2,9.49,0.064,153.55,2009.0,2872.32
FD4915,Low Sugar,Dairy,OUT002,Small,Tier 3,Food Mart,9.44,0.03,97.25,1998.0,1709.21
FD7220,Low Sugar,Snack Foods,OUT001,High,Tier 2,Supermarket Type1,16.3,0.014,171.06,1987.0,4768.37
FD2635,reg,Frozen Foods,OUT004,Medium,Tier 2,Supermarket Type2,12.56,0.066,146.26,2009.0,3415.96
DR5919,Low Sugar,Hard Drinks,OUT004,Medium,Tier 2,Supermarket Type2,11.56,0.179,152.18,2009.0,3311.67
FD5998,Low Sugar,Fruits and Vegetables,OUT002,Small,Tier 3,Food Mart,8.38,0.038,117.28,1998.0,1879.24
FD4729,Low Sugar,Starchy Foods,OUT004,Medium,Tier 2,Supermarket Type2,12.21,0.205,142.68,2009.0,3264.16
FD7729,Low Sugar,Frozen Foods,OUT004,Medium,Tier 2,Supermarket Type2,12.24,0.037,155.81,2009.0,3540.32
FD8198,Low Sugar,Snack Foods,OUT004,Medium,Tier 2,Supermarket Type2,13.21,0.064,118.47,2009.0,2995.77
DR8124,Low Sugar,Hard Drinks,OUT001,High,Tier 2,Supermarket Type1,14.56,0.038,178.4,1987.0,4525.69
FD6514,Regular,Fruits and Vegetables,OUT001,High,Tier 2,Supermarket Type1,15.97,0.057,170.65,1987.0,4686.15
FD3672,Low Sugar,Dairy,OUT004,Medium,Tier 2,Supermarket Type2,13.63,0.085,131.89,2009.0,3363.15
DR3787,Low Sugar,Soft Drinks,OUT004,Medium,Tier 2,Supermarket Type2,11.4,0.174,165.93,2009.0,3556.31
NC8674,No Sugar,Household,OUT001,High,Tier 2,Supermarket Type1,14.12,0.051,165.15,1987.0,4155.54
DR1593,Low Sugar,Soft Drinks,OUT004,Medium,Tier 2,Supermarket Type2,12.42,0.119,168.13,2009.0,3833.04
NC7103,No Sugar,Household,OUT004,Medium,Tier 2,Supermarket Type2,10.79,0.03,149.41,2009.0,3080.7
FD695,Low Sugar,Snack Foods,OUT004,Medium,Tier 2,Supermarket Type2,11.67,0.031,180.88,2009.0,3923.62
FD1470,Low Sugar,Canned,OUT004,Medium,Tier 2,Supermarket Type2,16.64,0.022,127.51,2009.0,3955.6
FD949,Regular,Snack Foods,OUT002,Small,Tier 3,Food Mart,10.4,0.1,93.25,1998.0,1843.35
FD5023,Low Sugar,Fruits and Vegetables,OUT001,High,Tier 2,Supermarket Type1,15.47,0.159,180.54,1987.0,4775.21
FD8033,Regular,Fruits and Vegetables,OUT004,Medium,Tier 2,Supermarket Type2,11.88,0.062,123.43,2009.0,2794.64
FD7127,Low Sugar,Meat,OUT002,Small,Tier 3,Food Mart,7.06,0.167,52.62,1998.0,258.72
FD3625,Low Sugar,Canned,OUT004,Medium,Tier 2,Supermarket Type2,13.76,0.035,156.96,2009.0,3905.75
FD5374,Low Sugar,Breads,OUT004,Medium,Tier 2,Supermarket Type2,14.06,0.154,136.44,2009.0,3553.99
DR7293,Low Sugar,Soft Drinks,OUT004,Medium,Tier 2,Supermarket Type2,11.18,0.015,170.89,2009.0,3608.87
NC8631,No Sugar,Household,OUT004,Medium,Tier 2,Supermarket Type2,12.67,0.076,154.3,2009.0,3605.41
FD1558,Regular,Fruits and Vegetables,OUT002,Small,Tier 3,Food Mart,9.97,0.007,119.92,1998.0,2292.38
FD6357,Regular,Snack Foods,OUT002,Small,Tier 3,Food Mart,11.75,0.031,61.57,1998.0,1499.59
FD6830,Low Sugar,Baking Goods,OUT004,Medium,Tier 2,Supermarket Type2,10.46,0.026,127.12,2009.0,2549.73
FD6926,Regular,Snack Foods,OUT001,High,Tier 2,Supermarket Type1,13.91,0.023,198.1,1987.0,4782.28
DR4069,Low Sugar,Soft Drinks,OUT004,Medium,Tier 2,Supermarket Type2,10.3,0.127,126.85,2009.0,2508.36
FD4051,Low Sugar,Seafood,OUT004,Medium,Tier 2,Supermarket Type2,10.0,0.058,144.39,2009.0,2798.66
NC5892,No Sugar,Health and Hygiene,OUT004,Medium,Tier 2,Supermarket Type2,10.93,0.085,136.04,2009.0,2838.93
FD781,Low Sugar,Canned,OUT004,Medium,Tier 2,Supermarket Type2,11.62,0.059,144.32,2009.0,3163.43
DR5094,Low Sugar,Hard Drinks,OUT004,Medium,Tier 2,Supermarket Type2,13.31,0.08,151.71,2009.0,3697.14
FD4047,Low Sugar,Meat,OUT001,High,Tier 2,Supermarket Type1,10.58,0.032,115.12,1987.0,2331.74
FD6359,Regular,Baking Goods,OUT001,High,Tier 2,Supermarket Type1,16.28,0.079,166.18,1987.0,4664.45
FD7764,Low Sugar,Dairy,OUT004,Medium,Tier 2,Supermarket Type2,12.01,0.142,151.9,2009.0,3406.74
FD3924,reg,Frozen Foods,OUT004,Medium,Tier 2,Supermarket Type2,13.18,0.076,132.7,2009.0,3278.14
FD3857,Low Sugar,Meat,OUT004,Medium,Tier 2,Supermarket Type2,11.43,0.014,139.72,2009.0,3028.34
DR1676,Regular,Soft Drinks,OUT004,Medium,Tier 2,Supermarket Type2,12.09,0.043,149.17,2009.0,3369.8
NC4513,No Sugar,Health and Hygiene,OUT001,High,Tier 2,Supermarket Type1,9.87,0.023,122.38,1987.0,2320.07
FD5414,Regular,Breads,OUT001,High,Tier 2,Supermarket Type1,14.77,0.156,185.6,1987.0,4719.85
NC1119,No Sugar,Health and Hygiene,OUT004,Medium,Tier 2,Supermarket Type2,11.67,0.026,164.09,2009.0,3581.03
NC614,No Sugar,Household,OUT004,Medium,Tier 2,Supermarket Type2,12.8,0.05,135.56,2009.0,3251.18
FD6036,Low Sugar,Breakfast,OUT004,Medium,Tier 2,Supermarket Type2,11.54,0.054,118.11,2009.0,2609.55
FD2092,Low Sugar,Breads,OUT002,Small,Tier 3,Food Mart,11.48,0.048,102.47,1998.0,2276.33
DR724,Low Sugar,Soft Drinks,OUT001,High,Tier 2,Supermarket Type1,13.67,0.046,165.23,1987.0,4054.5
NC7930,No Sugar,Household,OUT001,High,Tier 2,Supermarket Type1,15.46,0.026,171.83,1987.0,4595.77
FD3652,Low Sugar,Dairy,OUT004,Medium,Tier 2,Supermarket Type2,13.17,0.021,158.1,2009.0,3796.18
FD2293,Low Sugar,Fruits and Vegetables,OUT004,Medium,Tier 2,Supermarket Type2,11.12,0.024,168.69,2009.0,3550.62
FD4875,Low Sugar,Frozen Foods,OUT004,Medium,Tier 2,Supermarket Type2,10.77,0.11,173.1,2009.0,3561.05
FD6933,Low Sugar,Snack Foods,OUT002,Small,Tier 3,Food Mart,11.14,0.165,94.94,1998.0,2045.18
FD6441,Regular,Fruits and Vegetables,OUT004,Medium,Tier 2,Supermarket Type2,11.48,0.146,152.79,2009.0,3306.35
NC8601,No Sugar,Health and Hygiene,OUT004,Medium,Tier 2,Supermarket Type2,13.03,0.017,142.37,2009.0,3444.15
FD6849,Regular,Fruits and Vegetables,OUT002,Small,Tier 3,Food Mart,10.29,0.088,99.94,1998.0,1955.97
FD7313,Low Sugar,Fruits and Vegetables,OUT004,Medium,Tier 2,Supermarket Type2,13.97,0.104,114.86,2009.0,3091.82
FD3101,Regular,Baking Goods,OUT004,Medium,Tier 2,Supermarket Type2,14.46,0.044,95.67,2009.0,2811.63
NC7108,No Sugar,Health and Hygiene,OUT004,Medium,Tier 2,Supermarket Type2,12.28,0.054,163.85,2009.0,3713.11
FD1938,Low Sugar,Breakfast,OUT004,Medium,Tier 2,Supermarket Type2,13.25,0.046,146.32,2009.0,3572.54
FD4555,Low Sugar,Baking Goods,OUT004,Medium,Tier 2,Supermarket Type2,12.1,0.12,126.21,2009.0,2901.63
DR2373,Regular,Soft Drinks,OUT004,Medium,Tier 2,Supermarket Type2,12.59,0.026,163.47,2009.0,3774.53
FD5916,Regular,Baking Goods,OUT004,Medium,Tier 2,Supermarket Type2,11.49,0.013,128.44,2009.0,2809.48
FD8038,Low Sugar,Canned,OUT004,Medium,Tier 2,Supermarket Type2,12.76,0.041,133.96,2009.0,3209.97
FD5384,Regular,Fruits and Vegetables,OUT001,High,Tier 2,Supermarket Type1,13.84,0.104,168.07,1987.0,4152.87
FD6695,Low Sugar,Canned,OUT002,Small,Tier 3,Food Mart,11.04,0.019,99.51,1998.0,2116.79
FD6128,Low Sugar,Dairy,OUT001,High,Tier 2,Supermarket Type1,12.04,0.013,101.35,1987.0,2380.12
FD700,Low Sugar,Fruits and Vegetables,OUT004,Medium,Tier 2,Supermarket Type2,12.55,0.08,148.43,2009.0,3459.85
FD1962,Low Sugar,Snack Foods,OUT004,Medium,Tier 2,Supermarket Type2,8.35,0.01,149.16,2009.0,2523.3
FD2304,Regular,Canned,OUT004,Medium,Tier 2,Supermarket Type2,14.02,0.045,144.69,2009.0,3714.61
NC1459,No Sugar,Household,OUT004,Medium,Tier 2,Supermarket Type2,10.92,0.035,178.53,2009.0,3705.71
FD3934,Regular,Snack Foods,OUT001,High,Tier 2,Supermarket Type1,13.27,0.046,173.14,1987.0,4128.1
FD4839,Low Sugar,Snack Foods,OUT004,Medium,Tier 2,Supermarket Type2,13.48,0.097,122.58,2009.0,3139.87
FD8640,Low Sugar,Fruits and Vegetables,OUT004,Medium,Tier 2,Supermarket Type2,13.81,0.122,134.94,2009.0,3468.56
FD7862,Regular,Canned,OUT004,Medium,Tier 2,Supermarket Type2,10.88,0.184,136.57,2009.0,2838.95
DR4866,Low Sugar,Soft Drinks,OUT004,Medium,Tier 2,Supermarket Type2,11.55,0.042,129.17,2009.0,2838.03
DR7780,Regular,Hard Drinks,OUT004,Medium,Tier 2,Supermarket Type2,14.44,0.144,134.95,2009.0,3609.86
FD3865,Low Sugar,Dairy,OUT004,Medium,Tier 2,Supermarket Type2,14.23,0.045,139.65,2009.0,3657.89
FD3607,Low Sugar,Snack Foods,OUT004,Medium,Tier 2,Supermarket Type2,13.07,0.104,148.16,2009.0,3569.59
FD2725,Low Sugar,Dairy,OUT001,High,Tier 2,Supermarket Type1,15.08,0.14,193.21,1987.0,4945.48
FD3552,Low Sugar,Fruits and Vegetables,OUT004,Medium,Tier 2,Supermarket Type2,12.77,0.08,113.63,2009.0,2797.44
FD7374,Low Sugar,Meat,OUT004,Medium,Tier 2,Supermarket Type2,12.68,0.065,153.71,2009.0,3596.24
NC7623,No Sugar,Health and Hygiene,OUT004,Medium,Tier 2,Supermarket Type2,11.79,0.11,175.53,2009.0,3841.67
FD6736,Regular,Dairy,OUT001,High,Tier 2,Supermarket Type1,13.82,0.022,164.8,1987.0,4080.92
FD3435,Regular,Fruits and Vegetables,OUT004,Medium,Tier 2,Supermarket Type2,11.26,0.076,116.37,2009.0,2511.48
NC1089,No Sugar,Health and Hygiene,OUT004,Medium,Tier 2,Supermarket Type2,13.33,0.036,126.83,2009.0,3193.92
FD29,Regular,Canned,OUT004,Medium,Tier 2,Supermarket Type2,16.17,0.156,132.92,2009.0,2080.92
FD6396,Low Sugar,Canned,OUT002,Small,Tier 3,Food Mart,11.26,0.092,96.32,1998.0,2100.85
DR2390,Low Sugar,Soft Drinks,OUT004,Medium,Tier 2,Supermarket Type2,12.13,0.13,171.09,2009.0,3827.83
NC1700,No Sugar,Health and Hygiene,OUT004,Medium,Tier 2,Supermarket Type2,13.38,0.092,99.68,2009.0,2649.11
DR1469,Regular,Soft Drinks,OUT001,High,Tier 2,Supermarket Type1,14.26,0.031,165.26,1987.0,4189.32
FD8500,Regular,Snack Foods,OUT004,Medium,Tier 2,Supermarket Type2,13.3,0.128,151.15,2009.0,3683.19
FD5419,Low Sugar,Baking Goods,OUT002,Small,Tier 3,Food Mart,10.5,0.14,106.26,1998.0,2131.75
FD2825,Low Sugar,Meat,OUT004,Medium,Tier 2,Supermarket Type2,10.57,0.058,133.11,2009.0,2696.8
FD6890,Low Sugar,Frozen Foods,OUT004,Medium,Tier 2,Supermarket Type2,12.68,0.094,142.13,2009.0,3360.27
FD7172,Low Sugar,Meat,OUT004,Medium,Tier 2,Supermarket Type2,8.98,0.041,145.29,2009.0,2586.69
FD4314,Regular,Breads,OUT004,Medium,Tier 2,Supermarket Type2,13.18,0.028,156.32,2009.0,3762.68
FD7441,Low Sugar,Baking Goods,OUT004,Medium,Tier 2,Supermarket Type2,11.36,0.047,150.66,2009.0,3235.67
FD2617,Low Sugar,Dairy,OUT001,High,Tier 2,Supermarket Type1,13.07,0.118,172.25,1987.0,4063.59
FD1484,Regular,Meat,OUT004,Medium,Tier 2,Supermarket Type2,10.23,0.026,136.92,2009.0,2697.8
FD4676,Low Sugar,Snack Foods,OUT001,High,Tier 2,Supermarket Type1,12.91,0.023,176.48,1987.0,4112.86
FD7547,Low Sugar,Snack Foods,OUT002,Small,Tier 3,Food Mart,8.49,0.083,133.15,1998.0,2227.81
FD8712,Low Sugar,Baking Goods,OUT004,Medium,Tier 2,Supermarket Type2,12.72,0.053,147.1,2009.0,3469.8
NC3615,No Sugar,Health and Hygiene,OUT002,Small,Tier 3,Food Mart,10.55,0.072,111.63,1998.0,2254.13
FD4637,Regular,Frozen Foods,OUT004,Medium,Tier 2,Supermarket Type2,12.29,0.059,162.33,2009.0,3683.78
NC2916,No Sugar,Household,OUT004,Medium,Tier 2,Supermarket Type2,12.18,0.125,126.97,2009.0,2935.97
FD4723,Low Sugar,Frozen Foods,OUT001,High,Tier 2,Supermarket Type1,9.9,0.015,126.82,1987.0,2417.42
FD5979,Low Sugar,Snack Foods,OUT002,Small,Tier 3,Food Mart,9.79,0.141,71.57,1998.0,1262.87
FD4731,Regular,Fruits and Vegetables,OUT004,Medium,Tier 2,Supermarket Type2,12.65,0.093,164.41,2009.0,3808.85
FD1682,Regular,Meat,OUT002,Small,Tier 3,Food Mart,9.71,0.178,99.69,1998.0,1819.48
FD4910,Low Sugar,Meat,OUT004,Medium,Tier 2,Supermarket Type2,10.55,0.023,156.74,2009.0,3176.92
FD1932,Regular,Canned,OUT004,Medium,Tier 2,Supermarket Type2,10.99,0.028,186.74,2009.0,3889.56
FD1598,Low Sugar,Baking Goods,OUT004,Medium,Tier 2,Supermarket Type2,11.85,0.007,123.29,2009.0,2785.75
FD5048,Low Sugar,Frozen Foods,OUT004,Medium,Tier 2,Supermarket Type2,12.59,0.154,129.99,2009.0,3090.28
FD261,Low Sugar,Canned,OUT002,Small,Tier 3,Food Mart,10.11,0.048,111.89,1998.0,2252.3
FD1043,Regular,Fruits and Vegetables,OUT004,Medium,Tier 2,Supermarket Type2,12.76,0.028,141.51,2009.0,3364.43
FD2790,Low Sugar,Frozen Foods,OUT001,High,Tier 2,Supermarket Type1,15.55,0.054,175.65,1987.0,4693.61
NC5507,No Sugar,Household,OUT004,Medium,Tier 2,Supermarket Type2,15.23,0.096,122.34,2009.0,3529.46
FD1886,Low Sugar,Canned,OUT002,Small,Tier 3,Food Mart,6.3,0.142,85.24,1998.0,753.53
FD51,Low Sugar,Canned,OUT004,Medium,Tier 2,Supermarket Type2,11.41,0.025,144.89,2009.0,5209.49
NC6229,No Sugar,Household,OUT004,Medium,Tier 2,Supermarket Type2,11.44,0.057,181.96,2009.0,3894.35
DR3291,Low Sugar,Soft Drinks,OUT004,Medium,Tier 2,Supermarket Type2,11.78,0.047,153.89,2009.0,3397.26
FD280,Low Sugar,Breads,OUT002,Small,Tier 3,Food Mart,10.49,0.097,112.91,1998.0,830.76
FD3663,reg,Canned,OUT001,High,Tier 2,Supermarket Type1,16.22,0.038,138.84,1987.0,4092.23
NC3211,No Sugar,Household,OUT004,Medium,Tier 2,Supermarket Type2,10.69,0.171,145.44,2009.0,2978.05
FD5940,Low Sugar,Meat,OUT001,High,Tier 2,Supermarket Type1,14.75,0.013,155.04,1987.0,4091.21
NC2107,No Sugar,Health and Hygiene,OUT004,Medium,Tier 2,Supermarket Type2,10.99,0.012,170.4,2009.0,3556.0
FD1490,Low Sugar,Dairy,OUT001,High,Tier 2,Supermarket Type1,15.33,0.032,146.32,1987.0,4043.83
FD3603,Regular,Snack Foods,OUT004,Medium,Tier 2,Supermarket Type2,13.7,0.037,120.04,2009.0,3138.84
FD1953,Regular,Frozen Foods,OUT004,Medium,Tier 2,Supermarket Type2,15.22,0.041,139.36,2009.0,3876.69
NC6764,No Sugar,Health and Hygiene,OUT004,Medium,Tier 2,Supermarket Type2,11.38,0.093,185.3,2009.0,3948.29
FD8040,Regular,Frozen Foods,OUT004,Medium,Tier 2,Supermarket Type2,9.83,0.029,132.52,2009.0,2518.96
FD1310,Low Sugar,Snack Foods,OUT004,Medium,Tier 2,Supermarket Type2,12.49,0.026,116.15,2009.0,2784.84
DR332,Low Sugar,Soft Drinks,OUT001,High,Tier 2,Supermarket Type1,8.92,0.045,84.89,1987.0,3118.5
FD7206,Low Sugar,Fruits and Vegetables,OUT002,Small,Tier 3,Food Mart,9.8,0.085,114.01,1998.0,2131.94
FD6806,Low Sugar,Seafood,OUT004,Medium,Tier 2,Supermarket Type2,12.58,0.128,139.56,2009.0,3283.29
FD1757,Low Sugar,Baking Goods,OUT001,High,Tier 2,Supermarket Type1,13.33,0.069,190.93,1987.0,4503.52
FD8272,Low Sugar,Fruits and Vegetables,OUT002,Small,Tier 3,Food Mart,11.21,0.128,100.08,1998.0,2167.04
FD2119,Low Sugar,Fruits and Vegetables,OUT004,Medium,Tier 2,Supermarket Type2,11.98,0.086,125.08,2009.0,2851.97
NC4689,No Sugar,Health and Hygiene,OUT004,Medium,Tier 2,Supermarket Type2,13.58,0.04,144.93,2009.0,3619.95
FD8651,Low Sugar,Fruits and Vegetables,OUT004,Medium,Tier 2,Supermarket Type2,10.46,0.084,158.78,2009.0,3197.66
FD4072,Low Sugar,Canned,OUT001,High,Tier 2,Supermarket Type1,10.52,0.035,123.52,1987.0,2489.37
FD694,Low Sugar,Baking Goods,OUT001,High,Tier 2,Supermarket Type1,15.8,0.09,183.34,1987.0,4907.46
FD2613,Low Sugar,Fruits and Vegetables,OUT001,High,Tier 2,Supermarket Type1,15.87,0.058,169.17,1987.0,4632.36
FD1370,Low Sugar,Baking Goods,OUT004,Medium,Tier 2,Supermarket Type2,14.33,0.013,138.85,2009.0,3663.97
FD8130,Regular,Snack Foods,OUT004,Medium,Tier 2,Supermarket Type2,9.16,0.064,155.97,2009.0,2847.84
NC5467,No Sugar,Health and Hygiene,OUT002,Small,Tier 3,Food Mart,9.25,0.015,117.89,1998.0,2087.22
FD7332,Low Sugar,Fruits and Vegetables,OUT001,High,Tier 2,Supermarket Type1,14.67,0.041,156.41,1987.0,4099.97
DR1786,Low Sugar,Soft Drinks,OUT004,Medium,Tier 2,Supermarket Type2,11.31,0.031,141.01,2009.0,3026.86
FD8041,Low Sugar,Snack Foods,OUT004,Medium,Tier 2,Supermarket Type2,12.75,0.091,145.24,2009.0,3438.77
DR5524,Low Sugar,Soft Drinks,OUT001,High,Tier 2,Supermarket Type1,14.73,0.027,156.1,1987.0,4109.0
FD4774,Low Sugar,Frozen Foods,OUT002,Small,Tier 3,Food Mart,7.23,0.067,103.66,1998.0,1339.52
NC235,No Sugar,Household,OUT004,Medium,Tier 2,Supermarket Type2,12.55,0.162,157.6,2009.0,3805.39
FD6088,Low Sugar,Breakfast,OUT004,Medium,Tier 2,Supermarket Type2,10.56,0.019,140.99,2009.0,2856.36
FD514,Regular,Breakfast,OUT002,Small,Tier 3,Food Mart,13.37,0.095,171.76,1998.0,1732.02
FD6898,Low Sugar,Snack Foods,OUT004,Medium,Tier 2,Supermarket Type2,13.01,0.119,150.84,2009.0,3611.95
FD336,Low Sugar,Snack Foods,OUT004,Medium,Tier 2,Supermarket Type2,12.94,0.08,167.52,2009.0,2372.0
FD6731,Low Sugar,Fruits and Vegetables,OUT004,Medium,Tier 2,Supermarket Type2,11.56,0.086,141.52,2009.0,3094.56
FD6897,Low Sugar,Dairy,OUT004,Medium,Tier 2,Supermarket Type2,11.15,0.047,161.31,2009.0,3405.87
FD3549,Low Sugar,Canned,OUT002,Small,Tier 3,Food Mart,10.68,0.017,96.41,1998.0,1970.82
FD7984,Low Sugar,Frozen Foods,OUT004,Medium,Tier 2,Supermarket Type2,12.4,0.097,137.46,2009.0,3201.41
FD6765,Low Sugar,Dairy,OUT004,Medium,Tier 2,Supermarket Type2,11.55,0.038,152.41,2009.0,3314.91
FD1526,Low Sugar,Fruits and Vegetables,OUT004,Medium,Tier 2,Supermarket Type2,12.81,0.031,168.24,2009.0,3923.53
FD2702,Regular,Baking Goods,OUT004,Medium,Tier 2,Supermarket Type2,12.8,0.03,156.3,2009.0,3676.19
FD1809,Low Sugar,Fruits and Vegetables,OUT004,Medium,Tier 2,Supermarket Type2,13.14,0.019,119.61,2009.0,3002.57
FD133,Regular,Frozen Foods,OUT001,High,Tier 2,Supermarket Type1,14.66,0.015,189.89,1987.0,4924.75
NC249,No Sugar,Household,OUT004,Medium,Tier 2,Supermarket Type2,12.95,0.085,107.38,2009.0,4332.32
FD2627,Regular,Meat,OUT004,Medium,Tier 2,Supermarket Type2,10.11,0.064,133.31,2009.0,2597.74
FD3267,Low Sugar,Fruits and Vegetables,OUT001,High,Tier 2,Supermarket Type1,14.2,0.072,166.09,1987.0,4193.41
FD8284,Low Sugar,Fruits and Vegetables,OUT001,High,Tier 2,Supermarket Type1,12.61,0.048,214.03,1987.0,4814.55
FD4442,Regular,Snack Foods,OUT004,Medium,Tier 2,Supermarket Type2,11.56,0.039,152.18,2009.0,3312.79
FD3328,Regular,Frozen Foods,OUT004,Medium,Tier 2,Supermarket Type2,10.65,0.132,156.8,2009.0,3199.93
DR7667,Low Sugar,Soft Drinks,OUT002,Small,Tier 3,Food Mart,10.67,0.078,109.32,1998.0,2234.54
FD814,Low Sugar,Fruits and Vegetables,OUT004,Medium,Tier 2,Supermarket Type2,12.05,0.042,124.3,2009.0,2851.87
FD3379,Low Sugar,Baking Goods,OUT004,Medium,Tier 2,Supermarket Type2,14.7,0.031,141.36,2009.0,3799.64
FD7046,Low Sugar,Breads,OUT004,Medium,Tier 2,Supermarket Type2,13.95,0.073,104.83,2009.0,2882.61
NC5798,No Sugar,Others,OUT001,High,Tier 2,Supermarket Type1,15.39,0.006,179.95,1987.0,4744.98
FD3115,Low Sugar,Fruits and Vegetables,OUT002,Small,Tier 3,Food Mart,7.9,0.042,94.85,1998.0,1312.4
NC6033,No Sugar,Household,OUT004,Medium,Tier 2,Supermarket Type2,12.98,0.211,118.77,2009.0,2949.5
FD767,Low Sugar,Frozen Foods,OUT004,Medium,Tier 2,Supermarket Type2,9.99,0.291,154.53,2009.0,3005.45
FD8176,Low Sugar,Snack Foods,OUT004,Medium,Tier 2,Supermarket Type2,12.17,0.158,112.14,2009.0,2629.45
DR8070,Regular,Hard Drinks,OUT004,Medium,Tier 2,Supermarket Type2,13.65,0.053,158.83,2009.0,3919.51
NC2844,No Sugar,Health and Hygiene,OUT004,Medium,Tier 2,Supermarket Type2,11.48,0.01,161.03,2009.0,3474.79
NC6558,No Sugar,Health and Hygiene,OUT004,Medium,Tier 2,Supermarket Type2,11.71,0.061,165.52,2009.0,3617.53
DR837,Low Sugar,Hard Drinks,OUT004,Medium,Tier 2,Supermarket Type2,10.52,0.058,132.88,2009.0,2682.74
FD6120,Regular,Canned,OUT004,Medium,Tier 2,Supermarket Type2,13.57,0.171,149.05,2009.0,3701.19
FD5618,Low Sugar,Meat,OUT004,Medium,Tier 2,Supermarket Type2,13.8,0.092,152.42,2009.0,3822.5
FD4675,Regular,Frozen Foods,OUT002,Small,Tier 3,Food Mart,8.94,0.083,82.09,1998.0,1285.77
FD2102,Regular,Canned,OUT004,Medium,Tier 2,Supermarket Type2,12.24,0.051,177.75,2009.0,3987.9
DR440,Low Sugar,Hard Drinks,OUT002,Small,Tier 3,Food Mart,13.96,0.097,162.71,1998.0,1849.95
FD6247,Regular,Baking Goods,OUT004,Medium,Tier 2,Supermarket Type2,10.85,0.066,143.92,2009.0,2981.2
FD3985,Low Sugar,Dairy,OUT004,Medium,Tier 2,Supermarket Type2,12.93,0.042,152.25,2009.0,3621.89
FD6197,Regular,Canned,OUT004,Medium,Tier 2,Supermarket Type2,10.81,0.068,151.88,2009.0,3136.67
NC443,No Sugar,Household,OUT004,Medium,Tier 2,Supermarket Type2,13.82,0.035,151.48,2009.0,4481.31
FD5118,Regular,Canned,OUT004,Medium,Tier 2,Supermarket Type2,13.19,0.049,144.04,2009.0,3514.3
FD6163,Regular,Fruits and Vegetables,OUT001,High,Tier 2,Supermarket Type1,14.63,0.112,191.61,1987.0,4812.87
FD7652,Regular,Meat,OUT004,Medium,Tier 2,Supermarket Type2,12.73,0.137,130.96,2009.0,3142.91
DR4188,Low Sugar,Hard Drinks,OUT004,Medium,Tier 2,Supermarket Type2,13.33,0.053,103.88,2009.0,2723.71
FD2920,Low Sugar,Fruits and Vegetables,OUT001,High,Tier 2,Supermarket Type1,13.88,0.098,191.35,1987.0,4636.36
FD6781,Regular,Canned,OUT004,Medium,Tier 2,Supermarket Type2,12.83,0.056,122.78,2009.0,2997.06
FD3193,Low Sugar,Frozen Foods,OUT004,Medium,Tier 2,Supermarket Type2,12.65,0.121,149.9,2009.0,3511.58
FD7414,Low Sugar,Canned,OUT004,Medium,Tier 2,Supermarket Type2,12.16,0.149,132.5,2009.0,3043.63
NC822,No Sugar,Health and Hygiene,OUT001,High,Tier 2,Supermarket Type1,11.23,0.054,109.87,1987.0,2371.84
FD7409,Low Sugar,Snack Foods,OUT004,Medium,Tier 2,Supermarket Type2,14.63,0.066,135.4,2009.0,3662.1
FD5685,Low Sugar,Breads,OUT004,Medium,Tier 2,Supermarket Type2,13.09,0.009,160.81,2009.0,3834.67
FD8595,Low Sugar,Fruits and Vegetables,OUT004,Medium,Tier 2,Supermarket Type2,12.42,0.168,129.59,2009.0,3042.76
FD8416,Low Sugar,Fruits and Vegetables,OUT002,Small,Tier 3,Food Mart,10.06,0.01,67.3,1998.0,1236.25
FD8264,Low Sugar,Snack Foods,OUT004,Medium,Tier 2,Supermarket Type2,11.85,0.026,138.75,2009.0,3102.39
FD6539,Low Sugar,Snack Foods,OUT004,Medium,Tier 2,Supermarket Type2,11.43,0.137,124.91,2009.0,2725.28
FD1943,Regular,Fruits and Vegetables,OUT004,Medium,Tier 2,Supermarket Type2,12.55,0.029,151.83,2009.0,3528.94
FD3105,Regular,Fruits and Vegetables,OUT002,Small,Tier 3,Food Mart,9.5,0.11,96.12,1998.0,1699.26
FD3343,Regular,Frozen Foods,OUT001,High,Tier 2,Supermarket Type1,14.61,0.039,188.81,1987.0,4751.13
NC6592,No Sugar,Household,OUT004,Medium,Tier 2,Supermarket Type2,11.22,0.067,125.23,2009.0,2683.24
FD2470,Regular,Frozen Foods,OUT004,Medium,Tier 2,Supermarket Type2,10.78,0.152,135.65,2009.0,2796.1
FD1584,Low Sugar,Baking Goods,OUT001,High,Tier 2,Supermarket Type1,15.89,0.073,141.69,1987.0,4074.94
FD2829,Regular,Frozen Foods,OUT001,High,Tier 2,Supermarket Type1,16.41,0.126,166.61,1987.0,4702.07
NC1182,No Sugar,Household,OUT001,High,Tier 2,Supermarket Type1,14.03,0.22,161.49,1987.0,4060.68
FD8228,Low Sugar,Frozen Foods,OUT004,Medium,Tier 2,Supermarket Type2,13.9,0.063,118.24,2009.0,3147.07
FD5451,Low Sugar,Snack Foods,OUT002,Small,Tier 3,Food Mart,9.53,0.025,95.43,1998.0,1691.6
DR587,Low Sugar,Soft Drinks,OUT004,Medium,Tier 2,Supermarket Type2,13.15,0.14,151.01,2009.0,4117.96
DR8423,Low Sugar,Soft Drinks,OUT004,Medium,Tier 2,Supermarket Type2,12.11,0.129,153.05,2009.0,3453.86
NC3354,No Sugar,Health and Hygiene,OUT004,Medium,Tier 2,Supermarket Type2,14.23,0.228,154.62,2009.0,3964.1
FD4336,Regular,Canned,OUT001,High,Tier 2,Supermarket Type1,15.26,0.031,170.72,1987.0,4527.77
FD6158,Low Sugar,Seafood,OUT004,Medium,Tier 2,Supermarket Type2,13.24,0.039,156.02,2009.0,3768.82
NC3301,No Sugar,Household,OUT004,Medium,Tier 2,Supermarket Type2,12.71,0.093,150.64,2009.0,3539.77
FD7459,Low Sugar,Breads,OUT004,Medium,Tier 2,Supermarket Type2,11.09,0.063,135.74,2009.0,2868.02
FD3715,Low Sugar,Dairy,OUT001,High,Tier 2,Supermarket Type1,11.12,0.184,195.38,1987.0,4096.73
FD7282,Regular,Fruits and Vegetables,OUT004,Medium,Tier 2,Supermarket Type2,13.43,0.123,133.58,2009.0,3354.74
FD7438,Regular,Snack Foods,OUT004,Medium,Tier 2,Supermarket Type2,13.31,0.074,134.89,2009.0,3354.07
DR3476,Low Sugar,Soft Drinks,OUT004,Medium,Tier 2,Supermarket Type2,12.07,0.088,133.68,2009.0,3049.01
FD7334,Regular,Breads,OUT004,Medium,Tier 2,Supermarket Type2,12.47,0.04,151.92,2009.0,3512.03
FD7160,Low Sugar,Dairy,OUT004,Medium,Tier 2,Supermarket Type2,11.99,0.143,147.08,2009.0,3304.45
FD2477,Low Sugar,Dairy,OUT001,High,Tier 2,Supermarket Type1,13.88,0.141,196.47,1987.0,4742.34
FD3728,Low Sugar,Fruits and Vegetables,OUT004,Medium,Tier 2,Supermarket Type2,12.83,0.068,162.76,2009.0,3814.11
NC4020,No Sugar,Household,OUT004,Medium,Tier 2,Supermarket Type2,12.5,0.032,149.26,2009.0,3463.5
FD6653,Regular,Snack Foods,OUT004,Medium,Tier 2,Supermarket Type2,10.98,0.031,168.61,2009.0,3515.83
FD5645,Low Sugar,Seafood,OUT004,Medium,Tier 2,Supermarket Type2,12.21,0.021,107.93,2009.0,2552.81
FD7222,Low Sugar,Canned,OUT004,Medium,Tier 2,Supermarket Type2,12.9,0.12,124.03,2009.0,3037.88
FD6351,Regular,Baking Goods,OUT004,Medium,Tier 2,Supermarket Type2,12.51,0.121,149.62,2009.0,3474.09
DR2161,Low Sugar,Soft Drinks,OUT004,Medium,Tier 2,Supermarket Type2,13.33,0.009,143.06,2009.0,3525.5
FD6100,Low Sugar,Dairy,OUT004,Medium,Tier 2,Supermarket Type2,13.83,0.016,157.59,2009.0,3934.91
FD7196,Regular,Meat,OUT004,Medium,Tier 2,Supermarket Type2,13.24,0.089,163.78,2009.0,3929.4
FD7692,Regular,Fruits and Vegetables,OUT004,Medium,Tier 2,Supermarket Type2,13.22,0.036,162.57,2009.0,3899.02
NC338,No Sugar,Household,OUT002,Small,Tier 3,Food Mart,9.24,0.024,119.52,1998.0,828.37
NC3247,No Sugar,Health and Hygiene,OUT004,Medium,Tier 2,Supermarket Type2,12.52,0.186,146.78,2009.0,3418.77
FD8413,Low Sugar,Baking Goods,OUT004,Medium,Tier 2,Supermarket Type2,12.35,0.085,137.31,2009.0,3185.57
FD3346,Low Sugar,Frozen Foods,OUT004,Medium,Tier 2,Supermarket Type2,11.57,0.035,161.47,2009.0,3502.95
FD7495,Low Sugar,Meat,OUT004,Medium,Tier 2,Supermarket Type2,14.64,0.093,128.3,2009.0,3519.85
FD6942,Low Sugar,Frozen Foods,OUT001,High,Tier 2,Supermarket Type1,14.59,0.052,154.95,1987.0,4053.82
FD6249,Low Sugar,Fruits and Vegetables,OUT001,High,Tier 2,Supermarket Type1,13.79,0.106,162.59,1987.0,4027.44
FD8008,Low Sugar,Baking Goods,OUT004,Medium,Tier 2,Supermarket Type2,13.51,0.047,144.06,2009.0,3586.98
FD3389,Low Sugar,Snack Foods,OUT004,Medium,Tier 2,Supermarket Type2,11.11,0.029,165.29,2009.0,3477.51
FD6021,Regular,Meat,OUT004,Medium,Tier 2,Supermarket Type2,8.53,0.079,183.03,2009.0,3257.26
FD7856,Low Sugar,Baking Goods,OUT004,Medium,Tier 2,Supermarket Type2,12.31,0.029,132.27,2009.0,3073.84
FD6188,Low Sugar,Baking Goods,OUT001,High,Tier 2,Supermarket Type1,12.86,0.095,178.17,1987.0,4138.18
FD348,Low Sugar,Fruits and Vegetables,OUT004,Medium,Tier 2,Supermarket Type2,11.39,0.065,178.11,2009.0,2119.94
FD1079,Low Sugar,Fruits and Vegetables,OUT004,Medium,Tier 2,Supermarket Type2,11.68,0.12,129.73,2009.0,2879.43
NC6410,No Sugar,Health and Hygiene,OUT004,Medium,Tier 2,Supermarket Type2,12.81,0.011,169.62,2009.0,3951.07
FD8011,Regular,Canned,OUT004,Medium,Tier 2,Supermarket Type2,12.36,0.086,131.63,2009.0,3072.02
NC1052,No Sugar,Household,OUT001,High,Tier 2,Supermarket Type1,13.34,0.045,195.56,1987.0,4601.23
FD3000,Regular,Fruits and Vegetables,OUT001,High,Tier 2,Supermarket Type1,14.69,0.038,188.15,1987.0,4754.43
FD8225,Low Sugar,Fruits and Vegetables,OUT004,Medium,Tier 2,Supermarket Type2,12.86,0.047,112.91,2009.0,2802.69
FD3167,Low Sugar,Starchy Foods,OUT001,High,Tier 2,Supermarket Type1,14.73,0.072,179.27,1987.0,4582.71
FD2690,Low Sugar,Canned,OUT004,Medium,Tier 2,Supermarket Type2,14.02,0.129,112.36,2009.0,3051.8
NC7351,No Sugar,Household,OUT004,Medium,Tier 2,Supermarket Type2,12.2,0.004,157.39,2009.0,3563.27
NC6510,No Sugar,Household,OUT001,High,Tier 2,Supermarket Type1,14.06,0.026,185.91,1987.0,4566.18
FD5424,Regular,Snack Foods,OUT004,Medium,Tier 2,Supermarket Type2,13.13,0.095,116.75,2009.0,2942.07
FD1451,Low Sugar,Dairy,OUT001,High,Tier 2,Supermarket Type1,16.12,0.097,160.18,1987.0,4505.81
FD4525,Regular,Fruits and Vegetables,OUT004,Medium,Tier 2,Supermarket Type2,12.51,0.098,160.26,2009.0,3692.39
FD2481,Low Sugar,Meat,OUT004,Medium,Tier 2,Supermarket Type2,11.82,0.061,113.32,2009.0,2574.25
FD4140,reg,Frozen Foods,OUT004,Medium,Tier 2,Supermarket Type2,13.42,0.17,155.68,2009.0,3803.58
FD2531,Low Sugar,Breads,OUT001,High,Tier 2,Supermarket Type1,13.99,0.071,166.83,1987.0,4161.34
NC4054,No Sugar,Household,OUT004,Medium,Tier 2,Supermarket Type2,13.25,0.104,107.7,2009.0,2783.85
FD5989,Regular,Baking Goods,OUT004,Medium,Tier 2,Supermarket Type2,13.46,0.033,129.62,2009.0,3278.39
FD6478,Low Sugar,Meat,OUT002,Small,Tier 3,Food Mart,9.5,0.191,83.78,1998.0,1447.55
FD2469,Low Sugar,Fruits and Vegetables,OUT004,Medium,Tier 2,Supermarket Type2,13.18,0.056,164.71,2009.0,3934.13
DR6409,Regular,Soft Drinks,OUT004,Medium,Tier 2,Supermarket Type2,11.58,0.228,152.36,2009.0,3321.03
FD113,Regular,Fruits and Vegetables,OUT004,Medium,Tier 2,Supermarket Type2,10.14,0.027,147.2,2009.0,4740.12
FD3180,Low Sugar,Dairy,OUT004,Medium,Tier 2,Supermarket Type2,13.15,0.067,153.82,2009.0,3704.49
FD1986,Low Sugar,Canned,OUT004,Medium,Tier 2,Supermarket Type2,11.26,0.08,161.09,2009.0,3426.12
FD7735,Low Sugar,Baking Goods,OUT004,Medium,Tier 2,Supermarket Type2,9.71,0.012,150.3,2009.0,2854.64
FD7035,Low Sugar,Seafood,OUT004,Medium,Tier 2,Supermarket Type2,10.39,0.145,128.78,2009.0,2567.33
FD8680,Low Sugar,Snack Foods,OUT001,High,Tier 2,Supermarket Type1,13.45,0.115,169.46,1987.0,4092.84
FD4326,Low Sugar,Breads,OUT004,Medium,Tier 2,Supermarket Type2,11.95,0.047,164.23,2009.0,3646.17
FD8111,Regular,Dairy,OUT002,Small,Tier 3,Food Mart,7.97,0.025,125.26,1998.0,1949.94
FD2240,reg,Snack Foods,OUT004,Medium,Tier 2,Supermarket Type2,11.32,0.026,134.97,2009.0,2904.99
FD3265,Low Sugar,Breads,OUT002,Small,Tier 3,Food Mart,9.4,0.082,125.61,1998.0,2279.88
FD8649,Low Sugar,Baking Goods,OUT002,Small,Tier 3,Food Mart,10.96,0.011,102.94,1998.0,2167.94
FD8687,Regular,Frozen Foods,OUT002,Small,Tier 3,Food Mart,9.35,0.034,115.31,1998.0,2058.19
FD5597,Low Sugar,Baking Goods,OUT004,Medium,Tier 2,Supermarket Type2,14.35,0.027,135.3,2009.0,3596.02
DR312,Low Sugar,Hard Drinks,OUT004,Medium,Tier 2,Supermarket Type2,13.08,0.136,157.84,2009.0,5258.01
FD1431,Low Sugar,Breads,OUT004,Medium,Tier 2,Supermarket Type2,13.53,0.015,137.46,2009.0,3456.64
FD2143,Low Sugar,Frozen Foods,OUT004,Medium,Tier 2,Supermarket Type2,13.09,0.143,135.76,2009.0,3320.51
DR3533,Low Sugar,Soft Drinks,OUT002,Small,Tier 3,Food Mart,8.31,0.078,85.35,1998.0,1209.07
FD8136,Low Sugar,Meat,OUT001,High,Tier 2,Supermarket Type1,13.48,0.03,202.54,1987.0,4775.56
FD4090,Low Sugar,Snack Foods,OUT004,Medium,Tier 2,Supermarket Type2,12.79,0.045,161.31,2009.0,3777.1
FD7675,Low Sugar,Snack Foods,OUT004,Medium,Tier 2,Supermarket Type2,12.28,0.031,172.48,2009.0,3890.84
FD2266,Low Sugar,Baking Goods,OUT004,Medium,Tier 2,Supermarket Type2,13.54,0.031,144.12,2009.0,3594.04
FD3845,Regular,Canned,OUT004,Medium,Tier 2,Supermarket Type2,11.48,0.073,143.69,2009.0,3119.44
FD6551,Regular,Frozen Foods,OUT004,Medium,Tier 2,Supermarket Type2,12.42,0.076,116.05,2009.0,2766.26
FD3086,Regular,Snack Foods,OUT004,Medium,Tier 2,Supermarket Type2,13.31,0.054,143.27,2009.0,3523.86
FD1317,Regular,Fruits and Vegetables,OUT001,High,Tier 2,Supermarket Type1,11.11,0.048,108.9,1987.0,2324.24
FD1916,Low Sugar,Dairy,OUT004,Medium,Tier 2,Supermarket Type2,14.06,0.013,134.94,2009.0,3522.82
NC2504,No Sugar,Household,OUT001,High,Tier 2,Supermarket Type1,8.96,0.01,137.06,1987.0,2413.95
FD2315,Regular,Frozen Foods,OUT004,Medium,Tier 2,Supermarket Type2,13.74,0.078,124.69,2009.0,3242.71
FD6057,Low Sugar,Snack Foods,OUT004,Medium,Tier 2,Supermarket Type2,13.26,0.093,95.67,2009.0,2540.04
FD3303,Low Sugar,Dairy,OUT001,High,Tier 2,Supermarket Type1,10.73,0.053,113.31,1987.0,2328.56
FD3175,Regular,Meat,OUT004,Medium,Tier 2,Supermarket Type2,14.87,0.014,132.95,2009.0,3666.74
FD3217,Low Sugar,Baking Goods,OUT004,Medium,Tier 2,Supermarket Type2,12.33,0.035,168.63,2009.0,3822.43
FD6737,Regular,Snack Foods,OUT004,Medium,Tier 2,Supermarket Type2,11.37,0.015,138.45,2009.0,2987.88
NC8511,No Sugar,Household,OUT004,Medium,Tier 2,Supermarket Type2,13.39,0.071,96.03,2009.0,2576.35
NC2086,No Sugar,Household,OUT004,Medium,Tier 2,Supermarket Type2,11.85,0.045,147.18,2009.0,3274.24
FD4437,Regular,Baking Goods,OUT001,High,Tier 2,Supermarket Type1,11.25,0.046,191.85,1987.0,4053.86
NC6920,No Sugar,Health and Hygiene,OUT002,Small,Tier 3,Food Mart,8.94,0.087,108.35,1998.0,1821.72
FD5626,Regular,Frozen Foods,OUT001,High,Tier 2,Supermarket Type1,12.84,0.052,177.88,1987.0,4126.02
FD3995,Regular,Breakfast,OUT004,Medium,Tier 2,Supermarket Type2,13.83,0.055,106.74,2009.0,2894.83
FD400,Regular,Meat,OUT001,High,Tier 2,Supermarket Type1,14.27,0.216,183.87,1987.0,4832.12
FD120,Low Sugar,Breads,OUT002,Small,Tier 3,Food Mart,14.24,0.133,135.42,1998.0,1418.19
FD1549,Regular,Breads,OUT004,Medium,Tier 2,Supermarket Type2,12.56,0.048,109.71,2009.0,2669.42
NC210,No Sugar,Health and Hygiene,OUT004,Medium,Tier 2,Supermarket Type2,9.51,0.107,155.31,2009.0,4257.16
FD1456,Low Sugar,Snack Foods,OUT004,Medium,Tier 2,Supermarket Type2,11.41,0.119,144.12,2009.0,3113.96
FD4443,Low Sugar,Fruits and Vegetables,OUT004,Medium,Tier 2,Supermarket Type2,11.16,0.041,127.11,2009.0,2707.84
NC4716,No Sugar,Health and Hygiene,OUT004,Medium,Tier 2,Supermarket Type2,10.63,0.14,129.02,2009.0,2627.24
FD204,Low Sugar,Snack Foods,OUT004,Medium,Tier 2,Supermarket Type2,10.77,0.061,155.17,2009.0,2393.62
NC7910,No Sugar,Household,OUT004,Medium,Tier 2,Supermarket Type2,9.79,0.088,176.71,2009.0,3412.52
FD5688,Low Sugar,Frozen Foods,OUT004,Medium,Tier 2,Supermarket Type2,14.38,0.033,120.04,2009.0,3292.32
FD7822,Regular,Canned,OUT004,Medium,Tier 2,Supermarket Type2,14.82,0.118,146.55,2009.0,3932.51
NC4330,No Sugar,Health and Hygiene,OUT004,Medium,Tier 2,Supermarket Type2,13.14,0.161,147.36,2009.0,3569.52
FD5219,Low Sugar,Snack Foods,OUT004,Medium,Tier 2,Supermarket Type2,13.24,0.072,154.53,2009.0,3739.65
FD6225,Regular,Snack Foods,OUT004,Medium,Tier 2,Supermarket Type2,12.23,0.026,119.58,2009.0,2795.25
FD7591,Low Sugar,Fruits and Vegetables,OUT004,Medium,Tier 2,Supermarket Type2,11.47,0.059,144.01,2009.0,3124.72
FD3757,Low Sugar,Meat,OUT004,Medium,Tier 2,Supermarket Type2,13.01,0.089,135.16,2009.0,3290.51
FD5854,Low Sugar,Snack Foods,OUT001,High,Tier 2,Supermarket Type1,15.49,0.018,173.1,1987.0,4627.5
FD2367,Regular,Snack Foods,OUT001,High,Tier 2,Supermarket Type1,14.27,0.121,163.9,1987.0,4163.04
NC1621,No Sugar,Health and Hygiene,OUT001,High,Tier 2,Supermarket Type1,15.69,0.04,147.62,1987.0,4150.85
DR8623,Low Sugar,Soft Drinks,OUT001,High,Tier 2,Supermarket Type1,10.92,0.023,114.87,1987.0,2403.87
NC2673,No Sugar,Household,OUT004,Medium,Tier 2,Supermarket Type2,12.53,0.123,141.93,2009.0,3321.26
FD4318,Regular,Snack Foods,OUT004,Medium,Tier 2,Supermarket Type2,10.81,0.036,121.88,2009.0,2522.03
FD3414,Low Sugar,Snack Foods,OUT001,High,Tier 2,Supermarket Type1,13.1,0.049,170.78,1987.0,4040.87
FD5578,Low Sugar,Snack Foods,OUT004,Medium,Tier 2,Supermarket Type2,12.88,0.148,121.06,2009.0,2973.36
FD6811,Low Sugar,Fruits and Vegetables,OUT004,Medium,Tier 2,Supermarket Type2,13.41,0.034,146.26,2009.0,3608.19
FD5299,Low Sugar,Fruits and Vegetables,OUT004,Medium,Tier 2,Supermarket Type2,12.2,0.015,154.52,2009.0,3503.22
FD6642,Regular,Baking Goods,OUT004,Medium,Tier 2,Supermarket Type2,12.54,0.157,105.25,2009.0,2573.15
FD5941,Low Sugar,Dairy,OUT004,Medium,Tier 2,Supermarket Type2,12.83,0.011,150.54,2009.0,3566.16
FD7094,Low Sugar,Canned,OUT004,Medium,Tier 2,Supermarket Type2,11.73,0.011,164.37,2009.0,3598.39
FD7405,Regular,Seafood,OUT001,High,Tier 2,Supermarket Type1,13.95,0.122,190.21,1987.0,4630.24
FD3677,Low Sugar,Dairy,OUT004,Medium,Tier 2,Supermarket Type2,13.75,0.023,161.12,2009.0,3989.94
FD1364,Regular,Canned,OUT004,Medium,Tier 2,Supermarket Type2,11.65,0.154,157.84,2009.0,3447.49
NC5864,No Sugar,Health and Hygiene,OUT004,Medium,Tier 2,Supermarket Type2,12.21,0.035,120.86,2009.0,2818.46
FD122,Low Sugar,Fruits and Vegetables,OUT004,Medium,Tier 2,Supermarket Type2,14.34,0.104,127.5,2009.0,5140.07
FD5783,Low Sugar,Baking Goods,OUT004,Medium,Tier 2,Supermarket Type2,12.89,0.076,164.5,2009.0,3865.04
FD8346,Low Sugar,Dairy,OUT001,High,Tier 2,Supermarket Type1,13.81,0.034,189.95,1987.0,4593.43
FD735,Low Sugar,Canned,OUT002,Small,Tier 3,Food Mart,6.95,0.079,50.13,1998.0,180.86
FD2624,Regular,Breads,OUT001,High,Tier 2,Supermarket Type1,14.3,0.065,189.18,1987.0,4688.09
FD3620,Low Sugar,Starchy Foods,OUT004,Medium,Tier 2,Supermarket Type2,12.94,0.172,132.17,2009.0,3213.82
FD7261,Regular,Frozen Foods,OUT004,Medium,Tier 2,Supermarket Type2,12.58,0.077,129.5,2009.0,3077.8
FD8676,Low Sugar,Starchy Foods,OUT004,Medium,Tier 2,Supermarket Type2,16.16,0.113,110.2,2009.0,3492.72
NC6835,No Sugar,Health and Hygiene,OUT004,Medium,Tier 2,Supermarket Type2,10.12,0.031,141.35,2009.0,2765.34
FD763,Regular,Breakfast,OUT004,Medium,Tier 2,Supermarket Type2,13.42,0.041,95.92,2009.0,2579.79
FD2150,Low Sugar,Baking Goods,OUT004,Medium,Tier 2,Supermarket Type2,12.91,0.126,101.91,2009.0,2588.96
NC6327,No Sugar,Health and Hygiene,OUT004,Medium,Tier 2,Supermarket Type2,16.46,0.071,104.02,2009.0,3433.58
FD2782,Low Sugar,Fruits and Vegetables,OUT004,Medium,Tier 2,Supermarket Type2,13.91,0.076,157.43,2009.0,3949.92
FD2229,Low Sugar,Snack Foods,OUT004,Medium,Tier 2,Supermarket Type2,11.79,0.021,126.98,2009.0,2848.37
FD3726,Low Sugar,Snack Foods,OUT002,Small,Tier 3,Food Mart,10.69,0.162,102.64,1998.0,2101.23
FD1224,Low Sugar,Meat,OUT004,Medium,Tier 2,Supermarket Type2,11.14,0.021,160.4,2009.0,3384.98
DR6398,Low Sugar,Hard Drinks,OUT002,Small,Tier 3,Food Mart,8.99,0.045,73.33,1998.0,1116.94
DR858,Low Sugar,Soft Drinks,OUT004,Medium,Tier 2,Supermarket Type2,10.93,0.097,143.63,2009.0,2993.45
FD1702,Regular,Baking Goods,OUT004,Medium,Tier 2,Supermarket Type2,12.66,0.136,129.26,2009.0,3091.45
FD4229,Low Sugar,Breads,OUT004,Medium,Tier 2,Supermarket Type2,12.79,0.019,105.05,2009.0,2624.41
FD1719,Low Sugar,Fruits and Vegetables,OUT004,Medium,Tier 2,Supermarket Type2,13.55,0.029,147.92,2009.0,3674.98
FD219,Regular,Baking Goods,OUT004,Medium,Tier 2,Supermarket Type2,11.65,0.017,181.67,2009.0,2761.89
FD3132,Low Sugar,Snack Foods,OUT001,High,Tier 2,Supermarket Type1,13.87,0.083,166.67,1987.0,4131.26
FD5358,Low Sugar,Snack Foods,OUT004,Medium,Tier 2,Supermarket Type2,14.76,0.166,130.05,2009.0,3580.86
FD6699,Low Sugar,Snack Foods,OUT004,Medium,Tier 2,Supermarket Type2,15.03,0.11,142.01,2009.0,3888.09
NC1867,No Sugar,Health and Hygiene,OUT001,High,Tier 2,Supermarket Type1,14.72,0.099,176.1,1987.0,4514.76
FD5729,Low Sugar,Fruits and Vegetables,OUT001,High,Tier 2,Supermarket Type1,15.12,0.032,191.62,1987.0,4922.62
FD1422,Low Sugar,Dairy,OUT001,High,Tier 2,Supermarket Type1,15.18,0.094,146.11,1987.0,4005.13
FD5282,Low Sugar,Dairy,OUT001,High,Tier 2,Supermarket Type1,8.82,0.083,138.88,1987.0,2420.03
FD6879,Regular,Meat,OUT001,High,Tier 2,Supermarket Type1,10.37,0.069,122.83,1987.0,2441.15
FD2054,Low Sugar,Dairy,OUT004,Medium,Tier 2,Supermarket Type2,12.44,0.045,149.44,2009.0,3454.89
FD4582,Regular,Breads,OUT004,Medium,Tier 2,Supermarket Type2,13.52,0.056,153.45,2009.0,3781.13
FD5004,Regular,Baking Goods,OUT004,Medium,Tier 2,Supermarket Type2,12.28,0.171,141.96,2009.0,3265.24
NC112,No Sugar,Household,OUT002,Small,Tier 3,Food Mart,10.92,0.087,116.87,1998.0,2038.64
FD1737,Regular,Baking Goods,OUT004,Medium,Tier 2,Supermarket Type2,8.58,0.056,153.47,2009.0,2665.65
NC6134,No Sugar,Household,OUT001,High,Tier 2,Supermarket Type1,13.41,0.016,198.07,1987.0,4669.74
FD5605,Low Sugar,Meat,OUT004,Medium,Tier 2,Supermarket Type2,12.14,0.035,111.69,2009.0,2614.62
FD3197,Regular,Breads,OUT004,Medium,Tier 2,Supermarket Type2,11.92,0.021,120.9,2009.0,2753.15
FD4796,Low Sugar,Dairy,OUT001,High,Tier 2,Supermarket Type1,14.78,0.118,158.62,1987.0,4170.96
FD8259,Low Sugar,Snack Foods,OUT004,Medium,Tier 2,Supermarket Type2,11.97,0.031,141.82,2009.0,3192.84
FD3259,Regular,Fruits and Vegetables,OUT004,Medium,Tier 2,Supermarket Type2,11.5,0.034,115.67,2009.0,2550.82
FD6925,Regular,Baking Goods,OUT004,Medium,Tier 2,Supermarket Type2,10.72,0.113,158.26,2009.0,3247.04
FD3302,Regular,Fruits and Vegetables,OUT004,Medium,Tier 2,Supermarket Type2,16.14,0.028,129.92,2009.0,3891.48
FD4398,Low Sugar,Fruits and Vegetables,OUT001,High,Tier 2,Supermarket Type1,17.08,0.114,156.15,1987.0,4641.27
FD5465,Low Sugar,Meat,OUT004,Medium,Tier 2,Supermarket Type2,11.63,0.022,136.05,2009.0,2997.36
FD7109,Low Sugar,Fruits and Vegetables,OUT004,Medium,Tier 2,Supermarket Type2,11.27,0.116,124.9,2009.0,2686.83
FD5269,Regular,Dairy,OUT002,Small,Tier 3,Food Mart,8.35,0.028,84.27,1998.0,1196.06
FD1109,Low Sugar,Fruits and Vegetables,OUT004,Medium,Tier 2,Supermarket Type2,12.43,0.03,137.89,2009.0,3215.91
FD4029,Regular,Snack Foods,OUT004,Medium,Tier 2,Supermarket Type2,13.73,0.006,108.52,2009.0,2908.37
FD2472,Low Sugar,Canned,OUT004,Medium,Tier 2,Supermarket Type2,11.47,0.049,157.96,2009.0,3410.0
FD2123,Regular,Meat,OUT002,Small,Tier 3,Food Mart,9.77,0.052,83.51,1998.0,1501.03
FD2950,Low Sugar,Snack Foods,OUT004,Medium,Tier 2,Supermarket Type2,13.19,0.235,141.68,2009.0,3464.61
FD611,Low Sugar,Dairy,OUT004,Medium,Tier 2,Supermarket Type2,13.76,0.063,143.02,2009.0,3620.77
FD5169,Low Sugar,Fruits and Vegetables,OUT001,High,Tier 2,Supermarket Type1,14.79,0.014,175.33,1987.0,4516.25
FD3184,Regular,Fruits and Vegetables,OUT004,Medium,Tier 2,Supermarket Type2,12.87,0.057,151.87,2009.0,3600.86
DR2172,reg,Soft Drinks,OUT001,High,Tier 2,Supermarket Type1,12.66,0.065,98.86,1987.0,2469.68
FD833,Regular,Canned,OUT002,Small,Tier 3,Food Mart,10.26,0.067,100.04,1998.0,1951.21
FD6877,Regular,Frozen Foods,OUT001,High,Tier 2,Supermarket Type1,9.45,0.083,133.99,1987.0,2463.32
FD6561,Low Sugar,Fruits and Vegetables,OUT004,Medium,Tier 2,Supermarket Type2,9.56,0.174,146.97,2009.0,2753.05
FD2207,Low Sugar,Dairy,OUT002,Small,Tier 3,Food Mart,8.88,0.115,124.27,1998.0,2134.72
FD5293,Low Sugar,Dairy,OUT004,Medium,Tier 2,Supermarket Type2,12.87,0.09,168.16,2009.0,3933.99
FD3251,Low Sugar,Fruits and Vegetables,OUT004,Medium,Tier 2,Supermarket Type2,11.59,0.103,127.3,2009.0,2809.91
FD4380,Low Sugar,Fruits and Vegetables,OUT001,High,Tier 2,Supermarket Type1,15.34,0.069,144.22,1987.0,4002.72
FD3586,Regular,Snack Foods,OUT001,High,Tier 2,Supermarket Type1,14.29,0.041,184.99,1987.0,4599.33
FD4071,Low Sugar,Fruits and Vegetables,OUT004,Medium,Tier 2,Supermarket Type2,10.62,0.054,131.01,2009.0,2664.93
FD5179,Low Sugar,Baking Goods,OUT004,Medium,Tier 2,Supermarket Type2,15.16,0.079,145.48,2009.0,3987.92
FD5946,Regular,Fruits and Vegetables,OUT001,High,Tier 2,Supermarket Type1,12.5,0.029,185.02,1987.0,4195.89
NC2065,No Sugar,Household,OUT004,Medium,Tier 2,Supermarket Type2,13.09,0.043,166.92,2009.0,3959.48
FD3309,Low Sugar,Snack Foods,OUT002,Small,Tier 3,Food Mart,9.88,0.03,78.94,1998.0,1433.45
NC1019,No Sugar,Household,OUT004,Medium,Tier 2,Supermarket Type2,13.72,0.031,160.86,2009.0,3976.92
NC6513,No Sugar,Household,OUT004,Medium,Tier 2,Supermarket Type2,10.77,0.126,141.22,2009.0,2909.9
FD2886,Regular,Snack Foods,OUT004,Medium,Tier 2,Supermarket Type2,12.18,0.093,116.95,2009.0,2731.36
FD6271,Low Sugar,Frozen Foods,OUT004,Medium,Tier 2,Supermarket Type2,11.5,0.168,128.0,2009.0,2802.6
FD274,Low Sugar,Breakfast,OUT004,Medium,Tier 2,Supermarket Type2,13.15,0.143,123.37,2009.0,3919.52
FD3950,Low Sugar,Frozen Foods,OUT002,Small,Tier 3,Food Mart,8.71,0.042,132.48,1998.0,2265.13
DR6498,Low Sugar,Soft Drinks,OUT004,Medium,Tier 2,Supermarket Type2,13.99,0.036,129.5,2009.0,3397.49
NC4988,No Sugar,Others,OUT004,Medium,Tier 2,Supermarket Type2,12.7,0.013,126.66,2009.0,3047.92
FD4881,Low Sugar,Fruits and Vegetables,OUT002,Small,Tier 3,Food Mart,10.46,0.103,100.58,1998.0,2007.53
FD3119,Low Sugar,Frozen Foods,OUT004,Medium,Tier 2,Supermarket Type2,11.96,0.022,172.86,2009.0,3824.34
FD1357,Low Sugar,Snack Foods,OUT004,Medium,Tier 2,Supermarket Type2,9.88,0.032,142.22,2009.0,2727.08
FD463,Low Sugar,Dairy,OUT004,Medium,Tier 2,Supermarket Type2,12.03,0.048,176.72,2009.0,2255.43
FD992,Low Sugar,Snack Foods,OUT004,Medium,Tier 2,Supermarket Type2,13.87,0.129,142.63,2009.0,3637.27
FD6807,Low Sugar,Frozen Foods,OUT001,High,Tier 2,Supermarket Type1,15.74,0.178,174.62,1987.0,4715.73
NC1001,No Sugar,Health and Hygiene,OUT004,Medium,Tier 2,Supermarket Type2,11.31,0.099,152.64,2009.0,3265.06
FD5607,Regular,Fruits and Vegetables,OUT002,Small,Tier 3,Food Mart,10.92,0.035,96.86,1998.0,2034.84
NC5804,No Sugar,Household,OUT004,Medium,Tier 2,Supermarket Type2,11.93,0.142,156.09,2009.0,3474.72
NC4243,No Sugar,Health and Hygiene,OUT001,High,Tier 2,Supermarket Type1,14.28,0.169,160.97,1987.0,4106.49
FD1444,reg,Baking Goods,OUT004,Medium,Tier 2,Supermarket Type2,13.02,0.14,110.07,2009.0,2779.79
FD5687,Regular,Fruits and Vegetables,OUT004,Medium,Tier 2,Supermarket Type2,12.01,0.077,142.55,2009.0,3216.78
DR797,Low Sugar,Soft Drinks,OUT004,Medium,Tier 2,Supermarket Type2,11.04,0.128,149.87,2009.0,3146.18
NC8744,No Sugar,Household,OUT001,High,Tier 2,Supermarket Type1,15.64,0.049,174.12,1987.0,4681.66
FD2618,Regular,Canned,OUT004,Medium,Tier 2,Supermarket Type2,12.3,0.17,138.71,2009.0,3202.28
FD2770,Regular,Frozen Foods,OUT004,Medium,Tier 2,Supermarket Type2,15.09,0.058,117.38,2009.0,3396.29
FD6192,Low Sugar,Dairy,OUT004,Medium,Tier 2,Supermarket Type2,11.05,0.061,131.85,2009.0,2779.26
NC6209,No Sugar,Health and Hygiene,OUT002,Small,Tier 3,Food Mart,9.92,0.104,120.78,1998.0,2299.5
FD2475,Low Sugar,Snack Foods,OUT004,Medium,Tier 2,Supermarket Type2,11.6,0.039,167.31,2009.0,3630.7
FD7771,Regular,Snack Foods,OUT001,High,Tier 2,Supermarket Type1,15.22,0.049,189.82,1987.0,4908.36
FD4575,Low Sugar,Fruits and Vegetables,OUT001,High,Tier 2,Supermarket Type1,14.11,0.029,186.12,1987.0,4581.85
FD253,Low Sugar,Snack Foods,OUT004,Medium,Tier 2,Supermarket Type2,12.56,0.092,161.24,2009.0,5064.03
FD3375,Low Sugar,Meat,OUT001,High,Tier 2,Supermarket Type1,14.09,0.073,159.22,1987.0,4027.73
NC7139,No Sugar,Household,OUT004,Medium,Tier 2,Supermarket Type2,12.75,0.042,135.09,2009.0,3231.95
FD4773,Low Sugar,Fruits and Vegetables,OUT001,High,Tier 2,Supermarket Type1,15.92,0.119,171.7,1987.0,4696.23
FD6421,Low Sugar,Snack Foods,OUT001,High,Tier 2,Supermarket Type1,14.93,0.085,174.03,1987.0,4521.29
FD4447,Low Sugar,Starchy Foods,OUT004,Medium,Tier 2,Supermarket Type2,14.12,0.126,157.35,2009.0,3996.49
DR8083,Regular,Soft Drinks,OUT004,Medium,Tier 2,Supermarket Type2,13.91,0.103,151.64,2009.0,3832.02
FD5714,Low Sugar,Dairy,OUT004,Medium,Tier 2,Supermarket Type2,11.35,0.026,132.6,2009.0,2864.34
FD6044,Low Sugar,Dairy,OUT002,Small,Tier 3,Food Mart,4.28,0.037,79.65,1998.0,183.02
NC5237,No Sugar,Household,OUT004,Medium,Tier 2,Supermarket Type2,10.61,0.196,154.17,2009.0,3138.02
FD6317,Low Sugar,Baking Goods,OUT004,Medium,Tier 2,Supermarket Type2,11.85,0.03,157.48,2009.0,3486.0
FD2852,Regular,Canned,OUT004,Medium,Tier 2,Supermarket Type2,10.71,0.019,177.52,2009.0,3637.37
FD1179,Low Sugar,Fruits and Vegetables,OUT004,Medium,Tier 2,Supermarket Type2,9.01,0.084,141.69,2009.0,2520.53
FD6470,Low Sugar,Meat,OUT004,Medium,Tier 2,Supermarket Type2,9.17,0.048,150.53,2009.0,2737.1
FD1046,Low Sugar,Frozen Foods,OUT001,High,Tier 2,Supermarket Type1,11.65,0.045,105.07,1987.0,2368.96
FD1416,Low Sugar,Breads,OUT004,Medium,Tier 2,Supermarket Type2,10.56,0.097,156.97,2009.0,3183.71
FD5117,Low Sugar,Snack Foods,OUT004,Medium,Tier 2,Supermarket Type2,11.5,0.095,163.03,2009.0,3519.75
NC1145,No Sugar,Household,OUT004,Medium,Tier 2,Supermarket Type2,12.99,0.141,106.83,2009.0,2706.41
FD5474,Low Sugar,Snack Foods,OUT002,Small,Tier 3,Food Mart,9.72,0.03,102.91,1998.0,1887.4
NC3598,No Sugar,Health and Hygiene,OUT004,Medium,Tier 2,Supermarket Type2,11.13,0.005,120.64,2009.0,2568.57
FD2959,Low Sugar,Baking Goods,OUT004,Medium,Tier 2,Supermarket Type2,12.5,0.052,170.81,2009.0,3905.75
NC7535,No Sugar,Household,OUT004,Medium,Tier 2,Supermarket Type2,11.19,0.015,155.38,2009.0,3293.82
FD2224,Low Sugar,Fruits and Vegetables,OUT001,High,Tier 2,Supermarket Type1,8.52,0.07,142.95,1987.0,2436.69
FD8729,Low Sugar,Fruits and Vegetables,OUT004,Medium,Tier 2,Supermarket Type2,15.23,0.061,102.12,2009.0,3115.93
FD4046,Low Sugar,Baking Goods,OUT004,Medium,Tier 2,Supermarket Type2,11.19,0.077,160.45,2009.0,3398.06
FD1523,Regular,Starchy Foods,OUT004,Medium,Tier 2,Supermarket Type2,13.73,0.137,120.67,2009.0,3157.67
FD334,Low Sugar,Canned,OUT002,Small,Tier 3,Food Mart,14.5,0.122,167.28,1998.0,1526.43
DR4194,Low Sugar,Soft Drinks,OUT004,Medium,Tier 2,Supermarket Type2,13.43,0.185,129.18,2009.0,3262.67
NC7474,No Sugar,Health and Hygiene,OUT004,Medium,Tier 2,Supermarket Type2,13.02,0.02,136.03,2009.0,3311.89
NC4803,No Sugar,Health and Hygiene,OUT004,Medium,Tier 2,Supermarket Type2,11.18,0.057,141.09,2009.0,2998.57
FD4124,Low Sugar,Snack Foods,OUT002,Small,Tier 3,Food Mart,10.9,0.013,91.2,1998.0,1914.14
FD8648,Low Sugar,Dairy,OUT004,Medium,Tier 2,Supermarket Type2,10.83,0.017,137.39,2009.0,2843.24
FD5322,Low Sugar,Breads,OUT001,High,Tier 2,Supermarket Type1,14.08,0.019,159.17,1987.0,4024.9
FD1375,Regular,Canned,OUT004,Medium,Tier 2,Supermarket Type2,13.94,0.074,103.4,2009.0,2850.82
FD3183,Low Sugar,Snack Foods,OUT004,Medium,Tier 2,Supermarket Type2,12.18,0.107,162.96,2009.0,3673.43
FD503,Low Sugar,Canned,OUT001,High,Tier 2,Supermarket Type1,13.88,0.032,177.26,1987.0,2849.93
FD8510,Low Sugar,Fruits and Vegetables,OUT004,Medium,Tier 2,Supermarket Type2,12.6,0.047,130.67,2009.0,3105.79
NC4639,No Sugar,Household,OUT004,Medium,Tier 2,Supermarket Type2,8.89,0.169,154.83,2009.0,2762.57
FD7031,Low Sugar,Canned,OUT002,Small,Tier 3,Food Mart,8.3,0.041,88.82,1998.0,1279.42
FD3939,Regular,Canned,OUT002,Small,Tier 3,Food Mart,8.48,0.186,81.59,1998.0,1171.06
FD7513,Regular,Canned,OUT002,Small,Tier 3,Food Mart,8.26,0.081,123.63,1998.0,1981.74
FD2402,Low Sugar,Snack Foods,OUT004,Medium,Tier 2,Supermarket Type2,11.2,0.045,131.31,2009.0,2803.16
FD6494,Low Sugar,Frozen Foods,OUT004,Medium,Tier 2,Supermarket Type2,9.9,0.113,143.4,2009.0,2757.96
DR7243,Low Sugar,Soft Drinks,OUT004,Medium,Tier 2,Supermarket Type2,10.93,0.018,173.95,2009.0,3614.0
NC4772,No Sugar,Health and Hygiene,OUT001,High,Tier 2,Supermarket Type1,13.93,0.086,186.31,1987.0,4545.15
FD7270,Low Sugar,Fruits and Vegetables,OUT004,Medium,Tier 2,Supermarket Type2,10.32,0.113,131.29,2009.0,2604.16
FD4980,Regular,Meat,OUT002,Small,Tier 3,Food Mart,9.86,0.116,95.57,1998.0,1769.49
FD8672,Low Sugar,Fruits and Vegetables,OUT002,Small,Tier 3,Food Mart,9.72,0.075,107.95,1998.0,1990.47
FD8258,Low Sugar,Baking Goods,OUT002,Small,Tier 3,Food Mart,11.15,0.056,106.33,1998.0,2282.01
FD3630,Regular,Fruits and Vegetables,OUT001,High,Tier 2,Supermarket Type1,11.57,0.098,186.72,1987.0,4019.65
NC954,No Sugar,Household,OUT004,Medium,Tier 2,Supermarket Type2,12.11,0.038,150.48,2009.0,3401.96
FD5616,Low Sugar,Breakfast,OUT004,Medium,Tier 2,Supermarket Type2,12.29,0.047,123.19,2009.0,2883.44
FD8409,Low Sugar,Canned,OUT004,Medium,Tier 2,Supermarket Type2,13.17,0.09,141.71,2009.0,3461.88
FD7551,Low Sugar,Dairy,OUT004,Medium,Tier 2,Supermarket Type2,14.69,0.031,151.12,2009.0,3997.94
FD281,Low Sugar,Snack Foods,OUT001,High,Tier 2,Supermarket Type1,15.73,0.066,182.77,1987.0,3443.57
FD8351,Low Sugar,Canned,OUT001,High,Tier 2,Supermarket Type1,14.62,0.095,190.76,1987.0,4793.05
FD6481,Low Sugar,Frozen Foods,OUT004,Medium,Tier 2,Supermarket Type2,9.92,0.118,136.49,2009.0,2620.22
NC5806,No Sugar,Others,OUT001,High,Tier 2,Supermarket Type1,15.16,0.112,150.81,1987.0,4097.55
FD4865,Regular,Snack Foods,OUT004,Medium,Tier 2,Supermarket Type2,13.08,0.027,155.88,2009.0,3730.67
FD6363,Low Sugar,Baking Goods,OUT004,Medium,Tier 2,Supermarket Type2,10.41,0.083,143.89,2009.0,2882.56
FD7079,Regular,Frozen Foods,OUT004,Medium,Tier 2,Supermarket Type2,11.51,0.023,138.15,2009.0,3012.68
FD7746,Low Sugar,Starchy Foods,OUT004,Medium,Tier 2,Supermarket Type2,11.86,0.024,154.57,2009.0,3428.32
FD2751,Low Sugar,Canned,OUT004,Medium,Tier 2,Supermarket Type2,10.98,0.056,142.0,2009.0,2972.41
DR4319,Low Sugar,Hard Drinks,OUT004,Medium,Tier 2,Supermarket Type2,12.25,0.041,142.96,2009.0,3278.79
DR8705,Regular,Soft Drinks,OUT001,High,Tier 2,Supermarket Type1,14.06,0.047,160.08,1987.0,4039.29
FD6139,Regular,Meat,OUT004,Medium,Tier 2,Supermarket Type2,11.85,0.039,129.34,2009.0,2909.28
DR1005,Regular,Soft Drinks,OUT001,High,Tier 2,Supermarket Type1,15.76,0.128,177.51,1987.0,4779.23
FD3776,Low Sugar,Fruits and Vegetables,OUT004,Medium,Tier 2,Supermarket Type2,9.92,0.031,153.3,2009.0,2964.44
FD4463,Regular,Dairy,OUT004,Medium,Tier 2,Supermarket Type2,14.14,0.02,147.81,2009.0,3804.8
FD2346,Low Sugar,Starchy Foods,OUT001,High,Tier 2,Supermarket Type1,11.55,0.162,191.87,1987.0,4121.64
FD5602,Low Sugar,Snack Foods,OUT004,Medium,Tier 2,Supermarket Type2,13.21,0.067,157.8,2009.0,3800.42
FD8309,Low Sugar,Meat,OUT001,High,Tier 2,Supermarket Type1,15.5,0.039,169.75,1987.0,4562.52
FD4338,Low Sugar,Snack Foods,OUT004,Medium,Tier 2,Supermarket Type2,13.79,0.057,98.9,2009.0,2725.51
FD1127,Regular,Baking Goods,OUT001,High,Tier 2,Supermarket Type1,10.4,0.029,123.1,1987.0,2455.6
FD2795,Low Sugar,Baking Goods,OUT004,Medium,Tier 2,Supermarket Type2,10.71,0.048,155.95,2009.0,3196.34
FD4643,Low Sugar,Dairy,OUT004,Medium,Tier 2,Supermarket Type2,11.48,0.122,153.27,2009.0,3316.49
FD2915,Low Sugar,Baking Goods,OUT004,Medium,Tier 2,Supermarket Type2,13.56,0.029,126.47,2009.0,3238.63
FD5071,Regular,Snack Foods,OUT001,High,Tier 2,Supermarket Type1,15.68,0.05,167.02,1987.0,4547.13
FD643,Regular,Baking Goods,OUT004,Medium,Tier 2,Supermarket Type2,11.38,0.026,145.27,2009.0,3129.37
FD7810,Regular,Snack Foods,OUT002,Small,Tier 3,Food Mart,9.64,0.039,104.87,1998.0,1908.96
FD2039,Low Sugar,Baking Goods,OUT004,Medium,Tier 2,Supermarket Type2,12.23,0.028,165.24,2009.0,3730.58
FD6292,Regular,Canned,OUT001,High,Tier 2,Supermarket Type1,14.05,0.122,164.51,1987.0,4126.15
FD1994,Low Sugar,Canned,OUT002,Small,Tier 3,Food Mart,11.24,0.067,94.45,1998.0,2057.95
FD4228,Regular,Frozen Foods,OUT004,Medium,Tier 2,Supermarket Type2,11.81,0.07,128.82,2009.0,2889.43
FD4777,Regular,Fruits and Vegetables,OUT004,Medium,Tier 2,Supermarket Type2,14.43,0.016,149.64,2009.0,3908.98
DR3732,Low Sugar,Soft Drinks,OUT004,Medium,Tier 2,Supermarket Type2,13.15,0.025,159.47,2009.0,3820.25
DR8071,Low Sugar,Soft Drinks,OUT001,High,Tier 2,Supermarket Type1,16.4,0.038,166.56,1987.0,4700.12
NC900,No Sugar,Household,OUT004,Medium,Tier 2,Supermarket Type2,13.05,0.048,117.79,2009.0,2944.58
FD4389,Regular,Meat,OUT004,Medium,Tier 2,Supermarket Type2,12.47,0.053,173.88,2009.0,3962.26
DR2104,Regular,Hard Drinks,OUT004,Medium,Tier 2,Supermarket Type2,11.44,0.097,126.14,2009.0,2752.51
FD2861,Low Sugar,Meat,OUT004,Medium,Tier 2,Supermarket Type2,12.51,0.039,122.83,2009.0,2926.07
NC4175,No Sugar,Household,OUT004,Medium,Tier 2,Supermarket Type2,11.39,0.021,120.74,2009.0,2629.6
FD8426,Regular,Fruits and Vegetables,OUT001,High,Tier 2,Supermarket Type1,13.11,0.11,176.0,1987.0,4148.58
FD3212,Regular,Fruits and Vegetables,OUT004,Medium,Tier 2,Supermarket Type2,13.71,0.073,151.2,2009.0,3778.55
NC8505,No Sugar,Health and Hygiene,OUT004,Medium,Tier 2,Supermarket Type2,12.79,0.041,160.14,2009.0,3753.22
NC3876,No Sugar,Household,OUT001,High,Tier 2,Supermarket Type1,15.81,0.07,176.48,1987.0,4770.49
DR6007,Low Sugar,Soft Drinks,OUT004,Medium,Tier 2,Supermarket Type2,12.83,0.09,166.31,2009.0,3887.04
FD8524,Low Sugar,Canned,OUT004,Medium,Tier 2,Supermarket Type2,13.94,0.147,158.27,2009.0,3974.5
FD3100,Regular,Fruits and Vegetables,OUT001,High,Tier 2,Supermarket Type1,15.54,0.068,174.46,1987.0,4667.45
FD7460,Low Sugar,Snack Foods,OUT001,High,Tier 2,Supermarket Type1,15.98,0.106,169.63,1987.0,4668.38
FD6148,Regular,Frozen Foods,OUT004,Medium,Tier 2,Supermarket Type2,9.75,0.073,144.78,2009.0,2751.86
FD6268,Regular,Canned,OUT004,Medium,Tier 2,Supermarket Type2,14.27,0.04,141.2,2009.0,3700.16
FD4718,Low Sugar,Fruits and Vegetables,OUT004,Medium,Tier 2,Supermarket Type2,14.17,0.074,155.33,2009.0,3966.44
FD1266,Regular,Canned,OUT001,High,Tier 2,Supermarket Type1,11.14,0.016,109.91,1987.0,2352.39
FD7444,Low Sugar,Breads,OUT004,Medium,Tier 2,Supermarket Type2,12.91,0.044,131.29,2009.0,3189.35
FD5695,Low Sugar,Dairy,OUT004,Medium,Tier 2,Supermarket Type2,10.33,0.076,151.21,2009.0,3013.12
NC2357,No Sugar,Household,OUT004,Medium,Tier 2,Supermarket Type2,13.57,0.123,157.0,2009.0,3864.47
FD7962,Low Sugar,Frozen Foods,OUT004,Medium,Tier 2,Supermarket Type2,12.86,0.149,164.67,2009.0,3860.66
FD3971,reg,Canned,OUT004,Medium,Tier 2,Supermarket Type2,11.95,0.041,135.58,2009.0,3059.57
FD3122,Low Sugar,Dairy,OUT004,Medium,Tier 2,Supermarket Type2,10.36,0.044,132.59,2009.0,2640.35
FD291,Low Sugar,Baking Goods,OUT004,Medium,Tier 2,Supermarket Type2,13.66,0.064,149.54,2009.0,3438.18
FD2116,Low Sugar,Snack Foods,OUT004,Medium,Tier 2,Supermarket Type2,11.54,0.08,137.17,2009.0,3000.06
DR3912,Regular,Soft Drinks,OUT001,High,Tier 2,Supermarket Type1,13.31,0.011,171.77,1987.0,4108.56
FD1532,Regular,Canned,OUT004,Medium,Tier 2,Supermarket Type2,9.14,0.048,150.72,2009.0,2735.04
NC8475,No Sugar,Household,OUT004,Medium,Tier 2,Supermarket Type2,12.63,0.038,129.35,2009.0,3087.3
FD2376,Regular,Fruits and Vegetables,OUT004,Medium,Tier 2,Supermarket Type2,11.78,0.029,145.82,2009.0,3230.76
NC5133,No Sugar,Household,OUT001,High,Tier 2,Supermarket Type1,16.62,0.033,166.03,1987.0,4737.62
FD3634,Low Sugar,Meat,OUT001,High,Tier 2,Supermarket Type1,14.43,0.055,180.36,1987.0,4536.09
NC2193,No Sugar,Household,OUT004,Medium,Tier 2,Supermarket Type2,11.01,0.013,143.38,2009.0,3008.18
FD659,Low Sugar,Fruits and Vegetables,OUT004,Medium,Tier 2,Supermarket Type2,11.49,0.119,141.28,2009.0,3072.79
DR160,Regular,Soft Drinks,OUT002,Small,Tier 3,Food Mart,10.27,0.105,123.79,1998.0,874.26
NC5223,No Sugar,Household,OUT004,Medium,Tier 2,Supermarket Type2,14.42,0.049,141.39,2009.0,3736.65
FD3694,Low Sugar,Fruits and Vegetables,OUT004,Medium,Tier 2,Supermarket Type2,10.88,0.05,134.83,2009.0,2802.61
DR5106,Low Sugar,Soft Drinks,OUT001,High,Tier 2,Supermarket Type1,10.89,0.007,113.48,1987.0,2368.62
DR353,Low Sugar,Hard Drinks,OUT004,Medium,Tier 2,Supermarket Type2,12.46,0.017,106.03,2009.0,2550.85
NC5882,No Sugar,Health and Hygiene,OUT004,Medium,Tier 2,Supermarket Type2,12.23,0.015,164.91,2009.0,3724.25
NC7163,No Sugar,Health and Hygiene,OUT004,Medium,Tier 2,Supermarket Type2,11.05,0.073,140.16,2009.0,2951.38
NC730,No Sugar,Others,OUT002,Small,Tier 3,Food Mart,6.96,0.153,59.22,1998.0,369.31
NC4215,No Sugar,Household,OUT001,High,Tier 2,Supermarket Type1,13.23,0.041,196.9,1987.0,4603.91
NC2772,No Sugar,Health and Hygiene,OUT004,Medium,Tier 2,Supermarket Type2,11.94,0.041,153.82,2009.0,3431.83
FD7988,Regular,Meat,OUT001,High,Tier 2,Supermarket Type1,13.16,0.024,171.08,1987.0,4060.53
FD3763,Low Sugar,Frozen Foods,OUT001,High,Tier 2,Supermarket Type1,14.7,0.023,154.41,1987.0,4067.86
FD7885,Low Sugar,Fruits and Vegetables,OUT004,Medium,Tier 2,Supermarket Type2,12.09,0.064,127.34,2009.0,2922.6
FD6821,Low Sugar,Dairy,OUT004,Medium,Tier 2,Supermarket Type2,12.15,0.107,118.28,2009.0,2751.14
FD473,Low Sugar,Fruits and Vegetables,OUT004,Medium,Tier 2,Supermarket Type2,12.95,0.112,118.32,2009.0,4103.85
FD5011,Low Sugar,Frozen Foods,OUT004,Medium,Tier 2,Supermarket Type2,14.76,0.033,145.42,2009.0,3896.2
NC6734,No Sugar,Household,OUT004,Medium,Tier 2,Supermarket Type2,12.29,0.123,159.9,2009.0,3633.8
FD4883,Regular,Snack Foods,OUT004,Medium,Tier 2,Supermarket Type2,13.66,0.076,144.64,2009.0,3632.6
NC4280,No Sugar,Household,OUT004,Medium,Tier 2,Supermarket Type2,13.11,0.041,150.25,2009.0,3621.96
FD147,Regular,Frozen Foods,OUT002,Small,Tier 3,Food Mart,11.28,0.03,149.32,1998.0,680.56
NC4848,No Sugar,Health and Hygiene,OUT004,Medium,Tier 2,Supermarket Type2,12.58,0.073,118.43,2009.0,2851.97
FD2280,Regular,Dairy,OUT004,Medium,Tier 2,Supermarket Type2,12.76,0.161,147.1,2009.0,3479.69
DR6335,Low Sugar,Soft Drinks,OUT004,Medium,Tier 2,Supermarket Type2,11.48,0.035,125.5,2009.0,2747.81
FD2426,Low Sugar,Frozen Foods,OUT004,Medium,Tier 2,Supermarket Type2,11.52,0.127,165.78,2009.0,3581.75
FD3040,Regular,Snack Foods,OUT004,Medium,Tier 2,Supermarket Type2,11.71,0.026,154.94,2009.0,3402.93
FD8053,Low Sugar,Meat,OUT004,Medium,Tier 2,Supermarket Type2,14.35,0.018,129.25,2009.0,3473.57
NC8422,No Sugar,Household,OUT004,Medium,Tier 2,Supermarket Type2,11.17,0.044,122.37,2009.0,2613.04
FD5155,Regular,Dairy,OUT004,Medium,Tier 2,Supermarket Type2,13.64,0.016,155.99,2009.0,3859.26
FD7649,Low Sugar,Snack Foods,OUT004,Medium,Tier 2,Supermarket Type2,15.48,0.098,138.1,2009.0,3909.85
NC1398,No Sugar,Household,OUT004,Medium,Tier 2,Supermarket Type2,13.32,0.049,113.27,2009.0,2913.55
FD6046,Low Sugar,Meat,OUT004,Medium,Tier 2,Supermarket Type2,11.09,0.062,132.55,2009.0,2804.28
FD1990,Low Sugar,Baking Goods,OUT004,Medium,Tier 2,Supermarket Type2,12.41,0.13,171.3,2009.0,3895.96
FD3998,Regular,Canned,OUT002,Small,Tier 3,Food Mart,8.26,0.072,98.37,1998.0,1465.74
FD4734,Regular,Snack Foods,OUT004,Medium,Tier 2,Supermarket Type2,12.74,0.025,121.39,2009.0,2947.95
FD1203,Regular,Fruits and Vegetables,OUT004,Medium,Tier 2,Supermarket Type2,10.82,0.136,140.1,2009.0,2897.96
NC4660,No Sugar,Household,OUT001,High,Tier 2,Supermarket Type1,12.55,0.119,101.29,1987.0,2493.33
FD2556,Low Sugar,Baking Goods,OUT004,Medium,Tier 2,Supermarket Type2,13.24,0.054,123.06,2009.0,3096.53
FD4462,Low Sugar,Snack Foods,OUT002,Small,Tier 3,Food Mart,9.5,0.01,111.24,1998.0,2008.6
FD4814,Regular,Fruits and Vegetables,OUT001,High,Tier 2,Supermarket Type1,11.46,0.038,106.69,1987.0,2359.34
FD8339,Low Sugar,Dairy,OUT004,Medium,Tier 2,Supermarket Type2,12.79,0.097,141.13,2009.0,3362.77
NC6689,No Sugar,Health and Hygiene,OUT004,Medium,Tier 2,Supermarket Type2,14.28,0.084,148.82,2009.0,3856.98
NC6662,No Sugar,Health and Hygiene,OUT004,Medium,Tier 2,Supermarket Type2,12.88,0.017,140.24,2009.0,3364.81
NC2023,No Sugar,Household,OUT004,Medium,Tier 2,Supermarket Type2,13.3,0.046,152.97,2009.0,3720.57
FD1712,Low Sugar,Meat,OUT002,Small,Tier 3,Food Mart,8.01,0.138,97.48,1998.0,1389.63
NC4592,No Sugar,Household,OUT004,Medium,Tier 2,Supermarket Type2,12.42,0.061,164.19,2009.0,3751.21
FD4126,Low Sugar,Snack Foods,OUT004,Medium,Tier 2,Supermarket Type2,12.45,0.038,160.71,2009.0,3688.14
FD6874,Regular,Frozen Foods,OUT004,Medium,Tier 2,Supermarket Type2,11.83,0.128,139.06,2009.0,3103.13
FD2149,Regular,Frozen Foods,OUT004,Medium,Tier 2,Supermarket Type2,12.78,0.058,148.44,2009.0,3511.1
FD5328,Regular,Snack Foods,OUT004,Medium,Tier 2,Supermarket Type2,10.78,0.128,170.3,2009.0,3506.27
DR371,Low Sugar,Soft Drinks,OUT004,Medium,Tier 2,Supermarket Type2,11.43,0.028,174.7,2009.0,3733.46
FD1012,Low Sugar,Baking Goods,OUT002,Small,Tier 3,Food Mart,13.55,0.186,66.75,1998.0,2014.05
FD1014,Regular,Fruits and Vegetables,OUT001,High,Tier 2,Supermarket Type1,14.99,0.061,150.68,1987.0,4055.15
FD1270,Regular,Starchy Foods,OUT004,Medium,Tier 2,Supermarket Type2,12.42,0.016,136.13,2009.0,3177.62
NC2905,No Sugar,Household,OUT004,Medium,Tier 2,Supermarket Type2,14.47,0.042,145.07,2009.0,3823.42
FD1054,Regular,Snack Foods,OUT001,High,Tier 2,Supermarket Type1,14.11,0.044,160.03,1987.0,4048.68
NC625,No Sugar,Household,OUT001,High,Tier 2,Supermarket Type1,13.65,0.077,187.98,1987.0,4516.13
FD7406,Regular,Canned,OUT004,Medium,Tier 2,Supermarket Type2,12.39,0.055,114.62,2009.0,2730.21
FD90,Low Sugar,Meat,OUT004,Medium,Tier 2,Supermarket Type2,13.08,0.128,146.35,2009.0,4334.63
FD2903,Low Sugar,Baking Goods,OUT001,High,Tier 2,Supermarket Type1,8.49,0.199,138.99,1987.0,2347.94
FD382,Low Sugar,Fruits and Vegetables,OUT001,High,Tier 2,Supermarket Type1,14.39,0.047,158.65,1987.0,3058.74
FD4615,Regular,Baking Goods,OUT004,Medium,Tier 2,Supermarket Type2,12.22,0.148,126.41,2009.0,2934.49
FD2124,Low Sugar,Breakfast,OUT004,Medium,Tier 2,Supermarket Type2,10.99,0.057,145.0,2009.0,3035.09
FD6825,Low Sugar,Dairy,OUT004,Medium,Tier 2,Supermarket Type2,12.9,0.15,129.8,2009.0,3157.23
FD3225,Low Sugar,Snack Foods,OUT004,Medium,Tier 2,Supermarket Type2,10.62,0.107,132.73,2009.0,2701.28
FD8287,Low Sugar,Fruits and Vegetables,OUT001,High,Tier 2,Supermarket Type1,16.47,0.126,141.35,1987.0,4199.05
FD7170,Low Sugar,Baking Goods,OUT004,Medium,Tier 2,Supermarket Type2,12.39,0.014,149.52,2009.0,3444.58
NC6101,No Sugar,Household,OUT004,Medium,Tier 2,Supermarket Type2,14.56,0.025,134.52,2009.0,3628.13
DR3327,Low Sugar,Soft Drinks,OUT002,Small,Tier 3,Food Mart,7.42,0.044,75.01,1998.0,796.05
FD1645,Low Sugar,Dairy,OUT004,Medium,Tier 2,Supermarket Type2,13.19,0.047,113.67,2009.0,2892.56
FD476,Low Sugar,Frozen Foods,OUT004,Medium,Tier 2,Supermarket Type2,12.88,0.171,129.97,2009.0,2994.95
NC4362,No Sugar,Household,OUT001,High,Tier 2,Supermarket Type1,9.24,0.03,128.9,1987.0,2311.73
FD117,Regular,Fruits and Vegetables,OUT004,Medium,Tier 2,Supermarket Type2,9.19,0.032,140.03,2009.0,4219.55
DR1920,Regular,Soft Drinks,OUT004,Medium,Tier 2,Supermarket Type2,12.01,0.105,146.0,2009.0,3287.09
NC7863,No Sugar,Household,OUT001,High,Tier 2,Supermarket Type1,12.7,0.076,209.05,1987.0,4732.79
DR2897,Low Sugar,Hard Drinks,OUT004,Medium,Tier 2,Supermarket Type2,10.5,0.036,144.82,2009.0,2921.44
FD4313,Low Sugar,Canned,OUT001,High,Tier 2,Supermarket Type1,15.66,0.085,182.96,1987.0,4867.98
FD3972,Low Sugar,Fruits and Vegetables,OUT002,Small,Tier 3,Food Mart,8.15,0.065,99.78,1998.0,1467.89
NC6463,No Sugar,Household,OUT004,Medium,Tier 2,Supermarket Type2,10.55,0.159,139.07,2009.0,2814.49
NC6376,No Sugar,Health and Hygiene,OUT002,Small,Tier 3,Food Mart,10.23,0.011,111.45,1998.0,2177.77
FD726,Regular,Meat,OUT004,Medium,Tier 2,Supermarket Type2,11.16,0.055,170.81,2009.0,3601.55
FD4441,Low Sugar,Fruits and Vegetables,OUT004,Medium,Tier 2,Supermarket Type2,12.53,0.128,134.26,2009.0,3163.91
NC710,No Sugar,Household,OUT002,Small,Tier 3,Food Mart,10.68,0.106,102.64,1998.0,2098.85
NC5513,No Sugar,Others,OUT001,High,Tier 2,Supermarket Type1,11.52,0.066,109.74,1987.0,2433.52
FD1349,Regular,Breakfast,OUT004,Medium,Tier 2,Supermarket Type2,13.73,0.07,142.45,2009.0,3603.12
FD1085,Regular,Snack Foods,OUT001,High,Tier 2,Supermarket Type1,11.33,0.026,110.96,1987.0,2416.29
FD2532,Low Sugar,Fruits and Vegetables,OUT004,Medium,Tier 2,Supermarket Type2,11.41,0.128,165.99,2009.0,3559.26
FD6991,Low Sugar,Frozen Foods,OUT004,Medium,Tier 2,Supermarket Type2,11.03,0.058,155.66,2009.0,3262.74
NC7008,No Sugar,Household,OUT004,Medium,Tier 2,Supermarket Type2,11.22,0.233,131.33,2009.0,2807.71
NC4394,No Sugar,Household,OUT004,Medium,Tier 2,Supermarket Type2,12.1,0.017,115.8,2009.0,2688.61
FD472,Low Sugar,Fruits and Vegetables,OUT001,High,Tier 2,Supermarket Type1,10.85,0.142,106.03,1987.0,3254.88
FD8396,Low Sugar,Fruits and Vegetables,OUT004,Medium,Tier 2,Supermarket Type2,12.08,0.011,143.91,2009.0,3259.38
FD54,Low Sugar,Snack Foods,OUT002,Small,Tier 3,Food Mart,7.21,0.041,142.57,1998.0,1527.71
NC2232,No Sugar,Household,OUT004,Medium,Tier 2,Supermarket Type2,12.72,0.09,159.16,2009.0,3715.99
DR1273,Regular,Soft Drinks,OUT001,High,Tier 2,Supermarket Type1,13.15,0.064,200.71,1987.0,4663.06
NC170,No Sugar,Health and Hygiene,OUT002,Small,Tier 3,Food Mart,9.44,0.085,118.9,1998.0,677.12
FD91,Low Sugar,Baking Goods,OUT002,Small,Tier 3,Food Mart,15.35,0.075,158.89,1998.0,914.75
DR4823,Regular,Soft Drinks,OUT004,Medium,Tier 2,Supermarket Type2,9.99,0.052,130.19,2009.0,2506.61
FD8367,Low Sugar,Fruits and Vegetables,OUT001,High,Tier 2,Supermarket Type1,14.16,0.053,158.08,1987.0,4020.73
FD6381,Regular,Dairy,OUT004,Medium,Tier 2,Supermarket Type2,10.93,0.171,146.74,2009.0,3058.1
DR8549,Low Sugar,Hard Drinks,OUT002,Small,Tier 3,Food Mart,8.68,0.111,116.3,1998.0,1927.01
FD269,Low Sugar,Fruits and Vegetables,OUT004,Medium,Tier 2,Supermarket Type2,14.24,0.157,133.74,2009.0,1599.19
FD8596,Low Sugar,Snack Foods,OUT002,Small,Tier 3,Food Mart,8.97,0.02,118.77,1998.0,2041.87
FD7892,Regular,Frozen Foods,OUT004,Medium,Tier 2,Supermarket Type2,15.03,0.025,140.39,2009.0,3854.61
FD4273,Low Sugar,Dairy,OUT004,Medium,Tier 2,Supermarket Type2,12.51,0.043,102.78,2009.0,2516.6
NC3753,No Sugar,Household,OUT002,Small,Tier 3,Food Mart,11.12,0.026,104.77,1998.0,2241.79
FD3641,Low Sugar,Snack Foods,OUT001,High,Tier 2,Supermarket Type1,13.85,0.063,168.23,1987.0,4157.47
NC8736,No Sugar,Others,OUT001,High,Tier 2,Supermarket Type1,11.79,0.11,106.73,1987.0,2434.25
NC63,No Sugar,Health and Hygiene,OUT004,Medium,Tier 2,Supermarket Type2,13.18,0.175,100.1,2009.0,4263.26
FD2561,Regular,Meat,OUT001,High,Tier 2,Supermarket Type1,14.07,0.053,159.7,1987.0,4033.41
FD4053,Regular,Canned,OUT004,Medium,Tier 2,Supermarket Type2,12.09,0.038,147.86,2009.0,3343.02
FD8516,Regular,Fruits and Vegetables,OUT004,Medium,Tier 2,Supermarket Type2,15.34,0.041,131.02,2009.0,3733.22
FD3404,Low Sugar,Dairy,OUT004,Medium,Tier 2,Supermarket Type2,13.19,0.069,117.82,2009.0,2976.17
FD8678,Low Sugar,Canned,OUT004,Medium,Tier 2,Supermarket Type2,13.13,0.01,152.0,2009.0,3663.65
NC8671,No Sugar,Health and Hygiene,OUT001,High,Tier 2,Supermarket Type1,14.26,0.024,157.31,1987.0,4027.85
FD4057,Low Sugar,Canned,OUT002,Small,Tier 3,Food Mart,11.17,0.076,103.84,1998.0,2235.31
FD8698,Low Sugar,Canned,OUT004,Medium,Tier 2,Supermarket Type2,14.85,0.085,126.54,2009.0,3530.47
DR8278,Low Sugar,Soft Drinks,OUT001,High,Tier 2,Supermarket Type1,14.65,0.009,158.12,1987.0,4130.89
FD3186,Regular,Frozen Foods,OUT004,Medium,Tier 2,Supermarket Type2,11.5,0.149,140.08,2009.0,3050.63
FD7437,Low Sugar,Frozen Foods,OUT004,Medium,Tier 2,Supermarket Type2,10.85,0.097,138.56,2009.0,2873.46
DR5641,Low Sugar,Soft Drinks,OUT004,Medium,Tier 2,Supermarket Type2,11.36,0.14,152.15,2009.0,3265.06
FD6667,Regular,Frozen Foods,OUT004,Medium,Tier 2,Supermarket Type2,11.82,0.185,124.06,2009.0,2796.0
FD676,Regular,Meat,OUT004,Medium,Tier 2,Supermarket Type2,11.33,0.103,130.86,2009.0,2823.85
FD4288,Low Sugar,Frozen Foods,OUT002,Small,Tier 3,Food Mart,10.08,0.03,67.18,1998.0,1237.95
FD1790,Regular,Snack Foods,OUT004,Medium,Tier 2,Supermarket Type2,12.56,0.008,133.35,2009.0,3151.43
NC4485,No Sugar,Health and Hygiene,OUT001,High,Tier 2,Supermarket Type1,14.42,0.072,179.01,1987.0,4507.97
FD7061,Low Sugar,Fruits and Vegetables,OUT004,Medium,Tier 2,Supermarket Type2,11.56,0.188,132.58,2009.0,2909.79
FD6530,Regular,Dairy,OUT004,Medium,Tier 2,Supermarket Type2,11.99,0.081,122.18,2009.0,2794.79
FD990,Low Sugar,Canned,OUT004,Medium,Tier 2,Supermarket Type2,11.9,0.086,125.64,2009.0,2844.73
FD127,Low Sugar,Baking Goods,OUT001,High,Tier 2,Supermarket Type1,14.76,0.253,185.7,1987.0,3754.43
FD6354,Low Sugar,Frozen Foods,OUT004,Medium,Tier 2,Supermarket Type2,10.72,0.006,143.19,2009.0,2937.08
FD6143,Low Sugar,Snack Foods,OUT004,Medium,Tier 2,Supermarket Type2,14.13,0.031,149.08,2009.0,3829.55
NC2933,No Sugar,Household,OUT004,Medium,Tier 2,Supermarket Type2,13.6,0.039,114.12,2009.0,2993.4
FD3507,Low Sugar,Canned,OUT004,Medium,Tier 2,Supermarket Type2,12.25,0.128,177.4,2009.0,3983.5
NC2746,No Sugar,Household,OUT004,Medium,Tier 2,Supermarket Type2,12.84,0.02,131.99,2009.0,3187.56
FD602,Low Sugar,Meat,OUT004,Medium,Tier 2,Supermarket Type2,14.67,0.055,132.25,2009.0,3605.79
FD41,Low Sugar,Canned,OUT001,High,Tier 2,Supermarket Type1,9.14,0.055,132.11,1987.0,4744.69
FD2590,Regular,Fruits and Vegetables,OUT004,Medium,Tier 2,Supermarket Type2,11.62,0.015,142.64,2009.0,3129.65
FD5807,Low Sugar,Baking Goods,OUT004,Medium,Tier 2,Supermarket Type2,11.88,0.14,165.99,2009.0,3666.84
FD5368,Low Sugar,Fruits and Vegetables,OUT004,Medium,Tier 2,Supermarket Type2,9.34,0.023,148.52,2009.0,2734.26
FD1838,Low Sugar,Fruits and Vegetables,OUT002,Small,Tier 3,Food Mart,10.71,0.04,86.44,1998.0,1775.57
FD2680,Low Sugar,Fruits and Vegetables,OUT004,Medium,Tier 2,Supermarket Type2,11.47,0.052,148.51,2009.0,3216.39
FD897,Low Sugar,Snack Foods,OUT004,Medium,Tier 2,Supermarket Type2,11.41,0.058,136.52,2009.0,2956.61
FD2549,Low Sugar,Snack Foods,OUT004,Medium,Tier 2,Supermarket Type2,12.09,0.018,111.35,2009.0,2596.93
FD2945,Regular,Baking Goods,OUT004,Medium,Tier 2,Supermarket Type2,10.36,0.023,184.87,2009.0,3710.16
NC3176,No Sugar,Health and Hygiene,OUT001,High,Tier 2,Supermarket Type1,14.21,0.089,161.9,1987.0,4108.96
FD2604,Regular,Snack Foods,OUT004,Medium,Tier 2,Supermarket Type2,11.76,0.13,172.43,2009.0,3771.5
FD4445,Low Sugar,Meat,OUT001,High,Tier 2,Supermarket Type1,10.7,0.089,112.28,1987.0,2301.85
NC5610,No Sugar,Others,OUT004,Medium,Tier 2,Supermarket Type2,13.49,0.074,93.44,2009.0,2546.18
FD7253,Regular,Canned,OUT004,Medium,Tier 2,Supermarket Type2,11.03,0.098,142.58,2009.0,2994.34
FD1460,Low Sugar,Fruits and Vegetables,OUT002,Small,Tier 3,Food Mart,8.91,0.282,97.93,1998.0,1602.87
FD2466,Low Sugar,Snack Foods,OUT001,High,Tier 2,Supermarket Type1,11.66,0.051,188.11,1987.0,4068.97
FD1762,Regular,Fruits and Vegetables,OUT004,Medium,Tier 2,Supermarket Type2,13.54,0.081,153.27,2009.0,3780.33
NC1287,No Sugar,Health and Hygiene,OUT004,Medium,Tier 2,Supermarket Type2,14.67,0.074,149.81,2009.0,3965.83
FD4177,Low Sugar,Snack Foods,OUT004,Medium,Tier 2,Supermarket Type2,10.74,0.126,149.78,2009.0,3078.08
NC7298,No Sugar,Household,OUT004,Medium,Tier 2,Supermarket Type2,13.73,0.05,139.12,2009.0,3535.07
FD2013,Regular,Frozen Foods,OUT004,Medium,Tier 2,Supermarket Type2,12.29,0.013,135.46,2009.0,3135.49
FD1632,Regular,Canned,OUT004,Medium,Tier 2,Supermarket Type2,14.26,0.026,149.2,2009.0,3860.98
FD8564,Regular,Canned,OUT004,Medium,Tier 2,Supermarket Type2,13.18,0.048,163.39,2009.0,3907.26
FD7191,Low Sugar,Breads,OUT004,Medium,Tier 2,Supermarket Type2,9.16,0.037,145.82,2009.0,2639.26
FD8189,Low Sugar,Starchy Foods,OUT001,High,Tier 2,Supermarket Type1,15.72,0.067,175.09,1987.0,4721.17
FD7817,Regular,Frozen Foods,OUT001,High,Tier 2,Supermarket Type1,14.2,0.128,181.79,1987.0,4513.23
DR7854,Low Sugar,Soft Drinks,OUT001,High,Tier 2,Supermarket Type1,11.58,0.019,103.05,1987.0,2310.65
FD5000,Regular,Dairy,OUT001,High,Tier 2,Supermarket Type1,13.81,0.044,208.17,1987.0,4965.79
FD2115,Low Sugar,Breads,OUT001,High,Tier 2,Supermarket Type1,15.3,0.027,172.01,1987.0,4562.92
FD1279,Low Sugar,Breads,OUT004,Medium,Tier 2,Supermarket Type2,13.89,0.016,143.01,2009.0,3649.8
FD7559,Low Sugar,Baking Goods,OUT002,Small,Tier 3,Food Mart,6.64,0.009,129.24,1998.0,1731.05
FD1833,Low Sugar,Meat,OUT004,Medium,Tier 2,Supermarket Type2,10.45,0.175,150.68,2009.0,3030.79
FD7101,Low Sugar,Snack Foods,OUT001,High,Tier 2,Supermarket Type1,14.04,0.051,164.05,1987.0,4115.1
FD6860,Regular,Frozen Foods,OUT001,High,Tier 2,Supermarket Type1,11.01,0.117,114.6,1987.0,2417.79
FD1530,Low Sugar,Fruits and Vegetables,OUT001,High,Tier 2,Supermarket Type1,14.38,0.042,181.63,1987.0,4551.13
NC2953,No Sugar,Others,OUT001,High,Tier 2,Supermarket Type1,15.52,0.007,183.35,1987.0,4845.17
NC380,No Sugar,Health and Hygiene,OUT004,Medium,Tier 2,Supermarket Type2,12.97,0.047,170.23,2009.0,5299.43
FD3352,Regular,Fruits and Vegetables,OUT004,Medium,Tier 2,Supermarket Type2,11.66,0.046,156.04,2009.0,3413.19
FD4315,Regular,Dairy,OUT004,Medium,Tier 2,Supermarket Type2,15.38,0.035,114.98,2009.0,3414.22
FD673,Low Sugar,Dairy,OUT001,High,Tier 2,Supermarket Type1,14.7,0.137,159.86,1987.0,4177.6
FD1015,Low Sugar,Snack Foods,OUT004,Medium,Tier 2,Supermarket Type2,12.59,0.039,148.74,2009.0,3472.97
FD5438,Low Sugar,Snack Foods,OUT002,Small,Tier 3,Food Mart,8.93,0.031,126.48,1998.0,2190.98
FD1073,Regular,Fruits and Vegetables,OUT004,Medium,Tier 2,Supermarket Type2,11.04,0.046,147.61,2009.0,3101.02
FD5194,Regular,Snack Foods,OUT004,Medium,Tier 2,Supermarket Type2,12.02,0.063,120.23,2009.0,2762.42
NC1265,No Sugar,Household,OUT004,Medium,Tier 2,Supermarket Type2,12.84,0.032,138.72,2009.0,3325.48
FD4583,Low Sugar,Fruits and Vegetables,OUT004,Medium,Tier 2,Supermarket Type2,12.52,0.042,115.53,2009.0,2779.81
FD6296,Low Sugar,Frozen Foods,OUT004,Medium,Tier 2,Supermarket Type2,14.65,0.055,150.66,2009.0,3978.41
FD5964,Regular,Fruits and Vegetables,OUT004,Medium,Tier 2,Supermarket Type2,12.75,0.02,139.42,2009.0,3318.74
NC171,No Sugar,Household,OUT004,Medium,Tier 2,Supermarket Type2,9.64,0.03,141.23,2009.0,2721.32
FD4810,Low Sugar,Canned,OUT004,Medium,Tier 2,Supermarket Type2,11.12,0.16,139.1,2009.0,2945.6
DR5794,Low Sugar,Soft Drinks,OUT001,High,Tier 2,Supermarket Type1,12.07,0.098,103.73,1987.0,2435.19
FD4205,Regular,Frozen Foods,OUT004,Medium,Tier 2,Supermarket Type2,11.52,0.023,177.78,2009.0,3827.31
FD3497,Low Sugar,Baking Goods,OUT004,Medium,Tier 2,Supermarket Type2,11.52,0.085,122.95,2009.0,2705.03
NC1327,No Sugar,Household,OUT004,Medium,Tier 2,Supermarket Type2,12.21,0.075,151.2,2009.0,3439.01
FD8647,Regular,Meat,OUT004,Medium,Tier 2,Supermarket Type2,12.33,0.021,149.26,2009.0,3425.85
FD7597,Low Sugar,Fruits and Vegetables,OUT004,Medium,Tier 2,Supermarket Type2,13.05,0.027,155.6,2009.0,3718.89
FD3391,Low Sugar,Fruits and Vegetables,OUT004,Medium,Tier 2,Supermarket Type2,12.12,0.099,152.1,2009.0,3437.43
FD5166,Low Sugar,Snack Foods,OUT004,Medium,Tier 2,Supermarket Type2,14.06,0.038,114.74,2009.0,3110.9
NC5040,No Sugar,Household,OUT004,Medium,Tier 2,Supermarket Type2,14.14,0.018,140.66,2009.0,3658.41
NC8394,No Sugar,Others,OUT004,Medium,Tier 2,Supermarket Type2,11.11,0.124,147.86,2009.0,3122.12
FD4598,Regular,Baking Goods,OUT001,High,Tier 2,Supermarket Type1,14.58,0.081,155.59,1987.0,4063.97
FD1562,Low Sugar,Snack Foods,OUT004,Medium,Tier 2,Supermarket Type2,11.2,0.057,164.77,2009.0,3486.95
DR7320,Low Sugar,Soft Drinks,OUT004,Medium,Tier 2,Supermarket Type2,11.27,0.023,132.92,2009.0,2852.84
FD5681,Low Sugar,Fruits and Vegetables,OUT004,Medium,Tier 2,Supermarket Type2,13.38,0.018,138.23,2009.0,3436.83
FD5057,Regular,Seafood,OUT004,Medium,Tier 2,Supermarket Type2,14.57,0.077,145.88,2009.0,3862.46
FD8708,Low Sugar,Snack Foods,OUT001,High,Tier 2,Supermarket Type1,16.07,0.155,167.79,1987.0,4650.08
NC7723,No Sugar,Health and Hygiene,OUT001,High,Tier 2,Supermarket Type1,15.11,0.014,176.72,1987.0,4615.65
FD2368,Regular,Fruits and Vegetables,OUT002,Small,Tier 3,Food Mart,7.12,0.227,94.79,1998.0,1132.86
FD4378,Low Sugar,Fruits and Vegetables,OUT004,Medium,Tier 2,Supermarket Type2,14.3,0.042,149.61,2009.0,3878.93
FD8093,Low Sugar,Snack Foods,OUT001,High,Tier 2,Supermarket Type1,13.75,0.025,198.23,1987.0,4749.18
FD6239,Low Sugar,Canned,OUT004,Medium,Tier 2,Supermarket Type2,13.22,0.016,148.09,2009.0,3603.08
FD3623,Regular,Breads,OUT002,Small,Tier 3,Food Mart,11.69,0.143,75.71,1998.0,1775.67
DR5410,Regular,Soft Drinks,OUT004,Medium,Tier 2,Supermarket Type2,12.47,0.009,141.94,2009.0,3307.25
FD8548,Low Sugar,Snack Foods,OUT002,Small,Tier 3,Food Mart,11.81,0.085,90.24,1998.0,2101.81
FD3556,Low Sugar,Snack Foods,OUT004,Medium,Tier 2,Supermarket Type2,11.36,0.004,143.24,2009.0,3084.38
FD1991,Low Sugar,Frozen Foods,OUT004,Medium,Tier 2,Supermarket Type2,10.38,0.095,131.93,2009.0,2631.2
FD6989,Regular,Baking Goods,OUT001,High,Tier 2,Supermarket Type1,12.37,0.049,94.72,1987.0,2318.2
FD2139,Low Sugar,Dairy,OUT004,Medium,Tier 2,Supermarket Type2,13.87,0.043,130.68,2009.0,3392.96
FD4705,Low Sugar,Frozen Foods,OUT004,Medium,Tier 2,Supermarket Type2,10.95,0.027,120.35,2009.0,2521.93
FD4097,Low Sugar,Frozen Foods,OUT001,High,Tier 2,Supermarket Type1,10.97,0.045,117.36,1987.0,2466.69
FD6056,Regular,Baking Goods,OUT004,Medium,Tier 2,Supermarket Type2,12.74,0.033,168.17,2009.0,3904.67
FD6677,Regular,Canned,OUT004,Medium,Tier 2,Supermarket Type2,11.61,0.035,123.09,2009.0,2727.15
FD2132,Low Sugar,Frozen Foods,OUT004,Medium,Tier 2,Supermarket Type2,10.36,0.026,129.89,2009.0,2584.38
FD3072,Low Sugar,Starchy Foods,OUT004,Medium,Tier 2,Supermarket Type2,13.61,0.024,158.23,2009.0,3899.56
FD3383,Regular,Canned,OUT004,Medium,Tier 2,Supermarket Type2,13.3,0.03,156.27,2009.0,3787.7
NC5280,No Sugar,Health and Hygiene,OUT004,Medium,Tier 2,Supermarket Type2,10.18,0.062,138.8,2009.0,2725.38
FD839,Regular,Snack Foods,OUT004,Medium,Tier 2,Supermarket Type2,12.61,0.045,154.08,2009.0,3588.42
FD8390,Low Sugar,Frozen Foods,OUT004,Medium,Tier 2,Supermarket Type2,13.19,0.096,115.37,2009.0,2925.89
FD7194,Low Sugar,Fruits and Vegetables,OUT004,Medium,Tier 2,Supermarket Type2,11.41,0.019,134.69,2009.0,2919.55
NC7519,No Sugar,Health and Hygiene,OUT004,Medium,Tier 2,Supermarket Type2,12.72,0.051,150.71,2009.0,3544.16
DR7379,Regular,Soft Drinks,OUT004,Medium,Tier 2,Supermarket Type2,12.85,0.023,135.02,2009.0,3251.48
FD4699,Regular,Frozen Foods,OUT004,Medium,Tier 2,Supermarket Type2,12.13,0.047,135.78,2009.0,3104.21
FD1797,Low Sugar,Dairy,OUT004,Medium,Tier 2,Supermarket Type2,14.04,0.039,156.19,2009.0,3953.88
FD4545,Low Sugar,Fruits and Vegetables,OUT004,Medium,Tier 2,Supermarket Type2,13.0,0.038,156.84,2009.0,3732.08
FD2024,Regular,Frozen Foods,OUT001,High,Tier 2,Supermarket Type1,14.57,0.143,196.26,1987.0,4893.46
NC7624,No Sugar,Household,OUT004,Medium,Tier 2,Supermarket Type2,11.74,0.09,159.96,2009.0,3512.22
FD2748,Low Sugar,Meat,OUT004,Medium,Tier 2,Supermarket Type2,11.13,0.065,123.74,2009.0,2632.22
NC2467,No Sugar,Household,OUT004,Medium,Tier 2,Supermarket Type2,12.97,0.025,114.48,2009.0,2858.59
NC3256,No Sugar,Household,OUT004,Medium,Tier 2,Supermarket Type2,11.8,0.046,164.82,2009.0,3623.93
NC2929,No Sugar,Others,OUT001,High,Tier 2,Supermarket Type1,12.1,0.009,183.08,1987.0,4066.38
FD3891,Low Sugar,Dairy,OUT001,High,Tier 2,Supermarket Type1,12.9,0.073,195.91,1987.0,4508.15
FD2811,Regular,Dairy,OUT004,Medium,Tier 2,Supermarket Type2,11.18,0.076,154.45,2009.0,3272.91
FD2478,Low Sugar,Canned,OUT002,Small,Tier 3,Food Mart,10.12,0.098,112.07,1998.0,2165.49
NC4386,No Sugar,Health and Hygiene,OUT002,Small,Tier 3,Food Mart,8.94,0.039,92.18,1998.0,1492.65
FD4,Low Sugar,Dairy,OUT001,High,Tier 2,Supermarket Type1,9.15,0.06,119.21,1987.0,4587.86
NC4151,No Sugar,Household,OUT002,Small,Tier 3,Food Mart,10.15,0.014,59.96,1998.0,1105.17
FD4599,Low Sugar,Fruits and Vegetables,OUT001,High,Tier 2,Supermarket Type1,14.82,0.054,152.24,1987.0,4049.84
FD1367,Low Sugar,Fruits and Vegetables,OUT002,Small,Tier 3,Food Mart,12.24,0.062,93.84,1998.0,2271.26
DR3118,Low Sugar,Soft Drinks,OUT001,High,Tier 2,Supermarket Type1,13.17,0.055,168.8,1987.0,4015.24
FD8077,Low Sugar,Meat,OUT001,High,Tier 2,Supermarket Type1,8.02,0.045,145.98,1987.0,2385.54
FD681,Low Sugar,Snack Foods,OUT004,Medium,Tier 2,Supermarket Type2,13.75,0.017,154.64,2009.0,3856.15
FD2396,Regular,Snack Foods,OUT004,Medium,Tier 2,Supermarket Type2,11.36,0.112,157.67,2009.0,3379.19
FD5251,reg,Canned,OUT004,Medium,Tier 2,Supermarket Type2,12.04,0.132,135.04,2009.0,3068.91
FD8179,Low Sugar,Fruits and Vegetables,OUT001,High,Tier 2,Supermarket Type1,11.57,0.065,111.84,1987.0,2488.28
FD3930,Low Sugar,Baking Goods,OUT004,Medium,Tier 2,Supermarket Type2,14.39,0.021,114.68,2009.0,3184.62
FD2500,Low Sugar,Meat,OUT004,Medium,Tier 2,Supermarket Type2,11.7,0.01,142.9,2009.0,3152.89
FD5666,Regular,Frozen Foods,OUT001,High,Tier 2,Supermarket Type1,15.58,0.046,186.63,1987.0,4924.65
FD8345,Low Sugar,Baking Goods,OUT004,Medium,Tier 2,Supermarket Type2,15.01,0.09,145.57,2009.0,3956.75
FD2732,Low Sugar,Dairy,OUT001,High,Tier 2,Supermarket Type1,15.77,0.021,144.56,1987.0,4107.65
FD5968,Regular,Frozen Foods,OUT002,Small,Tier 3,Food Mart,9.84,0.033,112.43,1998.0,2108.62
FD5019,Low Sugar,Dairy,OUT004,Medium,Tier 2,Supermarket Type2,13.51,0.123,140.42,2009.0,3511.58
FD8593,Low Sugar,Snack Foods,OUT002,Small,Tier 3,Food Mart,9.06,0.074,120.19,1998.0,2092.56
NC7687,No Sugar,Household,OUT004,Medium,Tier 2,Supermarket Type2,11.86,0.042,138.15,2009.0,3091.75
DR6691,Low Sugar,Hard Drinks,OUT004,Medium,Tier 2,Supermarket Type2,12.75,0.186,128.06,2009.0,3087.77
FD4686,Low Sugar,Frozen Foods,OUT002,Small,Tier 3,Food Mart,10.73,0.044,109.2,1998.0,2243.85
FD1214,Regular,Meat,OUT002,Small,Tier 3,Food Mart,9.95,0.032,112.26,1998.0,2131.95
FD6311,Low Sugar,Fruits and Vegetables,OUT004,Medium,Tier 2,Supermarket Type2,10.77,0.057,171.82,2009.0,3535.01
FD6243,Low Sugar,Meat,OUT001,High,Tier 2,Supermarket Type1,12.38,0.028,180.73,1987.0,4080.93
NC8022,No Sugar,Health and Hygiene,OUT004,Medium,Tier 2,Supermarket Type2,10.76,0.126,152.18,2009.0,3131.36
FD1008,Regular,Frozen Foods,OUT004,Medium,Tier 2,Supermarket Type2,11.2,0.12,165.72,2009.0,3507.04
FD1268,Regular,Snack Foods,OUT004,Medium,Tier 2,Supermarket Type2,12.42,0.018,157.01,2009.0,3604.94
FD1053,Regular,Frozen Foods,OUT001,High,Tier 2,Supermarket Type1,15.71,0.053,140.71,1987.0,4015.69
FD4103,Low Sugar,Fruits and Vegetables,OUT001,High,Tier 2,Supermarket Type1,14.8,0.11,180.39,1987.0,4622.12
FD1494,Regular,Fruits and Vegetables,OUT001,High,Tier 2,Supermarket Type1,11.44,0.054,113.44,1987.0,2491.75
FD5853,Low Sugar,Meat,OUT004,Medium,Tier 2,Supermarket Type2,12.55,0.095,139.35,2009.0,3273.82
DR4994,Low Sugar,Soft Drinks,OUT001,High,Tier 2,Supermarket Type1,13.51,0.033,165.08,1987.0,4017.37
FD6488,Low Sugar,Dairy,OUT004,Medium,Tier 2,Supermarket Type2,12.3,0.185,153.99,2009.0,3516.99
NC7017,No Sugar,Health and Hygiene,OUT004,Medium,Tier 2,Supermarket Type2,11.29,0.133,170.93,2009.0,3633.14
FD5757,Low Sugar,Meat,OUT004,Medium,Tier 2,Supermarket Type2,11.92,0.035,166.65,2009.0,3689.54
FD819,Low Sugar,Frozen Foods,OUT004,Medium,Tier 2,Supermarket Type2,13.34,0.039,150.81,2009.0,3686.47
FD5270,Regular,Fruits and Vegetables,OUT004,Medium,Tier 2,Supermarket Type2,15.56,0.03,137.87,2009.0,3924.03
FD2629,Low Sugar,Snack Foods,OUT002,Small,Tier 3,Food Mart,11.2,0.032,96.67,1998.0,2095.15
NC8159,No Sugar,Household,OUT004,Medium,Tier 2,Supermarket Type2,12.73,0.137,146.3,2009.0,3454.89
FD6711,Regular,Snack Foods,OUT004,Medium,Tier 2,Supermarket Type2,11.9,0.022,119.42,2009.0,2718.74
FD8274,Low Sugar,Canned,OUT004,Medium,Tier 2,Supermarket Type2,13.19,0.048,145.62,2009.0,3545.22
FD7348,Regular,Snack Foods,OUT001,High,Tier 2,Supermarket Type1,17.02,0.068,154.38,1987.0,4591.37
FD1658,Low Sugar,Dairy,OUT004,Medium,Tier 2,Supermarket Type2,11.77,0.057,132.2,2009.0,2951.21
FD606,Low Sugar,Snack Foods,OUT001,High,Tier 2,Supermarket Type1,14.68,0.15,190.38,1987.0,4798.6
FD2323,Low Sugar,Snack Foods,OUT004,Medium,Tier 2,Supermarket Type2,11.59,0.055,141.64,2009.0,3102.56
FD2366,Regular,Baking Goods,OUT004,Medium,Tier 2,Supermarket Type2,10.92,0.036,140.2,2009.0,2922.79
FD8065,Low Sugar,Snack Foods,OUT001,High,Tier 2,Supermarket Type1,10.77,0.035,115.23,1987.0,2376.42
DR2078,Low Sugar,Soft Drinks,OUT004,Medium,Tier 2,Supermarket Type2,11.09,0.158,153.24,2009.0,3227.98
FD3545,Low Sugar,Fruits and Vegetables,OUT002,Small,Tier 3,Food Mart,12.33,0.053,86.72,1998.0,2146.46
FD6607,Low Sugar,Fruits and Vegetables,OUT004,Medium,Tier 2,Supermarket Type2,12.58,0.184,166.09,2009.0,3827.84
FD5728,Low Sugar,Snack Foods,OUT004,Medium,Tier 2,Supermarket Type2,10.25,0.117,186.3,2009.0,3714.66
FD1325,Regular,Baking Goods,OUT004,Medium,Tier 2,Supermarket Type2,12.78,0.05,167.99,2009.0,3911.7
FD3875,Low Sugar,Meat,OUT004,Medium,Tier 2,Supermarket Type2,11.66,0.072,176.77,2009.0,3838.04
FD4792,Regular,Dairy,OUT004,Medium,Tier 2,Supermarket Type2,11.73,0.109,152.42,2009.0,3354.73
NC3574,No Sugar,Health and Hygiene,OUT002,Small,Tier 3,Food Mart,10.79,0.084,89.06,1998.0,1845.57
FD5372,Low Sugar,Fruits and Vegetables,OUT004,Medium,Tier 2,Supermarket Type2,13.3,0.034,98.5,2009.0,2607.08
FD3037,Low Sugar,Fruits and Vegetables,OUT004,Medium,Tier 2,Supermarket Type2,12.34,0.01,134.28,2009.0,3120.62
NC1936,No Sugar,Household,OUT004,Medium,Tier 2,Supermarket Type2,10.07,0.016,136.53,2009.0,2654.19
DR5254,Regular,Soft Drinks,OUT001,High,Tier 2,Supermarket Type1,15.54,0.079,168.78,1987.0,4550.19
FD850,Low Sugar,Snack Foods,OUT001,High,Tier 2,Supermarket Type1,10.07,0.043,121.94,1987.0,2356.35
FD4300,Regular,Fruits and Vegetables,OUT004,Medium,Tier 2,Supermarket Type2,11.19,0.084,141.67,2009.0,3013.38
NC7509,No Sugar,Health and Hygiene,OUT001,High,Tier 2,Supermarket Type1,11.32,0.04,113.33,1987.0,2463.39
FD307,Regular,Frozen Foods,OUT004,Medium,Tier 2,Supermarket Type2,11.54,0.032,117.75,2009.0,2491.34
FD8275,Low Sugar,Baking Goods,OUT004,Medium,Tier 2,Supermarket Type2,13.03,0.043,166.58,2009.0,3939.17
DR8080,Low Sugar,Soft Drinks,OUT002,Small,Tier 3,Food Mart,8.18,0.151,103.74,1998.0,1557.03
NC424,No Sugar,Household,OUT001,High,Tier 2,Supermarket Type1,11.15,0.035,204.67,1987.0,4532.81
FD2878,Low Sugar,Breads,OUT004,Medium,Tier 2,Supermarket Type2,14.61,0.026,141.85,2009.0,3788.57
DR8743,Low Sugar,Soft Drinks,OUT004,Medium,Tier 2,Supermarket Type2,13.2,0.138,159.85,2009.0,3838.27
FD6620,Low Sugar,Baking Goods,OUT002,Small,Tier 3,Food Mart,8.84,0.017,85.76,1998.0,1337.22
FD6892,Regular,Snack Foods,OUT004,Medium,Tier 2,Supermarket Type2,13.3,0.106,138.88,2009.0,3432.65
FD431,Low Sugar,Meat,OUT002,Small,Tier 3,Food Mart,14.45,0.042,170.68,1998.0,2071.28
FD2965,Low Sugar,Snack Foods,OUT004,Medium,Tier 2,Supermarket Type2,13.6,0.022,147.93,2009.0,3686.19
FD3410,Low Sugar,Snack Foods,OUT004,Medium,Tier 2,Supermarket Type2,13.59,0.038,138.17,2009.0,3483.14
FD4149,Low Sugar,Frozen Foods,OUT001,High,Tier 2,Supermarket Type1,14.65,0.011,187.82,1987.0,4738.77
FD4504,Low Sugar,Fruits and Vegetables,OUT001,High,Tier 2,Supermarket Type1,14.69,0.053,152.72,1987.0,4030.5
FD8379,Low Sugar,Starchy Foods,OUT004,Medium,Tier 2,Supermarket Type2,11.35,0.036,148.33,2009.0,3185.26
FD6254,Low Sugar,Baking Goods,OUT004,Medium,Tier 2,Supermarket Type2,11.12,0.074,129.51,2009.0,2749.33
NC7175,No Sugar,Household,OUT004,Medium,Tier 2,Supermarket Type2,13.81,0.11,154.16,2009.0,3860.14
FD5808,Regular,Baking Goods,OUT004,Medium,Tier 2,Supermarket Type2,9.86,0.01,152.54,2009.0,2934.95
FD6964,Low Sugar,Canned,OUT004,Medium,Tier 2,Supermarket Type2,14.74,0.147,99.48,2009.0,2951.27
FD154,Regular,Frozen Foods,OUT004,Medium,Tier 2,Supermarket Type2,11.83,0.123,130.51,2009.0,4968.47
FD8560,Low Sugar,Frozen Foods,OUT004,Medium,Tier 2,Supermarket Type2,12.24,0.006,107.48,2009.0,2550.99
FD8584,Low Sugar,Dairy,OUT002,Small,Tier 3,Food Mart,10.5,0.018,109.36,1998.0,2196.45
DR592,Low Sugar,Soft Drinks,OUT002,Small,Tier 3,Food Mart,9.12,0.017,153.09,1998.0,800.36
FD1407,Low Sugar,Fruits and Vegetables,OUT004,Medium,Tier 2,Supermarket Type2,13.42,0.038,145.67,2009.0,3598.35
FD1816,Low Sugar,Fruits and Vegetables,OUT002,Small,Tier 3,Food Mart,6.42,0.046,122.2,1998.0,1536.78
NC5271,No Sugar,Household,OUT004,Medium,Tier 2,Supermarket Type2,11.14,0.011,127.18,2009.0,2705.66
FD719,Low Sugar,Fruits and Vegetables,OUT002,Small,Tier 3,Food Mart,9.98,0.057,103.51,1998.0,1958.4
FD2425,Regular,Fruits and Vegetables,OUT004,Medium,Tier 2,Supermarket Type2,11.67,0.035,140.95,2009.0,3105.81
NC8238,No Sugar,Health and Hygiene,OUT004,Medium,Tier 2,Supermarket Type2,15.33,0.162,121.02,2009.0,3526.22
NC5404,No Sugar,Others,OUT004,Medium,Tier 2,Supermarket Type2,11.4,0.126,116.4,2009.0,2543.72
FD6295,Regular,Dairy,OUT004,Medium,Tier 2,Supermarket Type2,13.05,0.055,165.89,2009.0,3929.68
DR5817,Low Sugar,Soft Drinks,OUT004,Medium,Tier 2,Supermarket Type2,12.87,0.014,150.73,2009.0,3578.6
NC254,No Sugar,Household,OUT001,High,Tier 2,Supermarket Type1,8.65,0.119,140.56,1987.0,3670.8
FD5810,Low Sugar,Dairy,OUT004,Medium,Tier 2,Supermarket Type2,13.61,0.124,157.98,2009.0,3894.16
FD3910,Low Sugar,Fruits and Vegetables,OUT004,Medium,Tier 2,Supermarket Type2,13.2,0.077,136.92,2009.0,3370.6
FD2324,Regular,Fruits and Vegetables,OUT001,High,Tier 2,Supermarket Type1,15.46,0.004,150.48,1987.0,4157.91
NC4132,No Sugar,Household,OUT002,Small,Tier 3,Food Mart,9.67,0.082,104.08,1998.0,1900.56
FD395,Low Sugar,Snack Foods,OUT002,Small,Tier 3,Food Mart,13.83,0.064,161.4,1998.0,1072.99
FD5050,Low Sugar,Snack Foods,OUT001,High,Tier 2,Supermarket Type1,14.36,0.035,157.28,1987.0,4048.37
DR7148,Regular,Soft Drinks,OUT002,Small,Tier 3,Food Mart,7.38,0.018,61.0,1998.0,501.72
FD2842,Regular,Canned,OUT001,High,Tier 2,Supermarket Type1,16.34,0.055,141.81,1987.0,4179.16
NC756,No Sugar,Health and Hygiene,OUT004,Medium,Tier 2,Supermarket Type2,12.81,0.074,111.97,2009.0,2772.15
FD501,Low Sugar,Dairy,OUT002,Small,Tier 3,Food Mart,12.44,0.093,137.86,1998.0,552.0
FD8456,Low Sugar,Fruits and Vegetables,OUT004,Medium,Tier 2,Supermarket Type2,12.78,0.07,143.58,2009.0,3411.71
NC365,No Sugar,Health and Hygiene,OUT004,Medium,Tier 2,Supermarket Type2,12.35,0.025,151.39,2009.0,5119.47
FD5224,Low Sugar,Dairy,OUT004,Medium,Tier 2,Supermarket Type2,11.64,0.019,153.69,2009.0,3361.36
FD2069,Regular,Meat,OUT004,Medium,Tier 2,Supermarket Type2,10.48,0.015,154.22,2009.0,3110.05
FD5814,Low Sugar,Fruits and Vegetables,OUT004,Medium,Tier 2,Supermarket Type2,12.13,0.124,133.93,2009.0,3066.52
NC156,No Sugar,Household,OUT004,Medium,Tier 2,Supermarket Type2,12.18,0.15,147.22,2009.0,3778.82
FD6905,Regular,Canned,OUT004,Medium,Tier 2,Supermarket Type2,13.12,0.113,132.67,2009.0,3264.7
DR8074,Low Sugar,Soft Drinks,OUT001,High,Tier 2,Supermarket Type1,14.28,0.039,157.16,1987.0,4028.76
FD7358,Low Sugar,Meat,OUT004,Medium,Tier 2,Supermarket Type2,11.24,0.041,118.24,2009.0,2545.21
NC640,No Sugar,Others,OUT002,Small,Tier 3,Food Mart,10.48,0.023,108.81,1998.0,2179.59
FD4063,Regular,Fruits and Vegetables,OUT004,Medium,Tier 2,Supermarket Type2,11.91,0.115,121.68,2009.0,2766.87
NC7363,No Sugar,Health and Hygiene,OUT002,Small,Tier 3,Food Mart,9.19,0.133,119.26,1998.0,2102.94
FD8599,Low Sugar,Fruits and Vegetables,OUT004,Medium,Tier 2,Supermarket Type2,10.67,0.11,142.82,2009.0,2918.65
FD1647,Low Sugar,Snack Foods,OUT001,High,Tier 2,Supermarket Type1,14.75,0.076,187.48,1987.0,4754.73
FD2160,Low Sugar,Snack Foods,OUT002,Small,Tier 3,Food Mart,7.68,0.05,67.01,1998.0,692.38
FD6228,Regular,Frozen Foods,OUT004,Medium,Tier 2,Supermarket Type2,11.35,0.06,161.69,2009.0,3459.37
FD2097,Regular,Baking Goods,OUT004,Medium,Tier 2,Supermarket Type2,9.33,0.021,141.68,2009.0,2592.1
NC6090,No Sugar,Household,OUT001,High,Tier 2,Supermarket Type1,15.0,0.064,188.52,1987.0,4832.14
FD4867,Regular,Frozen Foods,OUT004,Medium,Tier 2,Supermarket Type2,11.45,0.073,179.48,2009.0,3845.16
FD5213,Low Sugar,Dairy,OUT004,Medium,Tier 2,Supermarket Type2,11.74,0.057,169.77,2009.0,3711.28
FD5541,Low Sugar,Baking Goods,OUT002,Small,Tier 3,Food Mart,12.47,0.021,66.16,1998.0,1756.26
NC4296,No Sugar,Health and Hygiene,OUT004,Medium,Tier 2,Supermarket Type2,12.09,0.123,148.76,2009.0,3362.58
FD5909,Regular,Starchy Foods,OUT001,High,Tier 2,Supermarket Type1,14.58,0.04,152.5,1987.0,4001.26
FD1076,Low Sugar,Snack Foods,OUT004,Medium,Tier 2,Supermarket Type2,11.32,0.04,170.2,2009.0,3626.06
FD3120,Low Sugar,Dairy,OUT004,Medium,Tier 2,Supermarket Type2,13.62,0.097,154.13,2009.0,3817.08
FD3411,Low Sugar,Snack Foods,OUT004,Medium,Tier 2,Supermarket Type2,13.36,0.067,124.34,2009.0,3148.42
NC3054,No Sugar,Health and Hygiene,OUT004,Medium,Tier 2,Supermarket Type2,12.12,0.113,151.61,2009.0,3426.25
FD770,Low Sugar,Meat,OUT004,Medium,Tier 2,Supermarket Type2,10.9,0.061,150.45,2009.0,3126.88
FD6133,Low Sugar,Dairy,OUT004,Medium,Tier 2,Supermarket Type2,13.47,0.093,145.77,2009.0,3611.41
FD3449,Regular,Frozen Foods,OUT004,Medium,Tier 2,Supermarket Type2,11.07,0.075,144.46,2009.0,3042.89
NC7233,No Sugar,Household,OUT002,Small,Tier 3,Food Mart,10.43,0.071,110.95,1998.0,2213.07
FD6253,Low Sugar,Fruits and Vegetables,OUT004,Medium,Tier 2,Supermarket Type2,11.82,0.097,164.34,2009.0,3619.04
NC7043,No Sugar,Household,OUT001,High,Tier 2,Supermarket Type1,12.97,0.071,171.6,1987.0,4027.27
FD2485,Low Sugar,Snack Foods,OUT004,Medium,Tier 2,Supermarket Type2,10.25,0.051,156.28,2009.0,3098.95
NC6377,No Sugar,Health and Hygiene,OUT001,High,Tier 2,Supermarket Type1,12.54,0.1,217.78,1987.0,4874.68
FD3840,Low Sugar,Meat,OUT004,Medium,Tier 2,Supermarket Type2,12.17,0.025,108.29,2009.0,2552.45
FD6017,Regular,Snack Foods,OUT001,High,Tier 2,Supermarket Type1,15.06,0.042,186.81,1987.0,4811.47
NC2983,No Sugar,Health and Hygiene,OUT002,Small,Tier 3,Food Mart,10.49,0.082,106.12,1998.0,2126.41
FD1082,Regular,Fruits and Vegetables,OUT001,High,Tier 2,Supermarket Type1,15.67,0.045,181.27,1987.0,4835.88
FD1135,Low Sugar,Meat,OUT001,High,Tier 2,Supermarket Type1,12.84,0.109,175.87,1987.0,4086.02
DR6416,Regular,Soft Drinks,OUT004,Medium,Tier 2,Supermarket Type2,12.16,0.03,158.08,2009.0,3568.45
FD7446,Regular,Meat,OUT002,Small,Tier 3,Food Mart,8.03,0.177,129.85,1998.0,2057.12
FD7326,Low Sugar,Snack Foods,OUT004,Medium,Tier 2,Supermarket Type2,12.25,0.025,153.72,2009.0,3498.18
DR4789,Low Sugar,Soft Drinks,OUT004,Medium,Tier 2,Supermarket Type2,12.87,0.033,152.44,2009.0,3613.5
FD2949,Low Sugar,Canned,OUT002,Small,Tier 3,Food Mart,7.62,0.136,62.17,1998.0,579.78
FD2501,Low Sugar,Snack Foods,OUT001,High,Tier 2,Supermarket Type1,14.63,0.035,179.0,1987.0,4553.24
FD3762,Regular,Dairy,OUT004,Medium,Tier 2,Supermarket Type2,15.63,0.274,136.93,2009.0,3920.1
DR3434,Low Sugar,Soft Drinks,OUT004,Medium,Tier 2,Supermarket Type2,12.47,0.035,147.92,2009.0,3429.8
FD5932,Low Sugar,Dairy,OUT001,High,Tier 2,Supermarket Type1,15.36,0.081,171.27,1987.0,4561.19
NC7936,No Sugar,Health and Hygiene,OUT004,Medium,Tier 2,Supermarket Type2,13.1,0.068,152.97,2009.0,3674.87
FD3564,Regular,Snack Foods,OUT004,Medium,Tier 2,Supermarket Type2,12.78,0.076,161.64,2009.0,3780.79
FD2928,Regular,Snack Foods,OUT002,Small,Tier 3,Food Mart,8.27,0.145,116.25,1998.0,1833.36
FD5432,Low Sugar,Snack Foods,OUT004,Medium,Tier 2,Supermarket Type2,11.17,0.076,132.94,2009.0,2830.8
FD4180,reg,Frozen Foods,OUT004,Medium,Tier 2,Supermarket Type2,12.08,0.107,131.75,2009.0,3010.38
NC6452,No Sugar,Household,OUT004,Medium,Tier 2,Supermarket Type2,12.82,0.116,125.12,2009.0,3042.37
DR294,Low Sugar,Soft Drinks,OUT004,Medium,Tier 2,Supermarket Type2,12.77,0.082,123.32,2009.0,3489.63
FD6622,Regular,Snack Foods,OUT001,High,Tier 2,Supermarket Type1,10.79,0.078,120.9,1987.0,2497.79
NC2393,No Sugar,Health and Hygiene,OUT004,Medium,Tier 2,Supermarket Type2,14.42,0.025,153.71,2009.0,3989.16
FD5766,Regular,Fruits and Vegetables,OUT001,High,Tier 2,Supermarket Type1,12.7,0.037,201.66,1987.0,4582.28
FD4480,Low Sugar,Meat,OUT001,High,Tier 2,Supermarket Type1,10.32,0.024,117.27,1987.0,2316.16
FD96,Regular,Fruits and Vegetables,OUT001,High,Tier 2,Supermarket Type1,14.09,0.042,176.25,1987.0,4592.97
FD7743,Regular,Baking Goods,OUT002,Small,Tier 3,Food Mart,10.86,0.041,95.23,1998.0,1988.82
FD2968,Low Sugar,Canned,OUT004,Medium,Tier 2,Supermarket Type2,13.74,0.027,142.6,2009.0,3609.32
FD384,Regular,Baking Goods,OUT002,Small,Tier 3,Food Mart,14.59,0.105,159.67,1998.0,1201.99
FD8683,Low Sugar,Meat,OUT001,High,Tier 2,Supermarket Type1,13.99,0.029,194.61,1987.0,4728.14
FD7507,Regular,Starchy Foods,OUT001,High,Tier 2,Supermarket Type1,14.71,0.038,152.32,1987.0,4025.43
FD8656,Low Sugar,Fruits and Vegetables,OUT004,Medium,Tier 2,Supermarket Type2,12.09,0.07,138.11,2009.0,3143.83
FD4754,Low Sugar,Breads,OUT001,High,Tier 2,Supermarket Type1,16.8,0.025,153.62,1987.0,4525.29
FD3364,Low Sugar,Meat,OUT004,Medium,Tier 2,Supermarket Type2,13.62,0.069,134.47,2009.0,3413.74
FD4098,Low Sugar,Breads,OUT004,Medium,Tier 2,Supermarket Type2,11.96,0.023,152.68,2009.0,3413.21
FD7229,Regular,Canned,OUT001,High,Tier 2,Supermarket Type1,14.92,0.067,187.06,1987.0,4784.89
FD3178,Low Sugar,Dairy,OUT001,High,Tier 2,Supermarket Type1,13.66,0.018,195.78,1987.0,4678.39
FD2181,Regular,Starchy Foods,OUT004,Medium,Tier 2,Supermarket Type2,13.7,0.081,158.61,2009.0,3925.85
FD6679,Regular,Frozen Foods,OUT001,High,Tier 2,Supermarket Type1,12.63,0.015,180.84,1987.0,4139.88
FD3024,Low Sugar,Snack Foods,OUT004,Medium,Tier 2,Supermarket Type2,13.22,0.027,150.63,2009.0,3656.14
DR1408,Low Sugar,Soft Drinks,OUT004,Medium,Tier 2,Supermarket Type2,13.33,0.024,153.99,2009.0,3748.59
FD7891,Low Sugar,Meat,OUT002,Small,Tier 3,Food Mart,7.54,0.066,82.03,1998.0,967.97
FD1240,Low Sugar,Fruits and Vegetables,OUT002,Small,Tier 3,Food Mart,8.76,0.057,114.21,1998.0,1902.5
NC553,No Sugar,Health and Hygiene,OUT001,High,Tier 2,Supermarket Type1,10.1,0.071,86.91,1987.0,2734.26
FD1531,Low Sugar,Baking Goods,OUT004,Medium,Tier 2,Supermarket Type2,13.96,0.09,133.13,2009.0,3464.35
FD8720,Low Sugar,Meat,OUT004,Medium,Tier 2,Supermarket Type2,9.33,0.162,146.11,2009.0,2683.55
DR7908,Low Sugar,Hard Drinks,OUT001,High,Tier 2,Supermarket Type1,14.07,0.014,190.42,1987.0,4660.82
NC3356,No Sugar,Household,OUT004,Medium,Tier 2,Supermarket Type2,14.68,0.168,115.47,2009.0,3265.67
DR389,Low Sugar,Soft Drinks,OUT002,Small,Tier 3,Food Mart,9.55,0.043,88.28,1998.0,539.71
FD8299,Regular,Canned,OUT002,Small,Tier 3,Food Mart,8.9,0.032,122.61,1998.0,2105.86
NC4577,No Sugar,Household,OUT004,Medium,Tier 2,Supermarket Type2,11.2,0.089,166.49,2009.0,3523.49
FD6000,Regular,Frozen Foods,OUT004,Medium,Tier 2,Supermarket Type2,11.98,0.03,146.34,2009.0,3287.03
FD8005,Low Sugar,Frozen Foods,OUT004,Medium,Tier 2,Supermarket Type2,14.04,0.032,108.88,2009.0,2985.23
FD2340,Regular,Snack Foods,OUT004,Medium,Tier 2,Supermarket Type2,12.23,0.024,137.52,2009.0,3164.11
FD1439,Low Sugar,Meat,OUT004,Medium,Tier 2,Supermarket Type2,11.36,0.03,117.89,2009.0,2565.43
FD8670,Regular,Frozen Foods,OUT004,Medium,Tier 2,Supermarket Type2,12.11,0.282,125.13,2009.0,2883.12
FD4959,Low Sugar,Dairy,OUT004,Medium,Tier 2,Supermarket Type2,12.8,0.022,126.14,2009.0,3058.43
FD7216,Regular,Canned,OUT004,Medium,Tier 2,Supermarket Type2,14.47,0.01,146.03,2009.0,3844.46
FD2659,Low Sugar,Snack Foods,OUT004,Medium,Tier 2,Supermarket Type2,14.23,0.046,107.34,2009.0,2997.33
FD674,Regular,Dairy,OUT004,Medium,Tier 2,Supermarket Type2,10.42,0.027,168.04,2009.0,3377.56
FD8169,Low Sugar,Starchy Foods,OUT004,Medium,Tier 2,Supermarket Type2,14.34,0.03,147.15,2009.0,3837.19
DR2706,Low Sugar,Soft Drinks,OUT004,Medium,Tier 2,Supermarket Type2,12.69,0.086,147.16,2009.0,3463.98
FD1161,Regular,Dairy,OUT004,Medium,Tier 2,Supermarket Type2,11.57,0.076,184.69,2009.0,3980.2
DR2421,Low Sugar,Soft Drinks,OUT004,Medium,Tier 2,Supermarket Type2,12.09,0.129,161.54,2009.0,3622.97
FD3584,Low Sugar,Dairy,OUT001,High,Tier 2,Supermarket Type1,15.0,0.04,153.86,1987.0,4122.73
FD6337,Low Sugar,Meat,OUT004,Medium,Tier 2,Supermarket Type2,11.16,0.096,142.9,2009.0,3032.16
FD4778,Low Sugar,Snack Foods,OUT002,Small,Tier 3,Food Mart,8.32,0.084,116.5,1998.0,1848.69
FD7749,Regular,Frozen Foods,OUT004,Medium,Tier 2,Supermarket Type2,10.36,0.089,138.92,2009.0,2768.51
DR8100,reg,Soft Drinks,OUT004,Medium,Tier 2,Supermarket Type2,12.64,0.009,140.54,2009.0,3317.51
FD720,Low Sugar,Canned,OUT004,Medium,Tier 2,Supermarket Type2,14.2,0.024,126.58,2009.0,3384.27
FD3816,Low Sugar,Canned,OUT004,Medium,Tier 2,Supermarket Type2,11.78,0.027,128.7,2009.0,2879.9
FD2045,Low Sugar,Snack Foods,OUT004,Medium,Tier 2,Supermarket Type2,13.15,0.053,116.92,2009.0,2950.02
FD4751,Regular,Canned,OUT004,Medium,Tier 2,Supermarket Type2,12.63,0.046,110.82,2009.0,2706.22
FD2771,Low Sugar,Starchy Foods,OUT004,Medium,Tier 2,Supermarket Type2,12.36,0.188,152.56,2009.0,3500.27
FD5408,Low Sugar,Baking Goods,OUT004,Medium,Tier 2,Supermarket Type2,13.84,0.054,149.18,2009.0,3764.66
FD4308,Low Sugar,Dairy,OUT002,Small,Tier 3,Food Mart,5.71,0.031,120.96,1998.0,1350.76
FD6144,Low Sugar,Baking Goods,OUT004,Medium,Tier 2,Supermarket Type2,12.5,0.03,155.12,2009.0,3583.24
FD7932,Low Sugar,Snack Foods,OUT004,Medium,Tier 2,Supermarket Type2,12.22,0.025,123.19,2009.0,2867.06
FD2653,Low Sugar,Dairy,OUT004,Medium,Tier 2,Supermarket Type2,14.89,0.056,133.25,2009.0,3677.26
FD2062,Low Sugar,Baking Goods,OUT004,Medium,Tier 2,Supermarket Type2,12.67,0.028,130.97,2009.0,3127.82
FD1036,Low Sugar,Fruits and Vegetables,OUT001,High,Tier 2,Supermarket Type1,13.8,0.015,163.96,1987.0,4059.87
FD6104,Regular,Baking Goods,OUT001,High,Tier 2,Supermarket Type1,13.89,0.034,161.36,1987.0,4027.08
DR3370,Regular,Soft Drinks,OUT001,High,Tier 2,Supermarket Type1,13.95,0.035,166.78,1987.0,4149.75
FD2296,Regular,Snack Foods,OUT001,High,Tier 2,Supermarket Type1,12.48,0.017,183.36,1987.0,4156.4
FD2021,Regular,Meat,OUT002,Small,Tier 3,Food Mart,9.13,0.03,81.96,1998.0,1324.74
NC7314,No Sugar,Health and Hygiene,OUT004,Medium,Tier 2,Supermarket Type2,12.92,0.084,135.47,2009.0,3276.76
FD3145,Regular,Fruits and Vegetables,OUT001,High,Tier 2,Supermarket Type1,16.67,0.129,168.79,1987.0,4807.0
NC8276,No Sugar,Household,OUT001,High,Tier 2,Supermarket Type1,10.82,0.034,117.35,1987.0,2431.89
NC101,No Sugar,Household,OUT001,High,Tier 2,Supermarket Type1,11.8,0.072,108.98,1987.0,3306.59
FD8020,Regular,Fruits and Vegetables,OUT004,Medium,Tier 2,Supermarket Type2,13.0,0.054,166.75,2009.0,3934.53
FD3885,Low Sugar,Baking Goods,OUT001,High,Tier 2,Supermarket Type1,14.09,0.067,187.3,1987.0,4601.87
FD3967,Regular,Canned,OUT004,Medium,Tier 2,Supermarket Type2,10.19,0.031,149.76,2009.0,2951.37
FD7262,Low Sugar,Fruits and Vegetables,OUT004,Medium,Tier 2,Supermarket Type2,13.77,0.024,153.21,2009.0,3831.27
FD7072,Low Sugar,Snack Foods,OUT002,Small,Tier 3,Food Mart,12.66,0.031,71.59,1998.0,1911.3
FD7217,Low Sugar,Meat,OUT002,Small,Tier 3,Food Mart,11.13,0.123,100.02,1998.0,2147.4
FD1780,Low Sugar,Breads,OUT002,Small,Tier 3,Food Mart,9.44,0.016,125.39,1998.0,2284.59
NC2642,No Sugar,Health and Hygiene,OUT004,Medium,Tier 2,Supermarket Type2,10.62,0.027,157.19,2009.0,3201.78
FD7739,Low Sugar,Dairy,OUT002,Small,Tier 3,Food Mart,11.88,0.024,94.13,1998.0,2196.53
FD4780,Regular,Canned,OUT001,High,Tier 2,Supermarket Type1,14.35,0.064,194.49,1987.0,4809.03
FD6549,Regular,Meat,OUT004,Medium,Tier 2,Supermarket Type2,14.04,0.127,134.97,2009.0,3519.64
FD6904,Low Sugar,Fruits and Vegetables,OUT002,Small,Tier 3,Food Mart,9.03,0.049,90.52,1998.0,1478.9
FD6223,Low Sugar,Fruits and Vegetables,OUT001,High,Tier 2,Supermarket Type1,9.38,0.128,127.45,1987.0,2312.15
FD1887,Low Sugar,Baking Goods,OUT004,Medium,Tier 2,Supermarket Type2,14.11,0.048,154.17,2009.0,3927.89
FD3697,Low Sugar,Canned,OUT002,Small,Tier 3,Food Mart,7.67,0.05,100.18,1998.0,1369.23
FD5101,Low Sugar,Baking Goods,OUT004,Medium,Tier 2,Supermarket Type2,11.12,0.025,121.95,2009.0,2594.39
FD4593,Low Sugar,Snack Foods,OUT001,High,Tier 2,Supermarket Type1,12.86,0.107,176.41,1987.0,4100.72
FD7599,Regular,Snack Foods,OUT004,Medium,Tier 2,Supermarket Type2,12.44,0.02,150.39,2009.0,3473.6
DR7333,Regular,Soft Drinks,OUT004,Medium,Tier 2,Supermarket Type2,13.41,0.067,119.52,2009.0,3060.52
FD7418,reg,Breakfast,OUT004,Medium,Tier 2,Supermarket Type2,11.0,0.054,180.37,2009.0,3762.44
FD7877,Low Sugar,Baking Goods,OUT002,Small,Tier 3,Food Mart,10.48,0.169,94.81,1998.0,1893.13
NC6908,No Sugar,Health and Hygiene,OUT002,Small,Tier 3,Food Mart,9.83,0.105,118.26,1998.0,2227.41
FD6111,Regular,Baking Goods,OUT004,Medium,Tier 2,Supermarket Type2,14.67,0.095,123.96,2009.0,3437.71
FD7091,Low Sugar,Fruits and Vegetables,OUT004,Medium,Tier 2,Supermarket Type2,11.8,0.148,142.53,2009.0,3168.0
FD5951,Regular,Fruits and Vegetables,OUT001,High,Tier 2,Supermarket Type1,15.48,0.142,173.01,1987.0,4623.59
DR1011,Low Sugar,Soft Drinks,OUT001,High,Tier 2,Supermarket Type1,9.88,0.123,130.54,1987.0,2490.3
FD7747,Regular,Seafood,OUT004,Medium,Tier 2,Supermarket Type2,11.54,0.035,152.03,2009.0,3303.99
NC3926,No Sugar,Household,OUT001,High,Tier 2,Supermarket Type1,15.61,0.102,143.44,1987.0,4048.25
FD5259,Regular,Canned,OUT001,High,Tier 2,Supermarket Type1,11.46,0.033,111.72,1987.0,2461.65
FD8644,Low Sugar,Fruits and Vegetables,OUT004,Medium,Tier 2,Supermarket Type2,12.73,0.034,154.23,2009.0,3618.43
FD1379,Low Sugar,Breads,OUT004,Medium,Tier 2,Supermarket Type2,12.4,0.043,117.52,2009.0,2792.75
NC4650,No Sugar,Health and Hygiene,OUT002,Small,Tier 3,Food Mart,9.36,0.036,122.03,1998.0,2196.62
FD5479,Low Sugar,Snack Foods,OUT004,Medium,Tier 2,Supermarket Type2,12.38,0.015,155.8,2009.0,3571.85
FD4012,Low Sugar,Fruits and Vegetables,OUT002,Small,Tier 3,Food Mart,9.43,0.09,113.1,1998.0,2030.46
FD6124,Low Sugar,Fruits and Vegetables,OUT004,Medium,Tier 2,Supermarket Type2,9.66,0.027,157.15,2009.0,2984.02
FD921,Low Sugar,Fruits and Vegetables,OUT004,Medium,Tier 2,Supermarket Type2,12.24,0.014,154.99,2009.0,3522.83
FD6756,Low Sugar,Meat,OUT004,Medium,Tier 2,Supermarket Type2,10.39,0.01,132.22,2009.0,2639.8
NC5659,No Sugar,Health and Hygiene,OUT001,High,Tier 2,Supermarket Type1,12.77,0.021,215.52,1987.0,4880.15
FD6967,Regular,Fruits and Vegetables,OUT004,Medium,Tier 2,Supermarket Type2,14.68,0.143,145.32,2009.0,3876.17
FD5698,Low Sugar,Fruits and Vegetables,OUT001,High,Tier 2,Supermarket Type1,15.61,0.122,141.69,1987.0,4011.6
NC4113,No Sugar,Health and Hygiene,OUT004,Medium,Tier 2,Supermarket Type2,12.66,0.129,136.52,2009.0,3239.91
NC5981,No Sugar,Household,OUT004,Medium,Tier 2,Supermarket Type2,13.28,0.055,135.31,2009.0,3354.83
NC8045,No Sugar,Household,OUT001,High,Tier 2,Supermarket Type1,13.96,0.131,185.91,1987.0,4544.86
NC4111,No Sugar,Household,OUT002,Small,Tier 3,Food Mart,7.85,0.122,113.51,1998.0,1681.9
FD5203,Low Sugar,Fruits and Vegetables,OUT004,Medium,Tier 2,Supermarket Type2,10.88,0.098,128.34,2009.0,2671.14
FD6450,Low Sugar,Fruits and Vegetables,OUT001,High,Tier 2,Supermarket Type1,13.19,0.053,196.63,1987.0,4588.75
NC5349,No Sugar,Household,OUT004,Medium,Tier 2,Supermarket Type2,12.94,0.065,131.53,2009.0,3200.75
FD5577,Regular,Baking Goods,OUT001,High,Tier 2,Supermarket Type1,12.78,0.035,89.61,1987.0,2306.99
FD5308,Regular,Snack Foods,OUT001,High,Tier 2,Supermarket Type1,12.67,0.016,176.07,1987.0,4052.31
FD7636,Regular,Meat,OUT004,Medium,Tier 2,Supermarket Type2,10.38,0.091,132.31,2009.0,2638.73
FD2067,Regular,Frozen Foods,OUT004,Medium,Tier 2,Supermarket Type2,9.46,0.026,163.09,2009.0,3061.18
FD2643,Low Sugar,Frozen Foods,OUT004,Medium,Tier 2,Supermarket Type2,12.17,0.155,123.8,2009.0,2867.68
FD456,Low Sugar,Meat,OUT001,High,Tier 2,Supermarket Type1,10.6,0.027,91.29,1987.0,2466.17
FD1222,Low Sugar,Snack Foods,OUT004,Medium,Tier 2,Supermarket Type2,12.99,0.026,126.49,2009.0,3108.83
FD3659,reg,Canned,OUT004,Medium,Tier 2,Supermarket Type2,12.5,0.071,144.48,2009.0,3366.67
FD4107,Low Sugar,Baking Goods,OUT001,High,Tier 2,Supermarket Type1,13.77,0.037,170.67,1987.0,4189.4
FD74,Low Sugar,Baking Goods,OUT001,High,Tier 2,Supermarket Type1,10.46,0.137,117.84,1987.0,2413.39
FD6719,Low Sugar,Snack Foods,OUT002,Small,Tier 3,Food Mart,7.15,0.028,139.85,1998.0,2063.65
FD7638,Regular,Meat,OUT004,Medium,Tier 2,Supermarket Type2,16.19,0.006,123.22,2009.0,3766.21
NC4277,No Sugar,Household,OUT001,High,Tier 2,Supermarket Type1,14.98,0.14,187.98,1987.0,4817.14
NC1068,No Sugar,Health and Hygiene,OUT004,Medium,Tier 2,Supermarket Type2,12.61,0.076,122.09,2009.0,2933.31
FD5793,Regular,Baking Goods,OUT002,Small,Tier 3,Food Mart,8.31,0.092,116.09,1998.0,1839.11
FD7922,Low Sugar,Dairy,OUT004,Medium,Tier 2,Supermarket Type2,13.14,0.042,132.78,2009.0,3272.22
FD3648,Regular,Meat,OUT004,Medium,Tier 2,Supermarket Type2,11.45,0.004,119.93,2009.0,2627.24
NC8439,No Sugar,Household,OUT001,High,Tier 2,Supermarket Type1,10.25,0.157,126.38,1987.0,2488.06
DR7431,Low Sugar,Hard Drinks,OUT004,Medium,Tier 2,Supermarket Type2,11.17,0.039,121.43,2009.0,2594.03
FD6824,Regular,Snack Foods,OUT004,Medium,Tier 2,Supermarket Type2,13.32,0.022,124.28,2009.0,3139.29
NC64,No Sugar,Household,OUT004,Medium,Tier 2,Supermarket Type2,12.26,0.055,173.11,2009.0,5304.55
FD5227,Regular,Snack Foods,OUT001,High,Tier 2,Supermarket Type1,14.61,0.014,157.95,1987.0,4118.49
NC5064,No Sugar,Household,OUT004,Medium,Tier 2,Supermarket Type2,11.24,0.014,143.02,2009.0,3050.9
FD6993,Low Sugar,Meat,OUT004,Medium,Tier 2,Supermarket Type2,11.81,0.039,144.64,2009.0,3212.96
FD1503,Regular,Fruits and Vegetables,OUT004,Medium,Tier 2,Supermarket Type2,11.99,0.091,163.82,2009.0,3647.44
NC1610,No Sugar,Health and Hygiene,OUT001,High,Tier 2,Supermarket Type1,14.79,0.113,181.26,1987.0,4636.41
NC4459,No Sugar,Household,OUT004,Medium,Tier 2,Supermarket Type2,13.0,0.077,136.76,2009.0,3322.54
FD84,Regular,Meat,OUT001,High,Tier 2,Supermarket Type1,11.91,0.174,101.32,1987.0,3455.38
DR1139,Low Sugar,Soft Drinks,OUT004,Medium,Tier 2,Supermarket Type2,9.82,0.235,160.14,2009.0,3080.29
FD988,Low Sugar,Breads,OUT004,Medium,Tier 2,Supermarket Type2,12.23,0.064,171.55,2009.0,3860.26
FD8526,Low Sugar,Frozen Foods,OUT001,High,Tier 2,Supermarket Type1,14.73,0.121,177.1,1987.0,4537.87
FD8684,Regular,Frozen Foods,OUT004,Medium,Tier 2,Supermarket Type2,13.98,0.106,118.7,2009.0,3173.34
FD252,Low Sugar,Frozen Foods,OUT002,Small,Tier 3,Food Mart,13.21,0.034,202.99,1998.0,1248.29
NC3863,No Sugar,Household,OUT004,Medium,Tier 2,Supermarket Type2,11.39,0.09,148.97,2009.0,3206.78
FD7395,Low Sugar,Dairy,OUT004,Medium,Tier 2,Supermarket Type2,13.01,0.116,145.12,2009.0,3495.57
FD3275,Low Sugar,Frozen Foods,OUT004,Medium,Tier 2,Supermarket Type2,11.92,0.061,130.27,2009.0,2945.76
FD3772,Low Sugar,Fruits and Vegetables,OUT001,High,Tier 2,Supermarket Type1,13.62,0.036,196.11,1987.0,4676.22
FD7427,Regular,Meat,OUT004,Medium,Tier 2,Supermarket Type2,8.81,0.123,142.88,2009.0,2500.82
DR5716,Regular,Hard Drinks,OUT004,Medium,Tier 2,Supermarket Type2,12.45,0.054,126.01,2009.0,2978.24
FD48,Regular,Canned,OUT004,Medium,Tier 2,Supermarket Type2,11.88,0.01,134.87,2009.0,2219.55
FD7818,Regular,Canned,OUT004,Medium,Tier 2,Supermarket Type2,13.38,0.014,165.02,2009.0,3984.89
FD1842,Regular,Canned,OUT004,Medium,Tier 2,Supermarket Type2,13.13,0.053,148.39,2009.0,3589.17
FD1213,Low Sugar,Fruits and Vegetables,OUT002,Small,Tier 3,Food Mart,11.56,0.024,93.65,1998.0,2114.3
FD7467,Low Sugar,Fruits and Vegetables,OUT004,Medium,Tier 2,Supermarket Type2,12.61,0.052,142.08,2009.0,3342.2
FD6439,Low Sugar,Baking Goods,OUT002,Small,Tier 3,Food Mart,10.95,0.073,97.16,1998.0,2047.28
FD5560,Low Sugar,Canned,OUT001,High,Tier 2,Supermarket Type1,10.78,0.073,197.63,1987.0,4066.4
FD1360,Low Sugar,Baking Goods,OUT004,Medium,Tier 2,Supermarket Type2,13.48,0.177,159.8,2009.0,3900.87
FD2980,Low Sugar,Baking Goods,OUT004,Medium,Tier 2,Supermarket Type2,11.15,0.165,131.87,2009.0,2803.37
FD399,Regular,Snack Foods,OUT004,Medium,Tier 2,Supermarket Type2,13.93,0.006,155.02,2009.0,4646.23
NC5938,No Sugar,Health and Hygiene,OUT002,Small,Tier 3,Food Mart,10.57,0.042,102.9,1998.0,2080.18
FD4408,Regular,Baking Goods,OUT001,High,Tier 2,Supermarket Type1,9.62,0.128,128.23,1987.0,2382.58
FD4766,Regular,Snack Foods,OUT004,Medium,Tier 2,Supermarket Type2,12.51,0.021,142.41,2009.0,3326.19
FD8333,Low Sugar,Dairy,OUT004,Medium,Tier 2,Supermarket Type2,13.17,0.043,119.91,2009.0,3015.8
NC3635,No Sugar,Health and Hygiene,OUT004,Medium,Tier 2,Supermarket Type2,13.73,0.015,100.56,2009.0,2746.16
NC5514,No Sugar,Household,OUT004,Medium,Tier 2,Supermarket Type2,10.76,0.052,189.07,2009.0,3886.43
FD5697,Low Sugar,Frozen Foods,OUT002,Small,Tier 3,Food Mart,8.95,0.023,125.3,1998.0,2171.64
FD7849,Regular,Meat,OUT004,Medium,Tier 2,Supermarket Type2,13.16,0.011,130.22,2009.0,3223.31
FD8582,Low Sugar,Fruits and Vegetables,OUT001,High,Tier 2,Supermarket Type1,15.07,0.011,180.09,1987.0,4676.55
FD1395,Low Sugar,Baking Goods,OUT004,Medium,Tier 2,Supermarket Type2,9.74,0.07,143.67,2009.0,2725.35
NC7721,No Sugar,Household,OUT002,Small,Tier 3,Food Mart,8.65,0.021,118.18,1998.0,1957.43
FD5642,reg,Baking Goods,OUT004,Medium,Tier 2,Supermarket Type2,15.53,0.104,127.96,2009.0,3712.73
FD2159,Low Sugar,Meat,OUT002,Small,Tier 3,Food Mart,8.18,0.073,106.54,1998.0,1613.54
FD8063,Regular,Baking Goods,OUT004,Medium,Tier 2,Supermarket Type2,13.32,0.038,104.58,2009.0,2734.77
FD1352,Regular,Snack Foods,OUT004,Medium,Tier 2,Supermarket Type2,15.09,0.037,128.49,2009.0,3624.0
FD7440,Low Sugar,Dairy,OUT001,High,Tier 2,Supermarket Type1,15.41,0.116,181.24,1987.0,4776.76
DR4511,Low Sugar,Soft Drinks,OUT004,Medium,Tier 2,Supermarket Type2,10.3,0.116,130.39,2009.0,2581.85
NC4185,No Sugar,Household,OUT004,Medium,Tier 2,Supermarket Type2,11.42,0.018,147.95,2009.0,3194.42
FD8120,Regular,Frozen Foods,OUT004,Medium,Tier 2,Supermarket Type2,13.95,0.046,145.36,2009.0,3713.12
FD8058,Low Sugar,Fruits and Vegetables,OUT004,Medium,Tier 2,Supermarket Type2,11.93,0.076,143.45,2009.0,3216.56
NC1446,No Sugar,Health and Hygiene,OUT002,Small,Tier 3,Food Mart,7.55,0.052,98.17,1998.0,1300.25
NC5051,No Sugar,Household,OUT004,Medium,Tier 2,Supermarket Type2,13.9,0.079,159.87,2009.0,3997.08
NC6903,No Sugar,Health and Hygiene,OUT002,Small,Tier 3,Food Mart,8.13,0.14,82.6,1998.0,1113.56
FD6331,Regular,Fruits and Vegetables,OUT004,Medium,Tier 2,Supermarket Type2,10.91,0.03,131.08,2009.0,2733.43
FD3144,Low Sugar,Baking Goods,OUT004,Medium,Tier 2,Supermarket Type2,13.06,0.052,142.59,2009.0,3455.11
FD4846,Regular,Baking Goods,OUT004,Medium,Tier 2,Supermarket Type2,12.56,0.018,150.88,2009.0,3511.58
FD5790,Low Sugar,Breakfast,OUT004,Medium,Tier 2,Supermarket Type2,13.49,0.071,145.6,2009.0,3613.53
FD81,Regular,Fruits and Vegetables,OUT004,Medium,Tier 2,Supermarket Type2,11.12,0.094,147.65,2009.0,5339.9
FD1535,Low Sugar,Fruits and Vegetables,OUT002,Small,Tier 3,Food Mart,10.92,0.052,100.26,1998.0,2104.26
NC7278,No Sugar,Household,OUT001,High,Tier 2,Supermarket Type1,10.31,0.036,118.2,1987.0,2333.62
FD2922,Low Sugar,Baking Goods,OUT004,Medium,Tier 2,Supermarket Type2,10.69,0.027,132.3,2009.0,2707.49
FD8463,Low Sugar,Starchy Foods,OUT004,Medium,Tier 2,Supermarket Type2,11.32,0.079,123.82,2009.0,2676.7
FD5396,Low Sugar,Frozen Foods,OUT002,Small,Tier 3,Food Mart,11.32,0.145,102.08,1998.0,2232.2
FD1166,Low Sugar,Fruits and Vegetables,OUT004,Medium,Tier 2,Supermarket Type2,12.89,0.055,145.21,2009.0,3468.8
FD100,Low Sugar,Baking Goods,OUT001,High,Tier 2,Supermarket Type1,14.73,0.057,165.92,1987.0,3401.4
FD6816,Low Sugar,Canned,OUT004,Medium,Tier 2,Supermarket Type2,10.54,0.066,127.66,2009.0,2579.64
FD7906,Low Sugar,Snack Foods,OUT004,Medium,Tier 2,Supermarket Type2,12.31,0.068,144.44,2009.0,3323.37
NC1563,No Sugar,Household,OUT004,Medium,Tier 2,Supermarket Type2,13.59,0.015,141.86,2009.0,3559.25
FD6400,Low Sugar,Frozen Foods,OUT002,Small,Tier 3,Food Mart,9.91,0.156,97.07,1998.0,1811.97
FD3653,Low Sugar,Frozen Foods,OUT004,Medium,Tier 2,Supermarket Type2,10.98,0.04,132.87,2009.0,2784.78
FD2166,Low Sugar,Canned,OUT004,Medium,Tier 2,Supermarket Type2,10.0,0.011,148.3,2009.0,2880.21
FD452,Low Sugar,Frozen Foods,OUT004,Medium,Tier 2,Supermarket Type2,14.12,0.038,144.32,2009.0,5007.32
NC1038,No Sugar,Household,OUT004,Medium,Tier 2,Supermarket Type2,11.37,0.016,153.27,2009.0,3290.89
FD8554,Regular,Snack Foods,OUT001,High,Tier 2,Supermarket Type1,11.21,0.007,107.6,1987.0,2321.37
FD194,Low Sugar,Dairy,OUT002,Small,Tier 3,Food Mart,15.63,0.054,184.91,1998.0,903.76
FD5828,Regular,Snack Foods,OUT004,Medium,Tier 2,Supermarket Type2,13.83,0.025,143.46,2009.0,3647.05
NC5736,No Sugar,Health and Hygiene,OUT004,Medium,Tier 2,Supermarket Type2,10.28,0.067,146.56,2009.0,2907.14
FD8161,Low Sugar,Frozen Foods,OUT004,Medium,Tier 2,Supermarket Type2,10.46,0.015,128.68,2009.0,2581.92
FD2155,Regular,Fruits and Vegetables,OUT004,Medium,Tier 2,Supermarket Type2,10.94,0.131,148.75,2009.0,3101.04
FD6011,Regular,Fruits and Vegetables,OUT004,Medium,Tier 2,Supermarket Type2,13.26,0.191,148.31,2009.0,3615.84
NC8048,No Sugar,Health and Hygiene,OUT004,Medium,Tier 2,Supermarket Type2,11.41,0.071,120.3,2009.0,2624.84
DR7070,Low Sugar,Soft Drinks,OUT004,Medium,Tier 2,Supermarket Type2,11.36,0.087,160.71,2009.0,3441.72
NC2554,No Sugar,Health and Hygiene,OUT004,Medium,Tier 2,Supermarket Type2,11.15,0.019,148.13,2009.0,3135.37
DR4311,Low Sugar,Soft Drinks,OUT001,High,Tier 2,Supermarket Type1,13.63,0.036,171.9,1987.0,4182.55
FD1417,Low Sugar,Meat,OUT001,High,Tier 2,Supermarket Type1,15.06,0.072,156.09,1987.0,4182.62
NC1471,No Sugar,Health and Hygiene,OUT004,Medium,Tier 2,Supermarket Type2,14.02,0.005,140.49,2009.0,3627.34
FD8253,Low Sugar,Dairy,OUT004,Medium,Tier 2,Supermarket Type2,9.94,0.032,173.45,2009.0,3381.35
FD1055,Low Sugar,Meat,OUT004,Medium,Tier 2,Supermarket Type2,9.83,0.07,157.69,2009.0,3034.03
NC750,No Sugar,Others,OUT004,Medium,Tier 2,Supermarket Type2,12.15,0.029,123.44,2009.0,2856.67
NC1186,No Sugar,Household,OUT002,Small,Tier 3,Food Mart,8.91,0.025,120.18,1998.0,2056.89
FD4506,Regular,Baking Goods,OUT004,Medium,Tier 2,Supermarket Type2,11.62,0.055,141.13,2009.0,3098.22
DR7074,Regular,Soft Drinks,OUT004,Medium,Tier 2,Supermarket Type2,13.26,0.026,143.96,2009.0,3528.01
NC5462,No Sugar,Household,OUT004,Medium,Tier 2,Supermarket Type2,10.76,0.074,121.79,2009.0,2508.09
DR7033,Regular,Soft Drinks,OUT002,Small,Tier 3,Food Mart,9.18,0.029,98.11,1998.0,1667.77
FD2801,Low Sugar,Frozen Foods,OUT001,High,Tier 2,Supermarket Type1,15.91,0.092,171.64,1987.0,4693.82
FD4356,Low Sugar,Dairy,OUT004,Medium,Tier 2,Supermarket Type2,12.05,0.041,143.47,2009.0,3245.23
NC106,No Sugar,Household,OUT004,Medium,Tier 2,Supermarket Type2,12.99,0.147,138.94,2009.0,2028.38
FD7898,Low Sugar,Frozen Foods,OUT001,High,Tier 2,Supermarket Type1,11.82,0.162,184.56,1987.0,4033.0
DR3847,Low Sugar,Hard Drinks,OUT002,Small,Tier 3,Food Mart,10.24,0.098,108.62,1998.0,2123.19
FD5388,Regular,Snack Foods,OUT002,Small,Tier 3,Food Mart,9.16,0.018,95.11,1998.0,1602.1
FD4727,Low Sugar,Dairy,OUT002,Small,Tier 3,Food Mart,10.94,0.027,73.73,1998.0,1567.12
FD4391,Low Sugar,Fruits and Vegetables,OUT004,Medium,Tier 2,Supermarket Type2,11.25,0.033,140.87,2009.0,3010.67
FD5782,Regular,Baking Goods,OUT004,Medium,Tier 2,Supermarket Type2,9.58,0.071,153.74,2009.0,2895.58
DR4746,Low Sugar,Hard Drinks,OUT004,Medium,Tier 2,Supermarket Type2,13.45,0.03,148.09,2009.0,3654.35
FD2170,Low Sugar,Snack Foods,OUT004,Medium,Tier 2,Supermarket Type2,13.29,0.06,112.89,2009.0,2898.97
FD3780,Low Sugar,Snack Foods,OUT002,Small,Tier 3,Food Mart,9.45,0.095,116.59,1998.0,2106.06
FD4515,Low Sugar,Dairy,OUT004,Medium,Tier 2,Supermarket Type2,12.54,0.014,140.12,2009.0,3285.79
NC2548,No Sugar,Health and Hygiene,OUT004,Medium,Tier 2,Supermarket Type2,12.81,0.173,104.38,2009.0,2616.87
FD7391,Low Sugar,Snack Foods,OUT004,Medium,Tier 2,Supermarket Type2,13.02,0.102,168.86,2009.0,3983.91
FD6541,Regular,Meat,OUT004,Medium,Tier 2,Supermarket Type2,12.33,0.16,111.53,2009.0,2653.7
DR1130,Regular,Soft Drinks,OUT004,Medium,Tier 2,Supermarket Type2,14.23,0.151,134.07,2009.0,3544.3
FD2061,Low Sugar,Frozen Foods,OUT004,Medium,Tier 2,Supermarket Type2,13.56,0.027,151.12,2009.0,3741.07
FD316,Regular,Canned,OUT004,Medium,Tier 2,Supermarket Type2,11.95,0.112,146.29,2009.0,2046.37
DR8019,Low Sugar,Soft Drinks,OUT002,Small,Tier 3,Food Mart,7.27,0.061,134.1,1998.0,1973.12
FD6953,Low Sugar,Snack Foods,OUT001,High,Tier 2,Supermarket Type1,10.71,0.033,116.75,1987.0,2395.76
FD6729,Regular,Dairy,OUT004,Medium,Tier 2,Supermarket Type2,14.34,0.035,133.82,2009.0,3564.15
FD6947,Low Sugar,Frozen Foods,OUT001,High,Tier 2,Supermarket Type1,15.71,0.054,171.22,1987.0,4639.31
FD8348,Low Sugar,Meat,OUT002,Small,Tier 3,Food Mart,8.95,0.129,113.79,1998.0,1937.49
FD6538,Low Sugar,Meat,OUT004,Medium,Tier 2,Supermarket Type2,13.53,0.038,130.74,2009.0,3317.51
FD4264,Low Sugar,Snack Foods,OUT004,Medium,Tier 2,Supermarket Type2,13.13,0.086,161.03,2009.0,3848.48
DR8745,Low Sugar,Soft Drinks,OUT004,Medium,Tier 2,Supermarket Type2,14.33,0.128,123.3,2009.0,3346.17
FD5508,Low Sugar,Baking Goods,OUT004,Medium,Tier 2,Supermarket Type2,10.7,0.041,160.61,2009.0,3289.27
FD4347,Low Sugar,Canned,OUT004,Medium,Tier 2,Supermarket Type2,10.28,0.143,147.44,2009.0,2926.08
FD2991,Low Sugar,Canned,OUT004,Medium,Tier 2,Supermarket Type2,14.46,0.114,129.24,2009.0,3497.39
FD952,Regular,Snack Foods,OUT004,Medium,Tier 2,Supermarket Type2,10.39,0.062,148.13,2009.0,2963.32
FD5287,Low Sugar,Dairy,OUT004,Medium,Tier 2,Supermarket Type2,10.75,0.034,146.66,2009.0,3015.65
FD3818,Low Sugar,Frozen Foods,OUT004,Medium,Tier 2,Supermarket Type2,12.8,0.03,135.8,2009.0,3257.72
FD1151,Low Sugar,Dairy,OUT002,Small,Tier 3,Food Mart,10.31,0.053,104.76,1998.0,2059.36
NC438,No Sugar,Health and Hygiene,OUT004,Medium,Tier 2,Supermarket Type2,10.4,0.076,150.81,2009.0,3943.23
FD4246,Low Sugar,Snack Foods,OUT001,High,Tier 2,Supermarket Type1,15.8,0.05,177.27,1987.0,4784.04
NC7102,No Sugar,Health and Hygiene,OUT002,Small,Tier 3,Food Mart,8.93,0.067,129.01,1998.0,2243.88
NC5449,No Sugar,Household,OUT004,Medium,Tier 2,Supermarket Type2,11.26,0.019,140.43,2009.0,3004.0
FD3042,Low Sugar,Frozen Foods,OUT004,Medium,Tier 2,Supermarket Type2,14.96,0.142,123.24,2009.0,3488.34
NC220,No Sugar,Household,OUT004,Medium,Tier 2,Supermarket Type2,12.08,0.021,121.54,2009.0,4782.44
FD3276,Low Sugar,Meat,OUT004,Medium,Tier 2,Supermarket Type2,11.15,0.026,124.33,2009.0,2649.55
FD7593,Low Sugar,Frozen Foods,OUT001,High,Tier 2,Supermarket Type1,15.14,0.051,148.7,1987.0,4050.37
FD5690,Low Sugar,Frozen Foods,OUT004,Medium,Tier 2,Supermarket Type2,11.49,0.023,148.49,2009.0,3219.96
FD2337,Low Sugar,Breakfast,OUT001,High,Tier 2,Supermarket Type1,10.43,0.063,123.97,1987.0,2479.36
FD6727,Low Sugar,Meat,OUT002,Small,Tier 3,Food Mart,9.29,0.05,116.73,1998.0,2073.22
FD4401,Regular,Canned,OUT004,Medium,Tier 2,Supermarket Type2,13.91,0.01,130.9,2009.0,3406.78
NC4831,No Sugar,Household,OUT001,High,Tier 2,Supermarket Type1,15.18,0.025,186.82,1987.0,4838.69
DR631,Low Sugar,Hard Drinks,OUT004,Medium,Tier 2,Supermarket Type2,14.26,0.1,138.77,2009.0,3647.05
FD5289,Regular,Fruits and Vegetables,OUT001,High,Tier 2,Supermarket Type1,13.75,0.027,163.08,1987.0,4029.63
DR4752,Low Sugar,Soft Drinks,OUT004,Medium,Tier 2,Supermarket Type2,10.65,0.053,174.51,2009.0,3563.53
DR6582,Low Sugar,Soft Drinks,OUT001,High,Tier 2,Supermarket Type1,13.9,0.033,187.96,1987.0,4572.79
FD3482,Low Sugar,Dairy,OUT001,High,Tier 2,Supermarket Type1,13.52,0.024,169.29,1987.0,4104.04
FD803,Low Sugar,Baking Goods,OUT004,Medium,Tier 2,Supermarket Type2,13.77,0.161,109.65,2009.0,2940.88
DR5831,Low Sugar,Soft Drinks,OUT001,High,Tier 2,Supermarket Type1,15.89,0.171,168.67,1987.0,4627.99
FD6550,Low Sugar,Frozen Foods,OUT002,Small,Tier 3,Food Mart,8.71,0.04,98.57,1998.0,1569.79
FD3424,Regular,Fruits and Vegetables,OUT004,Medium,Tier 2,Supermarket Type2,11.67,0.12,137.27,2009.0,3030.45
NC4466,No Sugar,Household,OUT004,Medium,Tier 2,Supermarket Type2,12.2,0.1,147.08,2009.0,3352.73
NC7614,No Sugar,Household,OUT002,Small,Tier 3,Food Mart,9.61,0.075,114.56,1998.0,2101.31
NC2977,No Sugar,Household,OUT004,Medium,Tier 2,Supermarket Type2,12.22,0.18,107.63,2009.0,2549.83
NC7267,No Sugar,Household,OUT004,Medium,Tier 2,Supermarket Type2,12.0,0.011,120.82,2009.0,2770.0
NC4753,No Sugar,Household,OUT001,High,Tier 2,Supermarket Type1,13.71,0.031,203.67,1987.0,4851.76
FD4767,Regular,Frozen Foods,OUT004,Medium,Tier 2,Supermarket Type2,12.22,0.156,145.79,2009.0,3330.96
FD1746,Regular,Baking Goods,OUT001,High,Tier 2,Supermarket Type1,16.22,0.188,142.3,1987.0,4163.07
NC6195,No Sugar,Health and Hygiene,OUT004,Medium,Tier 2,Supermarket Type2,12.76,0.038,150.68,2009.0,3552.8
FD497,Regular,Meat,OUT002,Small,Tier 3,Food Mart,11.6,0.113,93.72,1998.0,1055.89
DR6418,Regular,Soft Drinks,OUT004,Medium,Tier 2,Supermarket Type2,14.65,0.065,147.63,2009.0,3916.42
NC4146,No Sugar,Household,OUT004,Medium,Tier 2,Supermarket Type2,14.58,0.061,149.75,2009.0,3944.77
FD5436,Low Sugar,Canned,OUT004,Medium,Tier 2,Supermarket Type2,11.29,0.108,157.25,2009.0,3353.42
DR6579,Low Sugar,Soft Drinks,OUT001,High,Tier 2,Supermarket Type1,14.8,0.029,153.98,1987.0,4081.07
DR7851,Regular,Soft Drinks,OUT004,Medium,Tier 2,Supermarket Type2,10.54,0.049,151.98,2009.0,3077.93
FD8112,Regular,Frozen Foods,OUT002,Small,Tier 3,Food Mart,10.82,0.073,106.25,1998.0,2204.44
FD3215,Low Sugar,Fruits and Vegetables,OUT004,Medium,Tier 2,Supermarket Type2,11.69,0.071,153.15,2009.0,3361.82
FD5791,Low Sugar,Snack Foods,OUT001,High,Tier 2,Supermarket Type1,14.84,0.076,176.91,1987.0,4559.77
FD969,Low Sugar,Frozen Foods,OUT002,Small,Tier 3,Food Mart,9.17,0.027,93.63,1998.0,1573.4
FD3935,Low Sugar,Frozen Foods,OUT001,High,Tier 2,Supermarket Type1,15.62,0.036,168.9,1987.0,4570.3
FD4309,Regular,Dairy,OUT004,Medium,Tier 2,Supermarket Type2,12.69,0.076,155.65,2009.0,3638.99
FD2306,Low Sugar,Frozen Foods,OUT004,Medium,Tier 2,Supermarket Type2,11.76,0.053,145.08,2009.0,3212.59
FD4533,Low Sugar,Fruits and Vegetables,OUT004,Medium,Tier 2,Supermarket Type2,11.23,0.061,170.56,2009.0,3612.66
FD504,Low Sugar,Snack Foods,OUT004,Medium,Tier 2,Supermarket Type2,12.46,0.042,146.24,2009.0,2401.99
NC6827,No Sugar,Health and Hygiene,OUT004,Medium,Tier 2,Supermarket Type2,13.33,0.089,159.58,2009.0,3863.69
FD7832,Regular,Dairy,OUT004,Medium,Tier 2,Supermarket Type2,12.92,0.191,161.6,2009.0,3812.29
FD1140,Low Sugar,Frozen Foods,OUT001,High,Tier 2,Supermarket Type1,12.39,0.076,184.01,1987.0,4151.41
NC2767,No Sugar,Health and Hygiene,OUT002,Small,Tier 3,Food Mart,10.79,0.049,109.32,1998.0,2261.14
FD1861,Low Sugar,Snack Foods,OUT002,Small,Tier 3,Food Mart,10.99,0.082,98.81,1998.0,2091.74
FD6360,Low Sugar,Fruits and Vegetables,OUT002,Small,Tier 3,Food Mart,6.6,0.17,107.3,1998.0,1273.4
NC7086,No Sugar,Health and Hygiene,OUT004,Medium,Tier 2,Supermarket Type2,14.38,0.099,126.76,2009.0,3429.31
NC2787,No Sugar,Health and Hygiene,OUT001,High,Tier 2,Supermarket Type1,16.42,0.086,166.24,1987.0,4698.02
FD8519,Low Sugar,Baking Goods,OUT001,High,Tier 2,Supermarket Type1,15.26,0.168,173.03,1987.0,4574.15
FD6235,Regular,Canned,OUT004,Medium,Tier 2,Supermarket Type2,12.07,0.035,155.54,2009.0,3495.09
FD4815,Regular,Snack Foods,OUT004,Medium,Tier 2,Supermarket Type2,10.03,0.096,151.05,2009.0,2942.09
FD6343,Regular,Fruits and Vegetables,OUT004,Medium,Tier 2,Supermarket Type2,8.56,0.015,147.78,2009.0,2543.16
NC8144,No Sugar,Health and Hygiene,OUT004,Medium,Tier 2,Supermarket Type2,12.3,0.054,119.13,2009.0,2802.63
FD6320,Low Sugar,Fruits and Vegetables,OUT004,Medium,Tier 2,Supermarket Type2,11.65,0.058,135.76,2009.0,2996.96
DR4172,Low Sugar,Soft Drinks,OUT002,Small,Tier 3,Food Mart,11.12,0.119,102.57,1998.0,2196.18
NC7828,No Sugar,Health and Hygiene,OUT001,High,Tier 2,Supermarket Type1,12.42,0.044,180.1,1987.0,4078.49
FD8316,Regular,Baking Goods,OUT004,Medium,Tier 2,Supermarket Type2,13.36,0.104,109.88,2009.0,2853.77
FD5021,Low Sugar,Frozen Foods,OUT001,High,Tier 2,Supermarket Type1,14.09,0.12,166.35,1987.0,4173.71
FD5454,Low Sugar,Fruits and Vegetables,OUT002,Small,Tier 3,Food Mart,9.32,0.011,108.34,1998.0,1908.36
FD2087,Regular,Frozen Foods,OUT004,Medium,Tier 2,Supermarket Type2,13.15,0.007,140.49,2009.0,3431.81
FD6786,Low Sugar,Dairy,OUT004,Medium,Tier 2,Supermarket Type2,11.49,0.018,144.37,2009.0,3137.07
DR8446,Low Sugar,Hard Drinks,OUT004,Medium,Tier 2,Supermarket Type2,12.83,0.017,117.53,2009.0,2890.31
FD7315,Low Sugar,Snack Foods,OUT002,Small,Tier 3,Food Mart,9.36,0.124,116.16,1998.0,2078.15
NC6569,No Sugar,Household,OUT004,Medium,Tier 2,Supermarket Type2,13.63,0.06,156.45,2009.0,3866.23
FD5212,Low Sugar,Snack Foods,OUT001,High,Tier 2,Supermarket Type1,12.21,0.061,179.04,1987.0,4008.5
FD4329,Low Sugar,Baking Goods,OUT004,Medium,Tier 2,Supermarket Type2,12.27,0.161,117.37,2009.0,2760.15
FD1734,Low Sugar,Snack Foods,OUT004,Medium,Tier 2,Supermarket Type2,13.58,0.11,108.27,2009.0,2870.36
FD3200,Low Sugar,Canned,OUT004,Medium,Tier 2,Supermarket Type2,13.76,0.034,132.72,2009.0,3410.72
FD288,Low Sugar,Canned,OUT004,Medium,Tier 2,Supermarket Type2,13.68,0.156,150.62,2009.0,4113.37
FD2004,Regular,Snack Foods,OUT001,High,Tier 2,Supermarket Type1,16.37,0.037,166.25,1987.0,4687.33
FD6990,Low Sugar,Dairy,OUT002,Small,Tier 3,Food Mart,11.75,0.122,99.16,1998.0,2269.67
FD3773,Regular,Dairy,OUT002,Small,Tier 3,Food Mart,10.19,0.129,115.6,1998.0,2254.59
FD5841,Low Sugar,Canned,OUT001,High,Tier 2,Supermarket Type1,14.29,0.013,188.85,1987.0,4679.91
FD6379,Low Sugar,Meat,OUT004,Medium,Tier 2,Supermarket Type2,13.88,0.013,103.23,2009.0,2834.29
FD4178,Regular,Dairy,OUT004,Medium,Tier 2,Supermarket Type2,12.64,0.031,162.45,2009.0,3766.9
FD2007,Low Sugar,Canned,OUT004,Medium,Tier 2,Supermarket Type2,11.8,0.125,123.7,2009.0,2782.56
FD6678,Regular,Baking Goods,OUT004,Medium,Tier 2,Supermarket Type2,13.2,0.013,122.51,2009.0,3075.7
NC8586,No Sugar,Others,OUT004,Medium,Tier 2,Supermarket Type2,12.09,0.063,165.33,2009.0,3701.12
FD6841,Low Sugar,Breakfast,OUT004,Medium,Tier 2,Supermarket Type2,12.84,0.067,162.37,2009.0,3808.51
FD1915,Low Sugar,Canned,OUT002,Small,Tier 3,Food Mart,10.86,0.038,91.06,1998.0,1903.11
FD8330,Regular,Snack Foods,OUT004,Medium,Tier 2,Supermarket Type2,9.96,0.036,137.0,2009.0,2639.11
NC7060,No Sugar,Household,OUT004,Medium,Tier 2,Supermarket Type2,13.14,0.037,147.18,2009.0,3566.64
FD3388,Regular,Frozen Foods,OUT004,Medium,Tier 2,Supermarket Type2,10.96,0.073,165.12,2009.0,3440.23
FD5773,Regular,Breads,OUT004,Medium,Tier 2,Supermarket Type2,13.31,0.087,131.74,2009.0,3288.69
NC7230,No Sugar,Others,OUT004,Medium,Tier 2,Supermarket Type2,13.22,0.018,142.85,2009.0,3495.87
FD7167,Regular,Fruits and Vegetables,OUT001,High,Tier 2,Supermarket Type1,15.48,0.057,148.8,1987.0,4127.88
FD6687,Low Sugar,Frozen Foods,OUT004,Medium,Tier 2,Supermarket Type2,12.36,0.017,139.8,2009.0,3238.85
FD8001,Low Sugar,Snack Foods,OUT004,Medium,Tier 2,Supermarket Type2,12.09,0.094,163.37,2009.0,3660.96
FD7288,reg,Fruits and Vegetables,OUT001,High,Tier 2,Supermarket Type1,13.37,0.144,173.1,1987.0,4149.85
NC6527,No Sugar,Household,OUT004,Medium,Tier 2,Supermarket Type2,13.47,0.021,126.33,2009.0,3214.79
FD7955,Regular,Fruits and Vegetables,OUT004,Medium,Tier 2,Supermarket Type2,12.33,0.044,116.39,2009.0,2752.82
DR3210,Regular,Soft Drinks,OUT004,Medium,Tier 2,Supermarket Type2,11.47,0.032,126.04,2009.0,2757.49
FD5601,Low Sugar,Dairy,OUT004,Medium,Tier 2,Supermarket Type2,11.93,0.048,174.57,2009.0,3852.3
FD8714,Regular,Canned,OUT004,Medium,Tier 2,Supermarket Type2,12.14,0.023,120.46,2009.0,2794.29
NC5207,No Sugar,Others,OUT004,Medium,Tier 2,Supermarket Type2,14.34,0.015,122.75,2009.0,3337.55
FD6362,Low Sugar,Baking Goods,OUT004,Medium,Tier 2,Supermarket Type2,12.52,0.026,155.11,2009.0,3589.69
FD7944,Low Sugar,Frozen Foods,OUT004,Medium,Tier 2,Supermarket Type2,12.49,0.292,131.49,2009.0,3097.53
NC45,No Sugar,Household,OUT002,Small,Tier 3,Food Mart,12.62,0.107,194.64,1998.0,2157.9
FD876,Low Sugar,Fruits and Vegetables,OUT004,Medium,Tier 2,Supermarket Type2,13.29,0.121,149.68,2009.0,3650.39
NC2925,No Sugar,Health and Hygiene,OUT004,Medium,Tier 2,Supermarket Type2,11.75,0.09,146.97,2009.0,3248.48
FD3207,Low Sugar,Baking Goods,OUT001,High,Tier 2,Supermarket Type1,12.36,0.029,182.54,1987.0,4113.0
FD7713,Regular,Baking Goods,OUT002,Small,Tier 3,Food Mart,9.46,0.119,73.87,1998.0,1234.6
FD2708,Regular,Frozen Foods,OUT004,Medium,Tier 2,Supermarket Type2,11.7,0.185,124.5,2009.0,2777.27
FD6219,Low Sugar,Canned,OUT004,Medium,Tier 2,Supermarket Type2,11.83,0.05,141.05,2009.0,3144.2
FD8706,Regular,Snack Foods,OUT001,High,Tier 2,Supermarket Type1,12.91,0.017,87.98,1987.0,2303.02
FD5985,Low Sugar,Dairy,OUT001,High,Tier 2,Supermarket Type1,17.36,0.081,153.55,1987.0,4649.58
FD2265,Low Sugar,Snack Foods,OUT004,Medium,Tier 2,Supermarket Type2,12.54,0.043,160.15,2009.0,3697.11
NC8246,No Sugar,Health and Hygiene,OUT004,Medium,Tier 2,Supermarket Type2,12.51,0.039,160.5,2009.0,3697.44
FD2799,Low Sugar,Snack Foods,OUT004,Medium,Tier 2,Supermarket Type2,11.88,0.188,160.57,2009.0,3555.41
FD4547,Regular,Canned,OUT004,Medium,Tier 2,Supermarket Type2,12.76,0.092,151.17,2009.0,3562.29
FD4131,Regular,Baking Goods,OUT001,High,Tier 2,Supermarket Type1,16.97,0.057,155.79,1987.0,4609.26
FD6645,Low Sugar,Canned,OUT002,Small,Tier 3,Food Mart,9.39,0.157,75.32,1998.0,1247.89
FD3601,Regular,Frozen Foods,OUT004,Medium,Tier 2,Supermarket Type2,12.33,0.112,165.25,2009.0,3752.2
FD2389,Low Sugar,Seafood,OUT004,Medium,Tier 2,Supermarket Type2,11.38,0.013,128.73,2009.0,2790.57
FD7290,Regular,Snack Foods,OUT004,Medium,Tier 2,Supermarket Type2,12.92,0.054,161.9,2009.0,3817.72
NC5218,No Sugar,Household,OUT004,Medium,Tier 2,Supermarket Type2,12.08,0.177,152.73,2009.0,3439.72
NC4854,No Sugar,Household,OUT004,Medium,Tier 2,Supermarket Type2,12.61,0.094,135.24,2009.0,3201.58
NC1537,No Sugar,Health and Hygiene,OUT002,Small,Tier 3,Food Mart,10.54,0.138,111.69,1998.0,2252.34
FD4967,Regular,Baking Goods,OUT002,Small,Tier 3,Food Mart,11.69,0.025,101.1,1998.0,2296.99
FD4482,Low Sugar,Canned,OUT004,Medium,Tier 2,Supermarket Type2,14.48,0.128,127.85,2009.0,3472.91
NC4003,No Sugar,Health and Hygiene,OUT004,Medium,Tier 2,Supermarket Type2,13.03,0.061,150.09,2009.0,3601.38
FD3350,Low Sugar,Frozen Foods,OUT002,Small,Tier 3,Food Mart,10.7,0.057,107.73,1998.0,2208.37
FD541,Low Sugar,Snack Foods,OUT004,Medium,Tier 2,Supermarket Type2,12.67,0.047,118.07,2009.0,4429.15
DR325,Low Sugar,Soft Drinks,OUT004,Medium,Tier 2,Supermarket Type2,11.33,0.11,118.73,2009.0,4769.42
NC809,No Sugar,Household,OUT001,High,Tier 2,Supermarket Type1,14.38,0.028,179.28,1987.0,4504.13
FD3015,Low Sugar,Snack Foods,OUT004,Medium,Tier 2,Supermarket Type2,14.81,0.104,128.05,2009.0,3552.67
FD8577,Low Sugar,Meat,OUT004,Medium,Tier 2,Supermarket Type2,13.78,0.036,134.55,2009.0,3453.34
FD1903,Regular,Fruits and Vegetables,OUT002,Small,Tier 3,Food Mart,10.38,0.012,87.14,1998.0,1713.58
FD7841,Regular,Baking Goods,OUT004,Medium,Tier 2,Supermarket Type2,11.5,0.036,121.36,2009.0,2668.56
FD6426,Low Sugar,Snack Foods,OUT001,High,Tier 2,Supermarket Type1,16.34,0.047,162.07,1987.0,4593.23
FD7907,Low Sugar,Frozen Foods,OUT004,Medium,Tier 2,Supermarket Type2,12.37,0.066,120.29,2009.0,2842.59
FD3969,Low Sugar,Fruits and Vegetables,OUT004,Medium,Tier 2,Supermarket Type2,10.18,0.052,138.71,2009.0,2723.74
FD1642,Low Sugar,Breakfast,OUT004,Medium,Tier 2,Supermarket Type2,13.11,0.106,160.46,2009.0,3830.98
NC570,No Sugar,Health and Hygiene,OUT001,High,Tier 2,Supermarket Type1,8.44,0.188,102.17,1987.0,4466.61
FD6102,Regular,Dairy,OUT004,Medium,Tier 2,Supermarket Type2,13.48,0.064,149.98,2009.0,3699.82
FD6497,Low Sugar,Canned,OUT001,High,Tier 2,Supermarket Type1,15.24,0.099,188.53,1987.0,4886.53
NC2546,No Sugar,Household,OUT004,Medium,Tier 2,Supermarket Type2,12.73,0.069,153.45,2009.0,3601.05
FD6026,Low Sugar,Frozen Foods,OUT002,Small,Tier 3,Food Mart,7.16,0.021,103.64,1998.0,1323.37
FD6911,Low Sugar,Dairy,OUT002,Small,Tier 3,Food Mart,9.25,0.175,100.47,1998.0,1731.07
FD4399,Regular,Frozen Foods,OUT004,Medium,Tier 2,Supermarket Type2,13.14,0.034,97.35,2009.0,2546.15
FD539,Low Sugar,Baking Goods,OUT004,Medium,Tier 2,Supermarket Type2,12.43,0.168,144.04,2009.0,3265.94
NC7673,No Sugar,Household,OUT001,High,Tier 2,Supermarket Type1,14.94,0.233,150.65,1987.0,4044.67
FD5024,Low Sugar,Frozen Foods,OUT004,Medium,Tier 2,Supermarket Type2,13.39,0.026,140.99,2009.0,3495.48
FD3650,Low Sugar,Fruits and Vegetables,OUT004,Medium,Tier 2,Supermarket Type2,13.92,0.038,145.91,2009.0,3717.2
NC1661,No Sugar,Household,OUT002,Small,Tier 3,Food Mart,7.69,0.025,111.11,1998.0,1597.6
FD7201,Low Sugar,Breakfast,OUT001,High,Tier 2,Supermarket Type1,15.32,0.09,146.0,1987.0,4034.35
NC667,No Sugar,Health and Hygiene,OUT001,High,Tier 2,Supermarket Type1,15.26,0.026,184.76,1987.0,4813.81
NC5741,No Sugar,Health and Hygiene,OUT002,Small,Tier 3,Food Mart,7.86,0.036,95.79,1998.0,1321.0
FD5584,Low Sugar,Snack Foods,OUT001,High,Tier 2,Supermarket Type1,15.42,0.019,173.6,1987.0,4621.34
FD1775,Low Sugar,Fruits and Vegetables,OUT004,Medium,Tier 2,Supermarket Type2,9.95,0.066,133.7,2009.0,2570.75
FD164,Low Sugar,Meat,OUT004,Medium,Tier 2,Supermarket Type2,14.01,0.054,151.25,2009.0,3071.88
FD4426,Low Sugar,Frozen Foods,OUT002,Small,Tier 3,Food Mart,7.47,0.047,141.41,1998.0,2166.15
FD666,Low Sugar,Fruits and Vegetables,OUT004,Medium,Tier 2,Supermarket Type2,15.49,0.118,124.26,2009.0,3628.52
NC6543,No Sugar,Household,OUT004,Medium,Tier 2,Supermarket Type2,12.3,0.081,144.8,2009.0,3327.0
NC5086,No Sugar,Household,OUT002,Small,Tier 3,Food Mart,10.93,0.054,103.23,1998.0,2168.66
DR8095,Low Sugar,Hard Drinks,OUT004,Medium,Tier 2,Supermarket Type2,13.22,0.05,148.87,2009.0,3618.86
FD8157,Low Sugar,Fruits and Vegetables,OUT001,High,Tier 2,Supermarket Type1,10.38,0.036,116.66,1987.0,2317.31
FD6041,Low Sugar,Fruits and Vegetables,OUT004,Medium,Tier 2,Supermarket Type2,13.55,0.079,124.94,2009.0,3203.59
DR5139,Low Sugar,Soft Drinks,OUT002,Small,Tier 3,Food Mart,10.25,0.061,79.44,1998.0,1527.43
FD1190,Regular,Frozen Foods,OUT004,Medium,Tier 2,Supermarket Type2,11.2,0.067,131.66,2009.0,2811.4
FD3341,Low Sugar,Snack Foods,OUT001,High,Tier 2,Supermarket Type1,12.42,0.072,181.53,1987.0,4106.93
FD62,Regular,Seafood,OUT004,Medium,Tier 2,Supermarket Type2,10.57,0.097,169.05,2009.0,5341.06
FD5711,Regular,Snack Foods,OUT004,Medium,Tier 2,Supermarket Type2,12.56,0.032,135.83,2009.0,3203.43
FD2535,Low Sugar,Baking Goods,OUT001,High,Tier 2,Supermarket Type1,16.66,0.038,162.77,1987.0,4680.99
FD4439,Regular,Fruits and Vegetables,OUT004,Medium,Tier 2,Supermarket Type2,12.49,0.01,144.1,2009.0,3356.05
FD1254,Regular,Snack Foods,OUT004,Medium,Tier 2,Supermarket Type2,11.07,0.14,132.45,2009.0,2796.66
FD1000,Low Sugar,Baking Goods,OUT001,High,Tier 2,Supermarket Type1,14.25,0.031,182.95,1987.0,4549.33
FD2212,Low Sugar,Dairy,OUT001,High,Tier 2,Supermarket Type1,14.3,0.14,199.39,1987.0,4897.88
FD256,Low Sugar,Frozen Foods,OUT001,High,Tier 2,Supermarket Type1,13.15,0.064,175.29,1987.0,3118.36
FD1463,Low Sugar,Frozen Foods,OUT001,High,Tier 2,Supermarket Type1,14.64,0.012,153.73,1987.0,4039.14
FD6486,Low Sugar,Canned,OUT004,Medium,Tier 2,Supermarket Type2,10.28,0.025,142.01,2009.0,2813.27
NC4402,No Sugar,Health and Hygiene,OUT002,Small,Tier 3,Food Mart,10.72,0.049,92.94,1998.0,1910.53
FD7100,Low Sugar,Fruits and Vegetables,OUT001,High,Tier 2,Supermarket Type1,15.08,0.031,173.85,1987.0,4550.82
FD2989,Low Sugar,Frozen Foods,OUT002,Small,Tier 3,Food Mart,11.34,0.047,72.61,1998.0,1633.12
FD1619,Low Sugar,Snack Foods,OUT002,Small,Tier 3,Food Mart,10.03,0.038,111.68,1998.0,2136.58
FD8000,Low Sugar,Canned,OUT004,Medium,Tier 2,Supermarket Type2,10.41,0.021,151.97,2009.0,3047.85
NC1117,No Sugar,Household,OUT004,Medium,Tier 2,Supermarket Type2,12.16,0.039,124.07,2009.0,2872.23
FD2041,Low Sugar,Fruits and Vegetables,OUT004,Medium,Tier 2,Supermarket Type2,14.0,0.128,150.72,2009.0,3833.2
NC5510,No Sugar,Household,OUT004,Medium,Tier 2,Supermarket Type2,11.16,0.099,176.02,2009.0,3709.97
FD5052,Low Sugar,Frozen Foods,OUT004,Medium,Tier 2,Supermarket Type2,11.64,0.096,162.23,2009.0,3536.31
NC5059,No Sugar,Household,OUT004,Medium,Tier 2,Supermarket Type2,15.75,0.043,128.82,2009.0,3780.15
DR8057,Low Sugar,Soft Drinks,OUT004,Medium,Tier 2,Supermarket Type2,11.81,0.045,138.42,2009.0,3086.34
FD7141,Regular,Fruits and Vegetables,OUT004,Medium,Tier 2,Supermarket Type2,14.04,0.142,144.73,2009.0,3719.09
FD7846,Low Sugar,Dairy,OUT004,Medium,Tier 2,Supermarket Type2,14.1,0.038,130.42,2009.0,3441.34
NC6444,No Sugar,Health and Hygiene,OUT004,Medium,Tier 2,Supermarket Type2,12.21,0.048,124.59,2009.0,2894.65
FD1234,Regular,Dairy,OUT004,Medium,Tier 2,Supermarket Type2,12.27,0.047,115.22,2009.0,2714.93
FD646,Regular,Baking Goods,OUT004,Medium,Tier 2,Supermarket Type2,10.66,0.021,135.28,2009.0,2762.33
NC4184,No Sugar,Household,OUT002,Small,Tier 3,Food Mart,12.45,0.056,83.69,1998.0,2111.07
FD6112,Low Sugar,Breads,OUT004,Medium,Tier 2,Supermarket Type2,11.55,0.093,115.86,2009.0,2566.12
FD6658,Low Sugar,Snack Foods,OUT004,Medium,Tier 2,Supermarket Type2,14.0,0.235,120.56,2009.0,3215.81
FD7252,Regular,Snack Foods,OUT001,High,Tier 2,Supermarket Type1,15.72,0.076,178.39,1987.0,4787.41
FD4832,Low Sugar,Frozen Foods,OUT004,Medium,Tier 2,Supermarket Type2,13.4,0.097,150.69,2009.0,3697.0
NC3664,No Sugar,Household,OUT002,Small,Tier 3,Food Mart,11.26,0.126,100.62,1998.0,2189.46
FD7759,Low Sugar,Fruits and Vegetables,OUT004,Medium,Tier 2,Supermarket Type2,13.11,0.165,140.91,2009.0,3430.61
DR7448,Regular,Soft Drinks,OUT004,Medium,Tier 2,Supermarket Type2,12.29,0.093,143.37,2009.0,3295.36
FD5622,Low Sugar,Baking Goods,OUT004,Medium,Tier 2,Supermarket Type2,11.87,0.025,113.36,2009.0,2586.88
FD4804,Low Sugar,Dairy,OUT002,Small,Tier 3,Food Mart,7.98,0.074,82.52,1998.0,1077.4
NC5667,No Sugar,Household,OUT002,Small,Tier 3,Food Mart,12.23,0.179,94.2,1998.0,2277.22
FD758,Low Sugar,Meat,OUT004,Medium,Tier 2,Supermarket Type2,12.68,0.077,144.66,2009.0,3410.74
FD3944,Low Sugar,Frozen Foods,OUT001,High,Tier 2,Supermarket Type1,15.74,0.057,170.68,1987.0,4634.7
DR6385,Low Sugar,Soft Drinks,OUT004,Medium,Tier 2,Supermarket Type2,11.17,0.036,118.58,2009.0,2535.24
FD1096,Low Sugar,Snack Foods,OUT004,Medium,Tier 2,Supermarket Type2,14.39,0.041,151.62,2009.0,3940.36
FD1218,Low Sugar,Snack Foods,OUT004,Medium,Tier 2,Supermarket Type2,12.97,0.119,148.91,2009.0,3563.77
NC4355,No Sugar,Household,OUT002,Small,Tier 3,Food Mart,11.05,0.167,103.52,1998.0,2201.75
NC3124,No Sugar,Household,OUT004,Medium,Tier 2,Supermarket Type2,12.13,0.052,114.97,2009.0,2678.89
FD1328,Regular,Meat,OUT002,Small,Tier 3,Food Mart,10.99,0.061,98.97,1998.0,2094.43
FD5313,Low Sugar,Fruits and Vegetables,OUT004,Medium,Tier 2,Supermarket Type2,9.45,0.049,146.25,2009.0,2714.08
FD5323,Low Sugar,Dairy,OUT004,Medium,Tier 2,Supermarket Type2,11.69,0.12,161.38,2009.0,3528.09
FD738,Low Sugar,Meat,OUT004,Medium,Tier 2,Supermarket Type2,12.55,0.188,160.6,2009.0,3708.5
FD914,Low Sugar,Snack Foods,OUT001,High,Tier 2,Supermarket Type1,16.76,0.08,155.36,1987.0,4552.6
FD470,Regular,Fruits and Vegetables,OUT004,Medium,Tier 2,Supermarket Type2,11.65,0.067,153.86,2009.0,3632.78
FD3873,Low Sugar,Dairy,OUT004,Medium,Tier 2,Supermarket Type2,12.45,0.025,166.62,2009.0,3809.28
FD5544,Low Sugar,Baking Goods,OUT001,High,Tier 2,Supermarket Type1,13.93,0.058,161.15,1987.0,4030.77
DR2519,Low Sugar,Soft Drinks,OUT002,Small,Tier 3,Food Mart,8.14,0.038,95.75,1998.0,1384.21
FD7146,Regular,Frozen Foods,OUT001,High,Tier 2,Supermarket Type1,10.14,0.077,127.87,1987.0,2493.74
FD549,Low Sugar,Fruits and Vegetables,OUT002,Small,Tier 3,Food Mart,8.71,0.048,112.89,1998.0,2205.49
FD5431,Regular,Frozen Foods,OUT004,Medium,Tier 2,Supermarket Type2,10.48,0.121,132.73,2009.0,2670.79
FD6082,Low Sugar,Baking Goods,OUT004,Medium,Tier 2,Supermarket Type2,12.64,0.145,167.38,2009.0,3867.12
FD115,Regular,Snack Foods,OUT004,Medium,Tier 2,Supermarket Type2,12.24,0.024,173.79,2009.0,4900.62
FD887,Regular,Meat,OUT001,High,Tier 2,Supermarket Type1,14.96,0.021,195.73,1987.0,4970.29
FD3958,Low Sugar,Snack Foods,OUT002,Small,Tier 3,Food Mart,9.04,0.025,129.15,1998.0,2271.02
FD984,Low Sugar,Baking Goods,OUT004,Medium,Tier 2,Supermarket Type2,11.87,0.126,143.22,2009.0,3199.52
NC904,No Sugar,Others,OUT004,Medium,Tier 2,Supermarket Type2,13.69,0.06,138.98,2009.0,3522.61
FD754,Low Sugar,Fruits and Vegetables,OUT004,Medium,Tier 2,Supermarket Type2,11.8,0.014,176.73,2009.0,3868.99
FD6628,Low Sugar,Dairy,OUT004,Medium,Tier 2,Supermarket Type2,13.66,0.034,113.31,2009.0,2991.39
FD5977,Regular,Fruits and Vegetables,OUT004,Medium,Tier 2,Supermarket Type2,11.44,0.045,131.36,2009.0,2857.8
FD8491,Regular,Canned,OUT004,Medium,Tier 2,Supermarket Type2,12.66,0.153,151.92,2009.0,3554.37
NC4863,No Sugar,Household,OUT004,Medium,Tier 2,Supermarket Type2,11.55,0.024,139.84,2009.0,3057.35
FD3619,Low Sugar,Dairy,OUT004,Medium,Tier 2,Supermarket Type2,10.93,0.089,189.17,2009.0,3926.74
FD5239,Low Sugar,Snack Foods,OUT004,Medium,Tier 2,Supermarket Type2,11.91,0.096,125.39,2009.0,2842.55
FD8205,Regular,Fruits and Vegetables,OUT004,Medium,Tier 2,Supermarket Type2,10.86,0.05,137.11,2009.0,2845.72
FD8641,Low Sugar,Frozen Foods,OUT004,Medium,Tier 2,Supermarket Type2,10.94,0.061,128.45,2009.0,2686.68
FD7478,Low Sugar,Fruits and Vegetables,OUT004,Medium,Tier 2,Supermarket Type2,11.38,0.025,136.82,2009.0,2957.77
DR5848,Low Sugar,Hard Drinks,OUT001,High,Tier 2,Supermarket Type1,13.82,0.013,190.68,1987.0,4609.97
FD4826,Low Sugar,Fruits and Vegetables,OUT004,Medium,Tier 2,Supermarket Type2,11.19,0.028,166.97,2009.0,3530.56
FD7996,Regular,Seafood,OUT004,Medium,Tier 2,Supermarket Type2,14.31,0.133,154.2,2009.0,3973.92
FD3045,Regular,Dairy,OUT004,Medium,Tier 2,Supermarket Type2,12.85,0.032,137.41,2009.0,3301.72
FD2723,Low Sugar,Fruits and Vegetables,OUT004,Medium,Tier 2,Supermarket Type2,11.59,0.108,139.98,2009.0,3069.02
FD4351,Low Sugar,Meat,OUT004,Medium,Tier 2,Supermarket Type2,13.28,0.084,148.86,2009.0,3631.96
FD4536,Low Sugar,Frozen Foods,OUT004,Medium,Tier 2,Supermarket Type2,12.91,0.106,130.02,2009.0,3162.4
FD1826,Regular,Frozen Foods,OUT004,Medium,Tier 2,Supermarket Type2,13.45,0.045,153.59,2009.0,3768.47
FD4056,Regular,Snack Foods,OUT004,Medium,Tier 2,Supermarket Type2,12.27,0.062,158.12,2009.0,3594.1
FD8211,Low Sugar,Meat,OUT001,High,Tier 2,Supermarket Type1,14.83,0.022,187.71,1987.0,4776.75
FD2527,Low Sugar,Snack Foods,OUT001,High,Tier 2,Supermarket Type1,14.71,0.024,197.02,1987.0,4941.66
FD7871,Low Sugar,Fruits and Vegetables,OUT004,Medium,Tier 2,Supermarket Type2,11.38,0.148,146.4,2009.0,3152.83
NC939,No Sugar,Health and Hygiene,OUT004,Medium,Tier 2,Supermarket Type2,11.75,0.077,142.99,2009.0,3166.0
NC3651,No Sugar,Health and Hygiene,OUT004,Medium,Tier 2,Supermarket Type2,14.69,0.061,149.79,2009.0,3969.57
FD5216,Regular,Snack Foods,OUT002,Small,Tier 3,Food Mart,8.76,0.053,104.89,1998.0,1711.89
NC5066,No Sugar,Others,OUT004,Medium,Tier 2,Supermarket Type2,9.71,0.008,145.5,2009.0,2757.65
FD6573,Low Sugar,Starchy Foods,OUT004,Medium,Tier 2,Supermarket Type2,13.18,0.018,158.11,2009.0,3799.91
FD7586,Low Sugar,Dairy,OUT004,Medium,Tier 2,Supermarket Type2,10.07,0.148,153.56,2009.0,3004.06
FD554,Regular,Meat,OUT001,High,Tier 2,Supermarket Type1,8.42,0.043,107.89,1987.0,3465.03
FD7997,Low Sugar,Starchy Foods,OUT002,Small,Tier 3,Food Mart,10.77,0.07,107.46,1998.0,2217.81
FD1908,Low Sugar,Meat,OUT001,High,Tier 2,Supermarket Type1,11.47,0.178,194.61,1987.0,4159.9
FD7912,Regular,Frozen Foods,OUT001,High,Tier 2,Supermarket Type1,13.92,0.086,162.85,1987.0,4062.97
FD3962,Regular,Snack Foods,OUT001,High,Tier 2,Supermarket Type1,14.28,0.095,190.26,1987.0,4704.78
FD7434,Low Sugar,Canned,OUT004,Medium,Tier 2,Supermarket Type2,10.95,0.081,133.99,2009.0,2801.22
NC1721,No Sugar,Others,OUT004,Medium,Tier 2,Supermarket Type2,13.37,0.026,147.36,2009.0,3622.25
FD8270,Low Sugar,Canned,OUT001,High,Tier 2,Supermarket Type1,13.46,0.15,169.06,1987.0,4086.69
FD6812,Low Sugar,Dairy,OUT004,Medium,Tier 2,Supermarket Type2,13.18,0.053,152.28,2009.0,3680.13
FD6570,Low Sugar,Breakfast,OUT004,Medium,Tier 2,Supermarket Type2,12.11,0.126,165.01,2009.0,3697.5
FD1554,Regular,Snack Foods,OUT001,High,Tier 2,Supermarket Type1,14.91,0.037,182.95,1987.0,4697.83
FD6069,Low Sugar,Fruits and Vegetables,OUT001,High,Tier 2,Supermarket Type1,15.27,0.024,181.18,1987.0,4743.21
FD7352,Low Sugar,Baking Goods,OUT004,Medium,Tier 2,Supermarket Type2,11.91,0.132,156.08,2009.0,3471.37
FD3457,Low Sugar,Frozen Foods,OUT002,Small,Tier 3,Food Mart,10.43,0.021,108.43,1998.0,2160.95
FD1227,Low Sugar,Fruits and Vegetables,OUT004,Medium,Tier 2,Supermarket Type2,11.34,0.074,119.84,2009.0,2599.43
NC1498,No Sugar,Household,OUT001,High,Tier 2,Supermarket Type1,15.28,0.061,179.62,1987.0,4714.58
FD3143,Regular,Baking Goods,OUT004,Medium,Tier 2,Supermarket Type2,13.27,0.042,153.54,2009.0,3726.43
FD3043,Low Sugar,Canned,OUT004,Medium,Tier 2,Supermarket Type2,11.94,0.104,158.99,2009.0,3536.15
FD883,Low Sugar,Baking Goods,OUT002,Small,Tier 3,Food Mart,8.9,0.074,102.65,1998.0,1697.38
NC144,No Sugar,Others,OUT002,Small,Tier 3,Food Mart,11.8,0.046,126.14,1998.0,578.93
FD4474,Low Sugar,Fruits and Vegetables,OUT004,Medium,Tier 2,Supermarket Type2,12.22,0.029,165.36,2009.0,3731.51
FD1215,Low Sugar,Snack Foods,OUT004,Medium,Tier 2,Supermarket Type2,11.14,0.094,118.4,2009.0,2526.52
FD3947,Regular,Fruits and Vegetables,OUT004,Medium,Tier 2,Supermarket Type2,14.11,0.016,153.37,2009.0,3911.32
FD6965,Low Sugar,Canned,OUT002,Small,Tier 3,Food Mart,10.85,0.027,62.8,1998.0,1321.81
DR7310,Low Sugar,Hard Drinks,OUT002,Small,Tier 3,Food Mart,9.2,0.033,119.43,1998.0,2108.04
FD4013,Low Sugar,Fruits and Vegetables,OUT001,High,Tier 2,Supermarket Type1,15.79,0.073,181.99,1987.0,4878.66
FD5796,Regular,Snack Foods,OUT004,Medium,Tier 2,Supermarket Type2,13.26,0.038,145.98,2009.0,3568.88
FD7938,Low Sugar,Fruits and Vegetables,OUT004,Medium,Tier 2,Supermarket Type2,12.89,0.107,153.05,2009.0,3630.18
NC4340,No Sugar,Health and Hygiene,OUT002,Small,Tier 3,Food Mart,11.33,0.177,103.49,1998.0,2262.79
FD1663,Low Sugar,Dairy,OUT001,High,Tier 2,Supermarket Type1,11.81,0.082,104.35,1987.0,2389.25
FD8392,Low Sugar,Canned,OUT004,Medium,Tier 2,Supermarket Type2,11.81,0.01,127.14,2009.0,2855.23
DR1157,Low Sugar,Soft Drinks,OUT002,Small,Tier 3,Food Mart,10.74,0.13,107.17,1998.0,2205.39
NC1644,No Sugar,Household,OUT004,Medium,Tier 2,Supermarket Type2,13.73,0.047,147.0,2009.0,3695.97
NC8755,No Sugar,Household,OUT001,High,Tier 2,Supermarket Type1,14.94,0.077,188.74,1987.0,4823.62
FD8697,Low Sugar,Snack Foods,OUT002,Small,Tier 3,Food Mart,10.08,0.026,98.23,1998.0,1872.35
NC8013,No Sugar,Household,OUT001,High,Tier 2,Supermarket Type1,13.84,0.076,167.8,1987.0,4145.46
FD8690,Regular,Breads,OUT002,Small,Tier 3,Food Mart,8.74,0.151,133.71,1998.0,2297.15
FD1194,Low Sugar,Starchy Foods,OUT004,Medium,Tier 2,Supermarket Type2,13.96,0.017,134.3,2009.0,3489.32
FD5178,Low Sugar,Frozen Foods,OUT002,Small,Tier 3,Food Mart,11.82,0.025,78.52,1998.0,1862.85
NC4550,No Sugar,Others,OUT001,High,Tier 2,Supermarket Type1,16.31,0.048,138.19,1987.0,4098.0
NC705,No Sugar,Others,OUT001,High,Tier 2,Supermarket Type1,10.63,0.073,115.43,1987.0,2350.45
FD8283,Regular,Canned,OUT001,High,Tier 2,Supermarket Type1,13.12,0.055,169.33,1987.0,4015.02
FD2474,Low Sugar,Baking Goods,OUT004,Medium,Tier 2,Supermarket Type2,12.61,0.04,169.83,2009.0,3910.0
FD3890,Low Sugar,Baking Goods,OUT001,High,Tier 2,Supermarket Type1,10.67,0.031,118.79,1987.0,2427.82
DR6798,Low Sugar,Soft Drinks,OUT004,Medium,Tier 2,Supermarket Type2,12.51,0.066,173.85,2009.0,3969.38
DR5927,Low Sugar,Soft Drinks,OUT004,Medium,Tier 2,Supermarket Type2,13.25,0.091,111.71,2009.0,2864.96
FD3187,Low Sugar,Meat,OUT001,High,Tier 2,Supermarket Type1,14.78,0.119,152.48,1987.0,4044.94
FD1821,Regular,Snack Foods,OUT002,Small,Tier 3,Food Mart,11.29,0.047,72.58,1998.0,1622.3
FD410,Regular,Fruits and Vegetables,OUT004,Medium,Tier 2,Supermarket Type2,11.26,0.105,154.4,2009.0,2817.12
DR7895,Low Sugar,Soft Drinks,OUT002,Small,Tier 3,Food Mart,11.78,0.174,96.9,1998.0,2229.27
FD3331,Regular,Baking Goods,OUT004,Medium,Tier 2,Supermarket Type2,14.32,0.075,154.88,2009.0,3989.84
FD6349,Low Sugar,Breads,OUT004,Medium,Tier 2,Supermarket Type2,10.35,0.028,126.05,2009.0,2502.63
FD3940,Regular,Meat,OUT004,Medium,Tier 2,Supermarket Type2,13.15,0.056,134.82,2009.0,3316.22
FD266,Low Sugar,Baking Goods,OUT004,Medium,Tier 2,Supermarket Type2,10.69,0.039,155.64,2009.0,4603.38
FD4207,Regular,Baking Goods,OUT002,Small,Tier 3,Food Mart,7.27,0.025,129.68,1998.0,1882.37
DR5567,Low Sugar,Hard Drinks,OUT001,High,Tier 2,Supermarket Type1,13.68,0.041,196.53,1987.0,4697.71
FD5022,Low Sugar,Frozen Foods,OUT002,Small,Tier 3,Food Mart,9.45,0.057,102.98,1998.0,1828.81
FD7052,Low Sugar,Dairy,OUT001,High,Tier 2,Supermarket Type1,14.35,0.039,179.76,1987.0,4505.87
FD7339,Low Sugar,Fruits and Vegetables,OUT004,Medium,Tier 2,Supermarket Type2,12.57,0.036,143.09,2009.0,3353.73
NC6037,No Sugar,Health and Hygiene,OUT002,Small,Tier 3,Food Mart,10.25,0.128,115.45,1998.0,2263.13
FD6404,Regular,Canned,OUT004,Medium,Tier 2,Supermarket Type2,10.67,0.077,133.41,2009.0,2727.68
FD5953,Low Sugar,Frozen Foods,OUT002,Small,Tier 3,Food Mart,10.46,0.103,64.79,1998.0,1275.44
FD509,Low Sugar,Canned,OUT001,High,Tier 2,Supermarket Type1,8.34,0.056,78.84,1987.0,2753.6
DR5365,Low Sugar,Hard Drinks,OUT001,High,Tier 2,Supermarket Type1,11.66,0.12,106.36,1987.0,2397.29
FD8389,Low Sugar,Breads,OUT004,Medium,Tier 2,Supermarket Type2,12.53,0.072,148.53,2009.0,3455.23
FD3308,Regular,Frozen Foods,OUT002,Small,Tier 3,Food Mart,9.12,0.036,106.5,1998.0,1825.09
NC7681,No Sugar,Health and Hygiene,OUT004,Medium,Tier 2,Supermarket Type2,12.49,0.036,151.74,2009.0,3512.8
FD3107,Regular,Starchy Foods,OUT001,High,Tier 2,Supermarket Type1,10.3,0.089,118.94,1987.0,2345.7
NC4641,No Sugar,Health and Hygiene,OUT001,High,Tier 2,Supermarket Type1,13.94,0.022,191.19,1987.0,4648.49
FD2332,Low Sugar,Meat,OUT002,Small,Tier 3,Food Mart,11.32,0.014,93.11,1998.0,2049.75
FD341,Low Sugar,Fruits and Vegetables,OUT002,Small,Tier 3,Food Mart,13.97,0.039,104.49,1998.0,1008.8
FD5137,Low Sugar,Snack Foods,OUT002,Small,Tier 3,Food Mart,11.78,0.042,61.63,1998.0,1509.17
FD5475,Low Sugar,Meat,OUT001,High,Tier 2,Supermarket Type1,15.6,0.128,142.9,1987.0,4034.74
DR5252,Low Sugar,Hard Drinks,OUT004,Medium,Tier 2,Supermarket Type2,11.66,0.027,140.56,2009.0,3096.31
DR8588,Low Sugar,Hard Drinks,OUT004,Medium,Tier 2,Supermarket Type2,12.53,0.006,150.84,2009.0,3503.29
NC3555,No Sugar,Health and Hygiene,OUT004,Medium,Tier 2,Supermarket Type2,13.42,0.026,107.01,2009.0,2806.97
FD4924,Regular,Baking Goods,OUT002,Small,Tier 3,Food Mart,9.61,0.042,80.09,1998.0,1396.25
FD8067,Low Sugar,Baking Goods,OUT002,Small,Tier 3,Food Mart,11.25,0.142,101.79,1998.0,2209.58
FD3428,Low Sugar,Fruits and Vegetables,OUT004,Medium,Tier 2,Supermarket Type2,11.99,0.004,114.18,2009.0,2630.49
FD535,Low Sugar,Snack Foods,OUT002,Small,Tier 3,Food Mart,13.26,0.013,154.63,1998.0,1088.62
FD6445,Low Sugar,Dairy,OUT004,Medium,Tier 2,Supermarket Type2,9.52,0.014,165.41,2009.0,3122.13
FD7716,Regular,Fruits and Vegetables,OUT004,Medium,Tier 2,Supermarket Type2,15.75,0.066,126.59,2009.0,3733.96
FD7748,Low Sugar,Snack Foods,OUT004,Medium,Tier 2,Supermarket Type2,10.59,0.089,174.27,2009.0,3545.51
FD2935,Regular,Dairy,OUT004,Medium,Tier 2,Supermarket Type2,11.01,0.104,142.32,2009.0,2985.46
FD8602,Low Sugar,Frozen Foods,OUT004,Medium,Tier 2,Supermarket Type2,13.92,0.172,147.74,2009.0,3754.24
FD6181,Regular,Meat,OUT004,Medium,Tier 2,Supermarket Type2,10.97,0.016,138.24,2009.0,2892.79
FD357,Low Sugar,Baking Goods,OUT001,High,Tier 2,Supermarket Type1,14.46,0.149,183.73,1987.0,2782.73
FD2064,Regular,Snack Foods,OUT004,Medium,Tier 2,Supermarket Type2,15.09,0.077,131.45,2009.0,3685.37
FD3956,Low Sugar,Dairy,OUT004,Medium,Tier 2,Supermarket Type2,15.49,0.054,136.38,2009.0,3875.76
FD8360,Regular,Dairy,OUT004,Medium,Tier 2,Supermarket Type2,11.13,0.088,135.51,2009.0,2873.38
FD2894,Low Sugar,Fruits and Vegetables,OUT004,Medium,Tier 2,Supermarket Type2,12.89,0.034,138.77,2009.0,3337.42
FD1614,Regular,Fruits and Vegetables,OUT004,Medium,Tier 2,Supermarket Type2,10.21,0.025,139.46,2009.0,2745.84
FD2764,Low Sugar,Baking Goods,OUT004,Medium,Tier 2,Supermarket Type2,12.92,0.017,133.41,2009.0,3235.99
NC2743,No Sugar,Household,OUT004,Medium,Tier 2,Supermarket Type2,11.69,0.142,115.05,2009.0,2580.96
FD7443,Low Sugar,Dairy,OUT002,Small,Tier 3,Food Mart,9.55,0.127,121.5,1998.0,2228.55
DR6167,Low Sugar,Soft Drinks,OUT001,High,Tier 2,Supermarket Type1,14.09,0.021,79.15,1987.0,2389.08
DR2290,Low Sugar,Soft Drinks,OUT004,Medium,Tier 2,Supermarket Type2,12.53,0.039,155.82,2009.0,3604.26
DR5590,Low Sugar,Soft Drinks,OUT004,Medium,Tier 2,Supermarket Type2,11.65,0.063,154.33,2009.0,3376.47
FD2974,Low Sugar,Frozen Foods,OUT004,Medium,Tier 2,Supermarket Type2,12.11,0.105,135.19,2009.0,3089.44
FD566,Low Sugar,Meat,OUT004,Medium,Tier 2,Supermarket Type2,12.87,0.146,148.05,2009.0,3013.11
DR131,Low Sugar,Soft Drinks,OUT002,Small,Tier 3,Food Mart,12.57,0.036,136.27,1998.0,1124.44
FD3866,Low Sugar,Canned,OUT004,Medium,Tier 2,Supermarket Type2,14.88,0.026,139.44,2009.0,3801.97
NC3345,No Sugar,Household,OUT001,High,Tier 2,Supermarket Type1,14.41,0.082,163.96,1987.0,4197.53
FD1822,Regular,Fruits and Vegetables,OUT004,Medium,Tier 2,Supermarket Type2,8.5,0.061,176.63,2009.0,3120.48
FD3427,Low Sugar,Fruits and Vegetables,OUT001,High,Tier 2,Supermarket Type1,14.99,0.032,191.47,1987.0,4890.91
FD4244,Low Sugar,Canned,OUT004,Medium,Tier 2,Supermarket Type2,13.06,0.038,131.62,2009.0,3230.3
FD841,Low Sugar,Breakfast,OUT002,Small,Tier 3,Food Mart,8.43,0.053,110.29,1998.0,1748.02
FD4816,Regular,Canned,OUT002,Small,Tier 3,Food Mart,7.79,0.035,118.85,1998.0,1778.26
FD2355,Low Sugar,Meat,OUT004,Medium,Tier 2,Supermarket Type2,11.32,0.063,128.01,2009.0,2762.5
FD1384,Regular,Frozen Foods,OUT004,Medium,Tier 2,Supermarket Type2,10.81,0.027,166.85,2009.0,3441.73
FD3358,Low Sugar,Meat,OUT004,Medium,Tier 2,Supermarket Type2,12.56,0.084,126.16,2009.0,3005.68
FD7129,Low Sugar,Dairy,OUT004,Medium,Tier 2,Supermarket Type2,14.04,0.042,147.35,2009.0,3773.83
DR7204,Low Sugar,Soft Drinks,OUT004,Medium,Tier 2,Supermarket Type2,12.39,0.014,120.79,2009.0,2857.92
FD7514,Low Sugar,Fruits and Vegetables,OUT002,Small,Tier 3,Food Mart,10.93,0.037,107.15,1998.0,2248.58
FD7057,Regular,Fruits and Vegetables,OUT004,Medium,Tier 2,Supermarket Type2,12.78,0.016,119.09,2009.0,2909.66
FD8387,Regular,Breads,OUT004,Medium,Tier 2,Supermarket Type2,12.82,0.066,139.09,2009.0,3328.32
FD4970,Regular,Snack Foods,OUT004,Medium,Tier 2,Supermarket Type2,11.91,0.015,153.02,2009.0,3408.55
DR8483,Regular,Soft Drinks,OUT001,High,Tier 2,Supermarket Type1,16.32,0.018,174.02,1987.0,4833.61
FD1193,Regular,Meat,OUT004,Medium,Tier 2,Supermarket Type2,10.54,0.033,158.75,2009.0,3215.21
DR8216,Low Sugar,Soft Drinks,OUT004,Medium,Tier 2,Supermarket Type2,8.96,0.019,178.6,2009.0,3263.96
FD8497,Regular,Canned,OUT004,Medium,Tier 2,Supermarket Type2,10.76,0.017,174.58,2009.0,3589.29
FD4607,Low Sugar,Meat,OUT004,Medium,Tier 2,Supermarket Type2,11.29,0.029,151.79,2009.0,3242.31
FD5177,Low Sugar,Canned,OUT004,Medium,Tier 2,Supermarket Type2,13.86,0.053,143.94,2009.0,3663.5
NC1955,No Sugar,Household,OUT004,Medium,Tier 2,Supermarket Type2,9.52,0.029,139.47,2009.0,2589.75
FD5214,Low Sugar,Fruits and Vegetables,OUT004,Medium,Tier 2,Supermarket Type2,12.84,0.031,108.5,2009.0,2708.08
FD6475,Low Sugar,Fruits and Vegetables,OUT004,Medium,Tier 2,Supermarket Type2,13.63,0.032,141.17,2009.0,3554.44
FD5663,Low Sugar,Meat,OUT002,Small,Tier 3,Food Mart,10.3,0.082,97.08,1998.0,1899.6
FD6427,Regular,Snack Foods,OUT004,Medium,Tier 2,Supermarket Type2,12.04,0.078,144.72,2009.0,3267.3
FD331,Low Sugar,Snack Foods,OUT004,Medium,Tier 2,Supermarket Type2,11.88,0.099,164.6,2009.0,3077.61
FD8724,Low Sugar,Frozen Foods,OUT001,High,Tier 2,Supermarket Type1,13.23,0.019,175.13,1987.0,4158.06
FD1154,Regular,Snack Foods,OUT004,Medium,Tier 2,Supermarket Type2,14.34,0.14,114.4,2009.0,3167.01
FD3209,reg,Canned,OUT004,Medium,Tier 2,Supermarket Type2,13.59,0.039,133.49,2009.0,3388.09
FD8629,Low Sugar,Baking Goods,OUT004,Medium,Tier 2,Supermarket Type2,14.79,0.05,143.99,2009.0,3875.12
DR7982,Low Sugar,Soft Drinks,OUT002,Small,Tier 3,Food Mart,10.91,0.094,97.7,1998.0,2050.82
FD1693,Low Sugar,Frozen Foods,OUT001,High,Tier 2,Supermarket Type1,14.16,0.069,200.95,1987.0,4897.16
NC6384,No Sugar,Others,OUT004,Medium,Tier 2,Supermarket Type2,12.69,0.172,135.49,2009.0,3225.11
FD285,Low Sugar,Meat,OUT001,High,Tier 2,Supermarket Type1,11.85,0.016,200.43,1987.0,2310.46
FD6744,Regular,Fruits and Vegetables,OUT004,Medium,Tier 2,Supermarket Type2,13.21,0.026,120.97,2009.0,3045.08
NC3009,No Sugar,Others,OUT004,Medium,Tier 2,Supermarket Type2,11.07,0.031,136.57,2009.0,2882.67
FD6467,Regular,Canned,OUT004,Medium,Tier 2,Supermarket Type2,12.94,0.028,114.81,2009.0,2858.69
FD2678,Low Sugar,Snack Foods,OUT004,Medium,Tier 2,Supermarket Type2,13.54,0.1,154.55,2009.0,3808.62
FD7641,Low Sugar,Fruits and Vegetables,OUT004,Medium,Tier 2,Supermarket Type2,11.92,0.053,138.27,2009.0,3109.47
FD2460,Regular,Fruits and Vegetables,OUT004,Medium,Tier 2,Supermarket Type2,11.43,0.031,137.66,2009.0,2984.41
FD5242,Low Sugar,Fruits and Vegetables,OUT002,Small,Tier 3,Food Mart,9.61,0.015,119.13,1998.0,2195.62
FD662,Regular,Meat,OUT001,High,Tier 2,Supermarket Type1,14.23,0.063,190.67,1987.0,4701.95
FD7607,Regular,Frozen Foods,OUT004,Medium,Tier 2,Supermarket Type2,12.32,0.053,173.75,2009.0,3924.54
FD4102,Regular,Fruits and Vegetables,OUT004,Medium,Tier 2,Supermarket Type2,12.51,0.021,163.98,2009.0,3768.51
FD5731,Low Sugar,Dairy,OUT001,High,Tier 2,Supermarket Type1,10.18,0.034,119.16,1987.0,2325.24
FD2202,Low Sugar,Baking Goods,OUT004,Medium,Tier 2,Supermarket Type2,12.89,0.154,120.58,2009.0,2965.95
FD3960,Low Sugar,Frozen Foods,OUT001,High,Tier 2,Supermarket Type1,15.54,0.013,181.76,1987.0,4816.66
FD6031,Low Sugar,Snack Foods,OUT004,Medium,Tier 2,Supermarket Type2,13.74,0.085,150.93,2009.0,3779.23
FD7250,Low Sugar,Dairy,OUT004,Medium,Tier 2,Supermarket Type2,12.13,0.023,159.75,2009.0,3595.73
FD3066,Low Sugar,Canned,OUT001,High,Tier 2,Supermarket Type1,12.48,0.021,183.1,1987.0,4151.57
FD5855,Low Sugar,Fruits and Vegetables,OUT004,Medium,Tier 2,Supermarket Type2,9.6,0.033,144.63,2009.0,2714.28
NC6397,No Sugar,Others,OUT004,Medium,Tier 2,Supermarket Type2,14.24,0.098,141.9,2009.0,3707.77
FD5482,Low Sugar,Baking Goods,OUT002,Small,Tier 3,Food Mart,8.34,0.069,124.99,1998.0,2026.86
FD3032,Low Sugar,Snack Foods,OUT001,High,Tier 2,Supermarket Type1,15.26,0.079,146.43,1987.0,4029.7
FD5466,Low Sugar,Dairy,OUT004,Medium,Tier 2,Supermarket Type2,11.95,0.036,122.77,2009.0,2797.89
FD2178,Regular,Canned,OUT004,Medium,Tier 2,Supermarket Type2,15.29,0.12,140.61,2009.0,3918.26
FD6782,Low Sugar,Fruits and Vegetables,OUT004,Medium,Tier 2,Supermarket Type2,11.52,0.015,141.18,2009.0,3078.6
NC7553,No Sugar,Health and Hygiene,OUT004,Medium,Tier 2,Supermarket Type2,12.68,0.024,140.13,2009.0,3317.08
FD6341,Regular,Meat,OUT004,Medium,Tier 2,Supermarket Type2,12.47,0.064,156.27,2009.0,3600.04
FD5028,Regular,Baking Goods,OUT001,High,Tier 2,Supermarket Type1,13.42,0.178,169.58,1987.0,4088.08
FD6822,Low Sugar,Meat,OUT004,Medium,Tier 2,Supermarket Type2,13.3,0.11,103.39,2009.0,2705.73
FD8247,Low Sugar,Meat,OUT004,Medium,Tier 2,Supermarket Type2,12.07,0.077,131.58,2009.0,3004.57
NC2553,No Sugar,Household,OUT004,Medium,Tier 2,Supermarket Type2,13.12,0.038,148.43,2009.0,3587.48
FD3667,Low Sugar,Fruits and Vegetables,OUT001,High,Tier 2,Supermarket Type1,15.45,0.033,172.22,1987.0,4600.06
FD7770,Regular,Canned,OUT004,Medium,Tier 2,Supermarket Type2,11.11,0.015,133.07,2009.0,2818.89
FD8114,Low Sugar,Meat,OUT004,Medium,Tier 2,Supermarket Type2,11.36,0.039,138.6,2009.0,2989.5
FD6612,Regular,Fruits and Vegetables,OUT004,Medium,Tier 2,Supermarket Type2,13.05,0.071,133.57,2009.0,3268.3
FD3800,Low Sugar,Meat,OUT002,Small,Tier 3,Food Mart,8.44,0.151,127.75,1998.0,2107.28
FD6769,Low Sugar,Frozen Foods,OUT004,Medium,Tier 2,Supermarket Type2,10.72,0.043,152.56,2009.0,3129.94
FD5456,Regular,Snack Foods,OUT004,Medium,Tier 2,Supermarket Type2,11.13,0.117,131.69,2009.0,2795.96
NC6316,No Sugar,Health and Hygiene,OUT002,Small,Tier 3,Food Mart,9.92,0.141,94.98,1998.0,1769.82
FD4021,Low Sugar,Dairy,OUT004,Medium,Tier 2,Supermarket Type2,12.26,0.157,133.14,2009.0,3079.25
DR5630,Low Sugar,Soft Drinks,OUT004,Medium,Tier 2,Supermarket Type2,11.33,0.141,158.86,2009.0,3396.98
NC2358,No Sugar,Household,OUT004,Medium,Tier 2,Supermarket Type2,17.02,0.027,124.67,2009.0,3983.6
NC4579,No Sugar,Health and Hygiene,OUT004,Medium,Tier 2,Supermarket Type2,11.87,0.073,164.44,2009.0,3633.39
FD6705,Low Sugar,Canned,OUT004,Medium,Tier 2,Supermarket Type2,10.67,0.079,124.92,2009.0,2552.85
FD7921,Regular,Snack Foods,OUT002,Small,Tier 3,Food Mart,8.86,0.015,126.89,1998.0,2183.5
DR8075,Regular,Soft Drinks,OUT004,Medium,Tier 2,Supermarket Type2,13.45,0.076,145.41,2009.0,3600.16
DR7802,Low Sugar,Soft Drinks,OUT002,Small,Tier 3,Food Mart,11.06,0.014,85.09,1998.0,1826.98
FD1239,Low Sugar,Fruits and Vegetables,OUT004,Medium,Tier 2,Supermarket Type2,14.62,0.033,147.64,2009.0,3909.34
FD1261,Low Sugar,Meat,OUT004,Medium,Tier 2,Supermarket Type2,11.76,0.172,156.41,2009.0,3443.71
FD621,Regular,Canned,OUT002,Small,Tier 3,Food Mart,10.68,0.103,110.65,1998.0,2262.47
FD4888,Low Sugar,Dairy,OUT001,High,Tier 2,Supermarket Type1,11.5,0.095,186.75,1987.0,4005.73
FD2018,Low Sugar,Snack Foods,OUT004,Medium,Tier 2,Supermarket Type2,13.86,0.032,149.76,2009.0,3781.32
FD1342,Low Sugar,Baking Goods,OUT004,Medium,Tier 2,Supermarket Type2,12.24,0.151,121.0,2009.0,2828.08
FD630,Low Sugar,Meat,OUT001,High,Tier 2,Supermarket Type1,12.7,0.108,99.65,1987.0,2495.16
NC4526,No Sugar,Health and Hygiene,OUT004,Medium,Tier 2,Supermarket Type2,12.34,0.087,156.41,2009.0,3573.63
NC7184,No Sugar,Health and Hygiene,OUT002,Small,Tier 3,Food Mart,7.91,0.119,122.78,1998.0,1885.31
FD2550,Low Sugar,Fruits and Vegetables,OUT004,Medium,Tier 2,Supermarket Type2,11.79,0.023,154.96,2009.0,3420.41
FD3224,Low Sugar,Dairy,OUT004,Medium,Tier 2,Supermarket Type2,12.53,0.042,165.88,2009.0,3811.02
FD2784,Regular,Canned,OUT001,High,Tier 2,Supermarket Type1,10.64,0.178,120.48,1987.0,2456.1
FD3386,Low Sugar,Baking Goods,OUT004,Medium,Tier 2,Supermarket Type2,9.86,0.061,157.14,2009.0,3029.46
FD3796,Low Sugar,Snack Foods,OUT004,Medium,Tier 2,Supermarket Type2,14.96,0.104,127.2,2009.0,3568.44
NC7795,No Sugar,Others,OUT004,Medium,Tier 2,Supermarket Type2,10.82,0.165,124.54,2009.0,2578.88
FD1474,Regular,Canned,OUT002,Small,Tier 3,Food Mart,9.96,0.047,118.1,1998.0,2252.01
FD6976,Low Sugar,Baking Goods,OUT001,High,Tier 2,Supermarket Type1,12.8,0.046,177.69,1987.0,4113.94
FD1511,Low Sugar,Meat,OUT004,Medium,Tier 2,Supermarket Type2,10.76,0.019,190.45,2009.0,3914.26
FD166,Regular,Frozen Foods,OUT004,Medium,Tier 2,Supermarket Type2,12.06,0.017,139.54,2009.0,4409.76
FD2005,Regular,Fruits and Vegetables,OUT001,High,Tier 2,Supermarket Type1,15.46,0.042,185.91,1987.0,4882.78
FD3870,Regular,Frozen Foods,OUT001,High,Tier 2,Supermarket Type1,10.89,0.142,112.77,1987.0,2354.38
NC1685,No Sugar,Health and Hygiene,OUT004,Medium,Tier 2,Supermarket Type2,13.94,0.034,128.21,2009.0,3358.39
FD5192,Regular,Canned,OUT004,Medium,Tier 2,Supermarket Type2,12.6,0.131,164.77,2009.0,3804.32
FD6745,Low Sugar,Fruits and Vegetables,OUT004,Medium,Tier 2,Supermarket Type2,9.26,0.03,177.67,2009.0,3314.35
FD4851,Regular,Fruits and Vegetables,OUT001,High,Tier 2,Supermarket Type1,13.45,0.092,169.24,1987.0,4087.34
FD3618,Low Sugar,Canned,OUT002,Small,Tier 3,Food Mart,5.13,0.066,137.69,1998.0,1561.06
FD5525,Low Sugar,Fruits and Vegetables,OUT004,Medium,Tier 2,Supermarket Type2,12.08,0.034,131.77,2009.0,3011.49
FD3675,Regular,Canned,OUT004,Medium,Tier 2,Supermarket Type2,11.35,0.063,136.51,2009.0,2943.26
FD6940,Low Sugar,Dairy,OUT002,Small,Tier 3,Food Mart,9.48,0.027,87.64,1998.0,1522.14
FD3895,Low Sugar,Fruits and Vegetables,OUT002,Small,Tier 3,Food Mart,10.42,0.032,103.85,1998.0,2065.91
FD2668,Low Sugar,Dairy,OUT004,Medium,Tier 2,Supermarket Type2,14.37,0.154,126.74,2009.0,3426.76
FD4352,Low Sugar,Meat,OUT001,High,Tier 2,Supermarket Type1,11.17,0.035,107.26,1987.0,2303.38
FD2628,Low Sugar,Fruits and Vegetables,OUT004,Medium,Tier 2,Supermarket Type2,10.85,0.036,125.42,2009.0,2603.19
FD6548,Regular,Canned,OUT004,Medium,Tier 2,Supermarket Type2,12.28,0.137,137.83,2009.0,3179.9
FD2999,Low Sugar,Fruits and Vegetables,OUT001,High,Tier 2,Supermarket Type1,13.73,0.137,192.14,1987.0,4620.9
FD3878,Low Sugar,Fruits and Vegetables,OUT004,Medium,Tier 2,Supermarket Type2,10.15,0.032,135.64,2009.0,2653.52
FD178,Low Sugar,Starchy Foods,OUT004,Medium,Tier 2,Supermarket Type2,11.24,0.044,134.05,2009.0,4194.9
FD7980,Regular,Canned,OUT004,Medium,Tier 2,Supermarket Type2,12.87,0.047,107.83,2009.0,2699.65
DR4561,Low Sugar,Soft Drinks,OUT004,Medium,Tier 2,Supermarket Type2,13.89,0.064,123.74,2009.0,3255.41
FD8170,Regular,Frozen Foods,OUT002,Small,Tier 3,Food Mart,9.67,0.093,114.76,1998.0,2119.56
FD7964,Regular,Fruits and Vegetables,OUT004,Medium,Tier 2,Supermarket Type2,13.7,0.03,147.42,2009.0,3697.17
NC4549,No Sugar,Household,OUT002,Small,Tier 3,Food Mart,7.33,0.031,83.2,1998.0,944.3
FD8632,Low Sugar,Snack Foods,OUT004,Medium,Tier 2,Supermarket Type2,14.74,0.037,129.17,2009.0,3558.7
FD7852,Low Sugar,Snack Foods,OUT004,Medium,Tier 2,Supermarket Type2,13.87,0.115,157.91,2009.0,3950.89
FD6279,Low Sugar,Canned,OUT004,Medium,Tier 2,Supermarket Type2,10.92,0.295,157.14,2009.0,3269.1
FD2970,Low Sugar,Baking Goods,OUT001,High,Tier 2,Supermarket Type1,14.21,0.083,158.74,1987.0,4044.34
FD7030,Regular,Dairy,OUT004,Medium,Tier 2,Supermarket Type2,13.06,0.098,135.29,2009.0,3304.54
FD495,Regular,Fruits and Vegetables,OUT002,Small,Tier 3,Food Mart,8.71,0.018,121.69,1998.0,775.74
FD3095,Low Sugar,Snack Foods,OUT004,Medium,Tier 2,Supermarket Type2,11.63,0.04,152.7,2009.0,3339.1
NC3583,No Sugar,Health and Hygiene,OUT004,Medium,Tier 2,Supermarket Type2,10.42,0.091,155.82,2009.0,3128.43
FD4007,Low Sugar,Breakfast,OUT002,Small,Tier 3,Food Mart,10.34,0.292,81.19,1998.0,1584.06
DR5908,Low Sugar,Soft Drinks,OUT004,Medium,Tier 2,Supermarket Type2,12.8,0.094,117.73,2009.0,2886.67
FD309,Low Sugar,Frozen Foods,OUT004,Medium,Tier 2,Supermarket Type2,11.87,0.058,140.58,2009.0,4479.13
FD5937,Regular,Snack Foods,OUT001,High,Tier 2,Supermarket Type1,14.4,0.039,182.76,1987.0,4578.16
NC8400,No Sugar,Household,OUT004,Medium,Tier 2,Supermarket Type2,13.68,0.157,159.11,2009.0,3931.97
FD3353,Regular,Canned,OUT004,Medium,Tier 2,Supermarket Type2,10.71,0.176,160.48,2009.0,3289.4
FD4698,Low Sugar,Baking Goods,OUT004,Medium,Tier 2,Supermarket Type2,13.61,0.022,131.96,2009.0,3361.72
NC8467,No Sugar,Household,OUT004,Medium,Tier 2,Supermarket Type2,13.74,0.149,157.19,2009.0,3907.49
NC2285,No Sugar,Others,OUT001,High,Tier 2,Supermarket Type1,14.95,0.048,148.96,1987.0,4011.54
FD6093,Regular,Meat,OUT001,High,Tier 2,Supermarket Type1,12.7,0.034,178.53,1987.0,4108.21
FD4913,Low Sugar,Meat,OUT004,Medium,Tier 2,Supermarket Type2,13.01,0.14,141.23,2009.0,3415.63
FD2361,Regular,Snack Foods,OUT001,High,Tier 2,Supermarket Type1,10.63,0.061,120.25,1987.0,2447.73
FD4989,Low Sugar,Fruits and Vegetables,OUT002,Small,Tier 3,Food Mart,9.8,0.142,97.05,1998.0,1786.52
FD3742,Low Sugar,Baking Goods,OUT004,Medium,Tier 2,Supermarket Type2,12.57,0.052,119.79,2009.0,2876.45
FD7499,Low Sugar,Breads,OUT002,Small,Tier 3,Food Mart,11.44,0.038,99.71,1998.0,2211.86
FD5355,Regular,Fruits and Vegetables,OUT001,High,Tier 2,Supermarket Type1,14.45,0.037,161.2,1987.0,4148.4
FD2951,Regular,Canned,OUT004,Medium,Tier 2,Supermarket Type2,8.88,0.021,156.71,2009.0,2797.91
NC964,No Sugar,Household,OUT001,High,Tier 2,Supermarket Type1,16.35,0.086,142.58,1987.0,4196.67
FD6119,Regular,Meat,OUT001,High,Tier 2,Supermarket Type1,13.98,0.034,162.36,1987.0,4066.13
DR6690,Regular,Soft Drinks,OUT001,High,Tier 2,Supermarket Type1,12.13,0.034,100.6,1987.0,2385.76
FD1476,Low Sugar,Canned,OUT004,Medium,Tier 2,Supermarket Type2,12.04,0.059,156.28,2009.0,3503.79
NC2926,No Sugar,Health and Hygiene,OUT002,Small,Tier 3,Food Mart,8.73,0.083,114.76,1998.0,1906.66
FD864,Low Sugar,Snack Foods,OUT004,Medium,Tier 2,Supermarket Type2,12.77,0.019,117.92,2009.0,2884.77
NC145,No Sugar,Health and Hygiene,OUT004,Medium,Tier 2,Supermarket Type2,15.45,0.058,115.99,2009.0,2152.78
DR3719,Regular,Soft Drinks,OUT001,High,Tier 2,Supermarket Type1,15.71,0.143,169.1,1987.0,4594.73
FD2836,Regular,Baking Goods,OUT001,High,Tier 2,Supermarket Type1,11.34,0.03,113.49,1987.0,2469.37
FD1972,Low Sugar,Dairy,OUT004,Medium,Tier 2,Supermarket Type2,12.74,0.044,126.42,2009.0,3051.21
FD8184,Low Sugar,Baking Goods,OUT001,High,Tier 2,Supermarket Type1,12.89,0.061,174.88,1987.0,4075.95
FD2845,Low Sugar,Snack Foods,OUT002,Small,Tier 3,Food Mart,7.86,0.027,110.26,1998.0,1617.5
DR4858,Regular,Soft Drinks,OUT004,Medium,Tier 2,Supermarket Type2,12.92,0.137,106.24,2009.0,2679.83
FD4664,Low Sugar,Snack Foods,OUT001,High,Tier 2,Supermarket Type1,13.96,0.01,166.25,1987.0,4142.8
FD1907,Low Sugar,Snack Foods,OUT004,Medium,Tier 2,Supermarket Type2,11.92,0.028,176.11,2009.0,3882.25
FD4952,Low Sugar,Dairy,OUT004,Medium,Tier 2,Supermarket Type2,12.78,0.045,155.31,2009.0,3651.06
FD8279,Regular,Breakfast,OUT004,Medium,Tier 2,Supermarket Type2,12.95,0.032,106.82,2009.0,2698.74
FD2037,Regular,Meat,OUT004,Medium,Tier 2,Supermarket Type2,13.42,0.011,97.93,2009.0,2623.0
FD4891,Low Sugar,Frozen Foods,OUT002,Small,Tier 3,Food Mart,10.56,0.038,97.45,1998.0,1966.72
NC4500,No Sugar,Health and Hygiene,OUT001,High,Tier 2,Supermarket Type1,13.1,0.142,194.13,1987.0,4517.8
FD878,Low Sugar,Baking Goods,OUT004,Medium,Tier 2,Supermarket Type2,10.82,0.035,150.24,2009.0,3105.23
FD6499,Low Sugar,Baking Goods,OUT004,Medium,Tier 2,Supermarket Type2,10.45,0.058,138.45,2009.0,2779.67
FD7595,Low Sugar,Baking Goods,OUT004,Medium,Tier 2,Supermarket Type2,12.03,0.104,168.73,2009.0,3755.73
FD3487,Regular,Dairy,OUT004,Medium,Tier 2,Supermarket Type2,13.44,0.016,158.08,2009.0,3856.91
FD7371,Low Sugar,Breads,OUT001,High,Tier 2,Supermarket Type1,9.33,0.056,136.9,1987.0,2494.48
FD7948,Low Sugar,Frozen Foods,OUT001,High,Tier 2,Supermarket Type1,10.5,0.147,119.81,1987.0,2409.94
NC7742,No Sugar,Household,OUT004,Medium,Tier 2,Supermarket Type2,15.33,0.136,137.86,2009.0,3871.23
DR3096,Low Sugar,Hard Drinks,OUT004,Medium,Tier 2,Supermarket Type2,13.62,0.085,91.51,2009.0,2535.01
DR7360,Low Sugar,Hard Drinks,OUT004,Medium,Tier 2,Supermarket Type2,13.44,0.011,153.62,2009.0,3765.08
FD7707,reg,Dairy,OUT004,Medium,Tier 2,Supermarket Type2,10.81,0.144,134.48,2009.0,2780.44
FD8073,Low Sugar,Frozen Foods,OUT004,Medium,Tier 2,Supermarket Type2,13.9,0.042,143.41,2009.0,3661.27
FD1707,Regular,Snack Foods,OUT004,Medium,Tier 2,Supermarket Type2,12.91,0.024,162.0,2009.0,3818.14
FD4719,Low Sugar,Snack Foods,OUT004,Medium,Tier 2,Supermarket Type2,11.51,0.041,151.54,2009.0,3287.16
FD7251,Regular,Fruits and Vegetables,OUT004,Medium,Tier 2,Supermarket Type2,12.3,0.018,135.69,2009.0,3140.84
FD4597,Low Sugar,Baking Goods,OUT004,Medium,Tier 2,Supermarket Type2,11.4,0.048,143.79,2009.0,3103.01
NC4287,No Sugar,Household,OUT004,Medium,Tier 2,Supermarket Type2,11.94,0.138,176.77,2009.0,3900.37
FD3823,Regular,Fruits and Vegetables,OUT004,Medium,Tier 2,Supermarket Type2,14.21,0.035,127.81,2009.0,3412.28
FD8209,Low Sugar,Fruits and Vegetables,OUT004,Medium,Tier 2,Supermarket Type2,12.9,0.036,97.93,2009.0,2504.38
NC8110,No Sugar,Health and Hygiene,OUT004,Medium,Tier 2,Supermarket Type2,12.63,0.045,156.96,2009.0,3652.13
FD459,Low Sugar,Canned,OUT004,Medium,Tier 2,Supermarket Type2,10.52,0.079,181.03,2009.0,5086.07
NC6146,No Sugar,Household,OUT004,Medium,Tier 2,Supermarket Type2,10.57,0.047,137.25,2009.0,2783.32
FD7886,Low Sugar,Fruits and Vegetables,OUT001,High,Tier 2,Supermarket Type1,16.28,0.13,161.79,1987.0,4575.31
NC1465,No Sugar,Others,OUT004,Medium,Tier 2,Supermarket Type2,12.85,0.049,113.8,2009.0,2817.67
FD347,Low Sugar,Fruits and Vegetables,OUT001,High,Tier 2,Supermarket Type1,13.96,0.176,161.83,1987.0,3386.47
FD7336,Low Sugar,Baking Goods,OUT004,Medium,Tier 2,Supermarket Type2,11.17,0.021,139.06,2009.0,2954.39
FD3321,Low Sugar,Dairy,OUT001,High,Tier 2,Supermarket Type1,9.08,0.012,137.71,1987.0,2455.14
FD7137,reg,Meat,OUT004,Medium,Tier 2,Supermarket Type2,10.77,0.083,180.96,2009.0,3722.83
FD8126,Low Sugar,Breads,OUT004,Medium,Tier 2,Supermarket Type2,13.14,0.14,154.86,2009.0,3724.61
FD5263,Regular,Dairy,OUT001,High,Tier 2,Supermarket Type1,14.24,0.071,157.54,1987.0,4026.95
FD8006,Low Sugar,Frozen Foods,OUT001,High,Tier 2,Supermarket Type1,13.89,0.027,190.39,1987.0,4619.19
NC2171,No Sugar,Household,OUT001,High,Tier 2,Supermarket Type1,11.47,0.104,104.69,1987.0,2320.38
FD6484,Regular,Baking Goods,OUT004,Medium,Tier 2,Supermarket Type2,9.89,0.012,131.75,2009.0,2515.9
FD2352,Low Sugar,Baking Goods,OUT004,Medium,Tier 2,Supermarket Type2,14.82,0.027,119.5,2009.0,3380.37
NC272,No Sugar,Health and Hygiene,OUT004,Medium,Tier 2,Supermarket Type2,14.61,0.019,114.54,2009.0,5419.82
FD3396,Low Sugar,Dairy,OUT004,Medium,Tier 2,Supermarket Type2,12.4,0.055,112.74,2009.0,2695.15
FD1992,Low Sugar,Breads,OUT004,Medium,Tier 2,Supermarket Type2,11.93,0.058,119.61,2009.0,2728.9
FD7913,Low Sugar,Fruits and Vegetables,OUT004,Medium,Tier 2,Supermarket Type2,13.04,0.07,166.3,2009.0,3935.01
FD2537,Low Sugar,Frozen Foods,OUT001,High,Tier 2,Supermarket Type1,14.51,0.067,182.65,1987.0,4600.85
NC5755,No Sugar,Health and Hygiene,OUT004,Medium,Tier 2,Supermarket Type2,9.88,0.03,161.65,2009.0,3125.71
NC3254,No Sugar,Health and Hygiene,OUT004,Medium,Tier 2,Supermarket Type2,14.08,0.048,121.62,2009.0,3256.49
FD5208,Low Sugar,Meat,OUT004,Medium,Tier 2,Supermarket Type2,12.62,0.055,149.6,2009.0,3497.55
FD3407,Regular,Fruits and Vegetables,OUT004,Medium,Tier 2,Supermarket Type2,11.36,0.195,116.67,2009.0,2540.46
FD5281,Low Sugar,Fruits and Vegetables,OUT004,Medium,Tier 2,Supermarket Type2,11.02,0.023,135.55,2009.0,2849.74
FD5674,Low Sugar,Canned,OUT004,Medium,Tier 2,Supermarket Type2,13.01,0.077,168.09,2009.0,3964.78
FD1876,Low Sugar,Fruits and Vegetables,OUT004,Medium,Tier 2,Supermarket Type2,13.33,0.129,144.62,2009.0,3557.11
FD7589,Low Sugar,Baking Goods,OUT004,Medium,Tier 2,Supermarket Type2,12.08,0.076,168.72,2009.0,3767.34
FD7590,Low Sugar,Breads,OUT004,Medium,Tier 2,Supermarket Type2,10.88,0.048,143.6,2009.0,2983.21
FD2085,Regular,Fruits and Vegetables,OUT004,Medium,Tier 2,Supermarket Type2,13.02,0.027,141.9,2009.0,3431.78
FD8529,Low Sugar,Meat,OUT004,Medium,Tier 2,Supermarket Type2,11.72,0.022,133.1,2009.0,2956.82
FD1354,reg,Starchy Foods,OUT004,Medium,Tier 2,Supermarket Type2,12.09,0.023,154.35,2009.0,3476.8
FD7221,Regular,Frozen Foods,OUT001,High,Tier 2,Supermarket Type1,14.91,0.08,157.23,1987.0,4173.26
FD5498,Regular,Baking Goods,OUT004,Medium,Tier 2,Supermarket Type2,11.84,0.164,127.81,2009.0,2877.27
FD5656,Low Sugar,Frozen Foods,OUT004,Medium,Tier 2,Supermarket Type2,13.33,0.174,112.98,2009.0,2909.88
FD7571,Low Sugar,Starchy Foods,OUT001,High,Tier 2,Supermarket Type1,8.93,0.047,139.71,1987.0,2462.46
FD7963,Regular,Dairy,OUT004,Medium,Tier 2,Supermarket Type2,12.95,0.162,157.08,2009.0,3725.81
FD4164,Low Sugar,Meat,OUT004,Medium,Tier 2,Supermarket Type2,12.54,0.045,172.34,2009.0,3946.6
NC2416,No Sugar,Others,OUT002,Small,Tier 3,Food Mart,8.11,0.039,76.87,1998.0,990.03
FD5200,Low Sugar,Fruits and Vegetables,OUT004,Medium,Tier 2,Supermarket Type2,11.51,0.038,143.04,2009.0,3113.1
NC92,No Sugar,Household,OUT004,Medium,Tier 2,Supermarket Type2,12.24,0.094,122.26,2009.0,2915.92
FD956,Low Sugar,Snack Foods,OUT004,Medium,Tier 2,Supermarket Type2,10.87,0.033,160.36,2009.0,3322.13
FD7533,Regular,Snack Foods,OUT004,Medium,Tier 2,Supermarket Type2,14.18,0.047,119.22,2009.0,3228.93
FD4260,Low Sugar,Canned,OUT004,Medium,Tier 2,Supermarket Type2,11.83,0.043,153.74,2009.0,3404.16
DR4626,Regular,Hard Drinks,OUT002,Small,Tier 3,Food Mart,9.15,0.106,104.7,1998.0,1795.31
DR2830,Regular,Soft Drinks,OUT001,High,Tier 2,Supermarket Type1,10.5,0.035,117.21,1987.0,2357.33
DR4521,Low Sugar,Soft Drinks,OUT004,Medium,Tier 2,Supermarket Type2,12.16,0.024,139.22,2009.0,3181.12
FD8518,Low Sugar,Dairy,OUT004,Medium,Tier 2,Supermarket Type2,13.3,0.13,150.3,2009.0,3665.93
FD8282,Regular,Snack Foods,OUT004,Medium,Tier 2,Supermarket Type2,13.49,0.03,156.83,2009.0,3841.97
FD3855,Regular,Fruits and Vegetables,OUT004,Medium,Tier 2,Supermarket Type2,13.54,0.084,157.19,2009.0,3860.77
FD6722,Low Sugar,Canned,OUT004,Medium,Tier 2,Supermarket Type2,11.78,0.023,171.33,2009.0,3753.94
DR3447,Low Sugar,Soft Drinks,OUT004,Medium,Tier 2,Supermarket Type2,12.18,0.061,154.25,2009.0,3494.03
FD2200,Low Sugar,Dairy,OUT004,Medium,Tier 2,Supermarket Type2,11.24,0.128,153.2,2009.0,3259.92
FD3285,Low Sugar,Snack Foods,OUT004,Medium,Tier 2,Supermarket Type2,11.36,0.058,173.62,2009.0,3704.5
FD5009,Low Sugar,Dairy,OUT002,Small,Tier 3,Food Mart,9.83,0.131,92.19,1998.0,1693.14
DR5346,Regular,Soft Drinks,OUT004,Medium,Tier 2,Supermarket Type2,11.85,0.03,128.03,2009.0,2882.75
DR6329,Low Sugar,Soft Drinks,OUT004,Medium,Tier 2,Supermarket Type2,12.94,0.027,120.3,2009.0,2971.58
FD7998,Regular,Canned,OUT002,Small,Tier 3,Food Mart,8.18,0.065,110.71,1998.0,1700.16
NC391,No Sugar,Household,OUT001,High,Tier 2,Supermarket Type1,14.82,0.052,188.3,1987.0,4190.58
FD7708,Low Sugar,Frozen Foods,OUT004,Medium,Tier 2,Supermarket Type2,13.23,0.061,127.23,2009.0,3177.67
FD1989,Low Sugar,Frozen Foods,OUT004,Medium,Tier 2,Supermarket Type2,11.89,0.089,161.22,2009.0,3571.13
FD5370,Regular,Baking Goods,OUT002,Small,Tier 3,Food Mart,9.0,0.021,103.73,1998.0,1742.92
FD1984,Low Sugar,Snack Foods,OUT004,Medium,Tier 2,Supermarket Type2,13.23,0.061,129.3,2009.0,3222.07
FD4221,Low Sugar,Snack Foods,OUT004,Medium,Tier 2,Supermarket Type2,10.49,0.032,127.63,2009.0,2567.98
FD1723,Low Sugar,Dairy,OUT004,Medium,Tier 2,Supermarket Type2,10.99,0.015,135.33,2009.0,2838.7
FD6436,Low Sugar,Fruits and Vegetables,OUT004,Medium,Tier 2,Supermarket Type2,11.5,0.128,132.55,2009.0,2896.89
FD7190,Low Sugar,Fruits and Vegetables,OUT002,Small,Tier 3,Food Mart,11.82,0.128,98.36,1998.0,2269.01
FD6345,Low Sugar,Fruits and Vegetables,OUT004,Medium,Tier 2,Supermarket Type2,11.48,0.121,135.07,2009.0,2943.18
FD5548,Low Sugar,Meat,OUT004,Medium,Tier 2,Supermarket Type2,11.14,0.038,120.31,2009.0,2564.36
FD5881,Regular,Snack Foods,OUT002,Small,Tier 3,Food Mart,10.39,0.021,103.17,1998.0,2044.81
FD4633,Low Sugar,Fruits and Vegetables,OUT004,Medium,Tier 2,Supermarket Type2,14.35,0.111,136.93,2009.0,3630.27
FD3992,Low Sugar,Frozen Foods,OUT002,Small,Tier 3,Food Mart,9.52,0.072,110.05,1998.0,1989.07
FD5966,Regular,Snack Foods,OUT004,Medium,Tier 2,Supermarket Type2,11.55,0.023,119.89,2009.0,2648.75
FD5518,Low Sugar,Fruits and Vegetables,OUT004,Medium,Tier 2,Supermarket Type2,12.2,0.084,134.65,2009.0,3097.45
FD3094,Low Sugar,Canned,OUT004,Medium,Tier 2,Supermarket Type2,12.57,0.152,156.22,2009.0,3622.6
FD3239,Low Sugar,Starchy Foods,OUT001,High,Tier 2,Supermarket Type1,15.34,0.104,176.23,1987.0,4656.88
FD6604,Regular,Meat,OUT001,High,Tier 2,Supermarket Type1,15.17,0.092,182.35,1987.0,4744.18
NC4301,No Sugar,Health and Hygiene,OUT004,Medium,Tier 2,Supermarket Type2,11.73,0.059,168.41,2009.0,3681.62
DR3415,Low Sugar,Soft Drinks,OUT004,Medium,Tier 2,Supermarket Type2,12.07,0.015,151.64,2009.0,3415.8
FD3881,Low Sugar,Baking Goods,OUT004,Medium,Tier 2,Supermarket Type2,11.85,0.073,135.85,2009.0,3043.0
FD8616,Low Sugar,Snack Foods,OUT001,High,Tier 2,Supermarket Type1,16.6,0.116,165.19,1987.0,4717.55
FD6587,Low Sugar,Snack Foods,OUT002,Small,Tier 3,Food Mart,9.75,0.009,116.15,1998.0,2165.05
FD6739,Low Sugar,Meat,OUT004,Medium,Tier 2,Supermarket Type2,11.42,0.034,156.9,2009.0,3376.55
DR2896,Low Sugar,Hard Drinks,OUT004,Medium,Tier 2,Supermarket Type2,12.2,0.039,118.88,2009.0,2774.96
FD5996,Low Sugar,Fruits and Vegetables,OUT004,Medium,Tier 2,Supermarket Type2,13.31,0.066,162.29,2009.0,3914.8
NC4620,No Sugar,Household,OUT004,Medium,Tier 2,Supermarket Type2,12.79,0.076,136.98,2009.0,3279.14
FD3608,Low Sugar,Baking Goods,OUT004,Medium,Tier 2,Supermarket Type2,12.1,0.085,155.02,2009.0,3491.13
FD6215,Regular,Fruits and Vegetables,OUT004,Medium,Tier 2,Supermarket Type2,13.13,0.064,142.72,2009.0,3472.38
FD8023,Low Sugar,Fruits and Vegetables,OUT002,Small,Tier 3,Food Mart,10.1,0.006,117.76,1998.0,2277.36
FD4822,Low Sugar,Meat,OUT004,Medium,Tier 2,Supermarket Type2,11.74,0.026,125.81,2009.0,2812.33
FD4436,Regular,Canned,OUT002,Small,Tier 3,Food Mart,8.91,0.129,121.02,1998.0,2075.26
FD4756,Low Sugar,Dairy,OUT004,Medium,Tier 2,Supermarket Type2,13.71,0.175,123.9,2009.0,3218.7
FD2995,Low Sugar,Fruits and Vegetables,OUT004,Medium,Tier 2,Supermarket Type2,10.68,0.036,145.38,2009.0,2973.37
FD2705,Regular,Snack Foods,OUT001,High,Tier 2,Supermarket Type1,14.35,0.051,163.5,1987.0,4172.95
FD1814,Regular,Snack Foods,OUT001,High,Tier 2,Supermarket Type1,14.14,0.022,161.25,1987.0,4079.39
DR1834,Low Sugar,Soft Drinks,OUT004,Medium,Tier 2,Supermarket Type2,12.46,0.011,144.98,2009.0,3366.74
FD7561,Low Sugar,Snack Foods,OUT002,Small,Tier 3,Food Mart,10.12,0.065,115.4,1998.0,2232.59
FD2185,Low Sugar,Canned,OUT004,Medium,Tier 2,Supermarket Type2,14.73,0.027,148.35,2009.0,3949.24
FD3374,Regular,Canned,OUT004,Medium,Tier 2,Supermarket Type2,13.41,0.086,138.12,2009.0,3442.0
FD5799,Low Sugar,Meat,OUT004,Medium,Tier 2,Supermarket Type2,12.37,0.067,145.37,2009.0,3354.61
FD4904,Regular,Baking Goods,OUT002,Small,Tier 3,Food Mart,8.35,0.015,106.13,1998.0,1643.86
FD7240,Low Sugar,Fruits and Vegetables,OUT004,Medium,Tier 2,Supermarket Type2,12.81,0.071,143.1,2009.0,3408.08
NC5522,No Sugar,Others,OUT001,High,Tier 2,Supermarket Type1,15.95,0.021,173.46,1987.0,4739.2
FD5819,Low Sugar,Fruits and Vegetables,OUT004,Medium,Tier 2,Supermarket Type2,10.55,0.078,192.06,2009.0,3899.12
FD1952,Regular,Canned,OUT001,High,Tier 2,Supermarket Type1,10.08,0.025,203.46,1987.0,4026.86
FD3371,Regular,Dairy,OUT001,High,Tier 2,Supermarket Type1,13.68,0.068,193.19,1987.0,4631.08
FD6864,Low Sugar,Fruits and Vegetables,OUT004,Medium,Tier 2,Supermarket Type2,11.01,0.044,131.12,2009.0,2755.69
FD4240,Low Sugar,Fruits and Vegetables,OUT004,Medium,Tier 2,Supermarket Type2,10.36,0.03,144.25,2009.0,2877.85
DR3915,Low Sugar,Hard Drinks,OUT004,Medium,Tier 2,Supermarket Type2,13.31,0.011,148.87,2009.0,3640.17
FD207,Low Sugar,Frozen Foods,OUT002,Small,Tier 3,Food Mart,13.78,0.081,124.38,1998.0,516.91
FD8534,Low Sugar,Baking Goods,OUT001,High,Tier 2,Supermarket Type1,14.12,0.129,160.41,1987.0,4058.56
FD2514,Regular,Fruits and Vegetables,OUT001,High,Tier 2,Supermarket Type1,14.24,0.077,190.09,1987.0,4692.67
FD8536,Low Sugar,Dairy,OUT001,High,Tier 2,Supermarket Type1,15.19,0.017,174.23,1987.0,4584.3
FD5969,Low Sugar,Dairy,OUT004,Medium,Tier 2,Supermarket Type2,12.41,0.028,171.25,2009.0,3895.07
FD1369,Low Sugar,Snack Foods,OUT004,Medium,Tier 2,Supermarket Type2,12.21,0.108,173.81,2009.0,3900.61
FD1174,Regular,Snack Foods,OUT002,Small,Tier 3,Food Mart,9.92,0.039,113.89,1998.0,2158.36
FD4576,Low Sugar,Breads,OUT004,Medium,Tier 2,Supermarket Type2,11.93,0.067,143.48,2009.0,3216.58
FD8215,Regular,Fruits and Vegetables,OUT004,Medium,Tier 2,Supermarket Type2,14.28,0.14,144.26,2009.0,3765.23
FD4611,reg,Canned,OUT004,Medium,Tier 2,Supermarket Type2,13.69,0.024,148.11,2009.0,3709.06
DR1086,Regular,Soft Drinks,OUT004,Medium,Tier 2,Supermarket Type2,13.08,0.051,160.56,2009.0,3827.77
FD2969,Low Sugar,Fruits and Vegetables,OUT004,Medium,Tier 2,Supermarket Type2,13.99,0.033,140.84,2009.0,3629.19
FD4911,Low Sugar,Snack Foods,OUT004,Medium,Tier 2,Supermarket Type2,11.43,0.128,147.87,2009.0,3195.16
NC1274,No Sugar,Health and Hygiene,OUT004,Medium,Tier 2,Supermarket Type2,9.03,0.039,168.43,2009.0,3071.62
FD1084,Low Sugar,Fruits and Vegetables,OUT004,Medium,Tier 2,Supermarket Type2,11.81,0.188,109.81,2009.0,2500.51
FD5644,Regular,Canned,OUT004,Medium,Tier 2,Supermarket Type2,12.57,0.168,162.39,2009.0,3748.49
FD6487,Low Sugar,Dairy,OUT004,Medium,Tier 2,Supermarket Type2,12.0,0.097,141.49,2009.0,3191.41
FD8721,Low Sugar,Canned,OUT004,Medium,Tier 2,Supermarket Type2,10.72,0.157,136.7,2009.0,2805.56
FD2797,Regular,Snack Foods,OUT004,Medium,Tier 2,Supermarket Type2,13.73,0.065,146.79,2009.0,3692.06
DR426,Low Sugar,Hard Drinks,OUT002,Small,Tier 3,Food Mart,12.54,0.09,203.53,1998.0,2104.95
FD3610,Low Sugar,Fruits and Vegetables,OUT002,Small,Tier 3,Food Mart,8.49,0.042,119.53,1998.0,1950.44
FD4082,Low Sugar,Snack Foods,OUT004,Medium,Tier 2,Supermarket Type2,12.94,0.035,159.67,2009.0,3777.56
FD3837,Low Sugar,Dairy,OUT002,Small,Tier 3,Food Mart,8.5,0.076,106.98,1998.0,1695.56
FD2372,Regular,Fruits and Vegetables,OUT004,Medium,Tier 2,Supermarket Type2,14.91,0.089,146.41,2009.0,3951.49
FD5420,Regular,Baking Goods,OUT004,Medium,Tier 2,Supermarket Type2,13.02,0.009,126.55,2009.0,3116.97
DR1894,reg,Soft Drinks,OUT004,Medium,Tier 2,Supermarket Type2,10.18,0.152,144.85,2009.0,2849.82
FD4428,Regular,Canned,OUT001,High,Tier 2,Supermarket Type1,15.38,0.05,150.32,1987.0,4135.8
NC4290,No Sugar,Health and Hygiene,OUT004,Medium,Tier 2,Supermarket Type2,11.61,0.031,119.07,2009.0,2644.96
NC7498,No Sugar,Health and Hygiene,OUT001,High,Tier 2,Supermarket Type1,10.71,0.028,118.86,1987.0,2438.27
FD2691,Low Sugar,Snack Foods,OUT004,Medium,Tier 2,Supermarket Type2,11.98,0.014,166.73,2009.0,3703.68
FD2695,Low Sugar,Breads,OUT001,High,Tier 2,Supermarket Type1,14.93,0.165,185.32,1987.0,4750.53
NC2685,No Sugar,Others,OUT004,Medium,Tier 2,Supermarket Type2,14.91,0.023,121.61,2009.0,3443.82
FD4957,Low Sugar,Baking Goods,OUT004,Medium,Tier 2,Supermarket Type2,12.59,0.009,136.06,2009.0,3213.97
FD416,Low Sugar,Meat,OUT004,Medium,Tier 2,Supermarket Type2,11.23,0.042,167.33,2009.0,2275.91
FD6526,Low Sugar,Snack Foods,OUT002,Small,Tier 3,Food Mart,7.65,0.111,92.53,1998.0,1207.64
FD6752,Low Sugar,Frozen Foods,OUT004,Medium,Tier 2,Supermarket Type2,11.45,0.071,131.66,2009.0,2867.56
FD555,Low Sugar,Fruits and Vegetables,OUT004,Medium,Tier 2,Supermarket Type2,13.73,0.027,157.0,2009.0,2842.69
FD3973,Low Sugar,Dairy,OUT004,Medium,Tier 2,Supermarket Type2,11.71,0.085,151.65,2009.0,3333.79
FD2288,Low Sugar,Breakfast,OUT004,Medium,Tier 2,Supermarket Type2,13.02,0.053,150.45,2009.0,3605.98
FD6773,Low Sugar,Canned,OUT001,High,Tier 2,Supermarket Type1,10.95,0.011,118.31,1987.0,2480.95
FD3349,Low Sugar,Seafood,OUT004,Medium,Tier 2,Supermarket Type2,10.14,0.122,162.93,2009.0,3210.54
FD6682,Low Sugar,Fruits and Vegetables,OUT004,Medium,Tier 2,Supermarket Type2,14.77,0.024,137.65,2009.0,3739.62
NC7354,No Sugar,Household,OUT001,High,Tier 2,Supermarket Type1,14.76,0.161,188.48,1987.0,4776.98
FD6565,Regular,Frozen Foods,OUT004,Medium,Tier 2,Supermarket Type2,12.49,0.131,164.39,2009.0,3772.02
NC5726,No Sugar,Health and Hygiene,OUT004,Medium,Tier 2,Supermarket Type2,15.58,0.045,140.46,2009.0,3980.67
FD6589,Low Sugar,Canned,OUT004,Medium,Tier 2,Supermarket Type2,14.02,0.054,156.62,2009.0,3958.41
FD3942,Regular,Frozen Foods,OUT004,Medium,Tier 2,Supermarket Type2,15.15,0.049,143.08,2009.0,3936.82
FD6995,Low Sugar,Frozen Foods,OUT004,Medium,Tier 2,Supermarket Type2,12.25,0.094,108.07,2009.0,2565.01
FD4409,Low Sugar,Snack Foods,OUT004,Medium,Tier 2,Supermarket Type2,12.16,0.017,174.77,2009.0,3909.65
FD8141,Low Sugar,Meat,OUT004,Medium,Tier 2,Supermarket Type2,14.09,0.046,150.12,2009.0,3840.71
FD7205,Low Sugar,Fruits and Vegetables,OUT004,Medium,Tier 2,Supermarket Type2,13.76,0.026,156.99,2009.0,3907.14
NC7089,No Sugar,Health and Hygiene,OUT004,Medium,Tier 2,Supermarket Type2,10.65,0.039,123.03,2009.0,2509.09
FD2365,Low Sugar,Fruits and Vegetables,OUT004,Medium,Tier 2,Supermarket Type2,11.62,0.038,155.09,2009.0,3383.94
FD6256,Low Sugar,Dairy,OUT004,Medium,Tier 2,Supermarket Type2,13.04,0.015,122.08,2009.0,3029.56
FD4983,Low Sugar,Breads,OUT004,Medium,Tier 2,Supermarket Type2,12.69,0.031,109.59,2009.0,2696.58
FD3216,Low Sugar,Snack Foods,OUT004,Medium,Tier 2,Supermarket Type2,11.25,0.055,169.97,2009.0,3606.22
FD7249,Low Sugar,Fruits and Vegetables,OUT001,High,Tier 2,Supermarket Type1,14.87,0.154,151.9,1987.0,4054.14
FD1637,Low Sugar,Fruits and Vegetables,OUT004,Medium,Tier 2,Supermarket Type2,14.47,0.17,147.45,2009.0,3872.32
FD8329,Regular,Seafood,OUT004,Medium,Tier 2,Supermarket Type2,13.56,0.062,135.41,2009.0,3421.04
NC6895,No Sugar,Others,OUT004,Medium,Tier 2,Supermarket Type2,10.78,0.114,164.09,2009.0,3378.17
FD5162,Low Sugar,Snack Foods,OUT004,Medium,Tier 2,Supermarket Type2,14.35,0.043,129.57,2009.0,3480.56
FD1108,Regular,Starchy Foods,OUT004,Medium,Tier 2,Supermarket Type2,13.88,0.017,156.09,2009.0,3916.27
FD3277,Regular,Frozen Foods,OUT001,High,Tier 2,Supermarket Type1,16.11,0.102,169.5,1987.0,4693.52
FD5380,Regular,Canned,OUT004,Medium,Tier 2,Supermarket Type2,12.87,0.069,155.34,2009.0,3671.84
FD8219,Low Sugar,Breads,OUT004,Medium,Tier 2,Supermarket Type2,14.82,0.011,131.95,2009.0,3633.51
DR7149,Regular,Soft Drinks,OUT004,Medium,Tier 2,Supermarket Type2,10.32,0.034,127.13,2009.0,2519.76
FD665,Regular,Baking Goods,OUT001,High,Tier 2,Supermarket Type1,14.86,0.025,183.69,1987.0,4702.33
NC5307,No Sugar,Health and Hygiene,OUT004,Medium,Tier 2,Supermarket Type2,12.98,0.123,129.04,2009.0,3159.82
FD8455,Regular,Dairy,OUT004,Medium,Tier 2,Supermarket Type2,11.04,0.033,119.75,2009.0,2530.74
NC1486,No Sugar,Others,OUT001,High,Tier 2,Supermarket Type1,15.41,0.075,176.5,1987.0,4678.65
FD4790,Regular,Frozen Foods,OUT004,Medium,Tier 2,Supermarket Type2,13.13,0.03,165.99,2009.0,3949.88
FD508,Low Sugar,Snack Foods,OUT001,High,Tier 2,Supermarket Type1,14.64,0.074,200.85,1987.0,2626.61
FD2521,Regular,Fruits and Vegetables,OUT001,High,Tier 2,Supermarket Type1,13.02,0.033,174.11,1987.0,4089.84
NC6106,No Sugar,Health and Hygiene,OUT004,Medium,Tier 2,Supermarket Type2,12.58,0.026,120.93,2009.0,2903.64
FD6172,Low Sugar,Fruits and Vegetables,OUT004,Medium,Tier 2,Supermarket Type2,9.88,0.046,168.91,2009.0,3273.45
NC5733,No Sugar,Health and Hygiene,OUT002,Small,Tier 3,Food Mart,7.73,0.025,116.23,1998.0,1710.09
FD4323,Low Sugar,Fruits and Vegetables,OUT001,High,Tier 2,Supermarket Type1,13.91,0.13,193.95,1987.0,4698.38
FD4042,Regular,Frozen Foods,OUT004,Medium,Tier 2,Supermarket Type2,11.67,0.033,124.51,2009.0,2769.42
NC4702,No Sugar,Health and Hygiene,OUT002,Small,Tier 3,Food Mart,8.04,0.077,101.64,1998.0,1481.58
FD429,Low Sugar,Fruits and Vegetables,OUT002,Small,Tier 3,Food Mart,11.0,0.038,100.66,1998.0,1890.1
FD6132,Low Sugar,Snack Foods,OUT001,High,Tier 2,Supermarket Type1,14.81,0.122,197.96,1987.0,4983.27
FD8471,Low Sugar,Canned,OUT001,High,Tier 2,Supermarket Type1,14.61,0.111,152.39,1987.0,4004.54
DR8580,Low Sugar,Soft Drinks,OUT004,Medium,Tier 2,Supermarket Type2,15.82,0.049,117.06,2009.0,3555.72
FD1162,Low Sugar,Frozen Foods,OUT004,Medium,Tier 2,Supermarket Type2,11.94,0.026,127.11,2009.0,2885.14
FD2336,Low Sugar,Fruits and Vegetables,OUT001,High,Tier 2,Supermarket Type1,17.17,0.042,130.83,1987.0,4143.72
NC2098,No Sugar,Health and Hygiene,OUT004,Medium,Tier 2,Supermarket Type2,12.93,0.018,167.91,2009.0,3944.2
FD2420,Low Sugar,Canned,OUT004,Medium,Tier 2,Supermarket Type2,10.74,0.183,129.43,2009.0,2660.9
FD7983,Regular,Canned,OUT001,High,Tier 2,Supermarket Type1,8.28,0.094,146.49,1987.0,2453.27
NC3463,No Sugar,Health and Hygiene,OUT004,Medium,Tier 2,Supermarket Type2,13.46,0.138,143.31,2009.0,3559.32
FD4050,Low Sugar,Canned,OUT004,Medium,Tier 2,Supermarket Type2,13.53,0.147,127.14,2009.0,3244.05
FD4031,Low Sugar,Breads,OUT002,Small,Tier 3,Food Mart,8.46,0.104,112.16,1998.0,1792.21
FD6013,Low Sugar,Fruits and Vegetables,OUT001,High,Tier 2,Supermarket Type1,10.79,0.056,113.32,1987.0,2342.14
FD7144,Low Sugar,Canned,OUT001,High,Tier 2,Supermarket Type1,15.93,0.014,172.22,1987.0,4709.12
FD4539,Low Sugar,Snack Foods,OUT004,Medium,Tier 2,Supermarket Type2,13.16,0.086,139.58,2009.0,3416.23
FD5232,Low Sugar,Fruits and Vegetables,OUT004,Medium,Tier 2,Supermarket Type2,12.86,0.174,160.58,2009.0,3777.87
FD232,Low Sugar,Snack Foods,OUT001,High,Tier 2,Supermarket Type1,17.06,0.1,201.66,1987.0,2806.69
FD2646,Low Sugar,Meat,OUT001,High,Tier 2,Supermarket Type1,11.07,0.128,108.41,1987.0,2305.71
FD4972,Regular,Snack Foods,OUT001,High,Tier 2,Supermarket Type1,15.68,0.104,141.98,1987.0,4033.74
FD7342,Low Sugar,Frozen Foods,OUT004,Medium,Tier 2,Supermarket Type2,11.55,0.033,145.53,2009.0,3174.45
NC1985,No Sugar,Household,OUT001,High,Tier 2,Supermarket Type1,13.3,0.071,207.75,1987.0,4843.04
FD4574,Low Sugar,Frozen Foods,OUT004,Medium,Tier 2,Supermarket Type2,10.56,0.184,159.22,2009.0,3229.35
FD4996,Low Sugar,Snack Foods,OUT004,Medium,Tier 2,Supermarket Type2,12.19,0.133,146.07,2009.0,3329.9
FD8410,Low Sugar,Breads,OUT004,Medium,Tier 2,Supermarket Type2,14.98,0.098,133.58,2009.0,3704.74
FD4270,Low Sugar,Fruits and Vegetables,OUT002,Small,Tier 3,Food Mart,10.02,0.076,79.16,1998.0,1470.64
FD8207,Regular,Canned,OUT004,Medium,Tier 2,Supermarket Type2,13.45,0.057,141.55,2009.0,3520.81
FD3515,Low Sugar,Snack Foods,OUT001,High,Tier 2,Supermarket Type1,12.2,0.04,101.93,1987.0,2427.22
DR5301,Low Sugar,Soft Drinks,OUT001,High,Tier 2,Supermarket Type1,16.74,0.076,161.51,1987.0,4673.78
FD3511,Low Sugar,Breakfast,OUT004,Medium,Tier 2,Supermarket Type2,10.95,0.066,171.68,2009.0,3572.03
FD6325,Low Sugar,Dairy,OUT001,High,Tier 2,Supermarket Type1,13.82,0.047,168.29,1987.0,4151.38
FD1256,Regular,Fruits and Vegetables,OUT004,Medium,Tier 2,Supermarket Type2,11.83,0.046,149.38,2009.0,3314.39
FD3831,Low Sugar,Dairy,OUT002,Small,Tier 3,Food Mart,8.21,0.018,87.91,1998.0,1240.36
NC4008,No Sugar,Health and Hygiene,OUT004,Medium,Tier 2,Supermarket Type2,14.46,0.045,135.14,2009.0,3619.4
FD4828,Regular,Canned,OUT004,Medium,Tier 2,Supermarket Type2,12.8,0.022,145.28,2009.0,3450.78
FD6187,Low Sugar,Fruits and Vegetables,OUT004,Medium,Tier 2,Supermarket Type2,12.28,0.021,143.51,2009.0,3297.26
FD1004,Regular,Canned,OUT004,Medium,Tier 2,Supermarket Type2,13.14,0.081,124.68,2009.0,3106.09
FD8301,Low Sugar,Frozen Foods,OUT004,Medium,Tier 2,Supermarket Type2,12.67,0.02,118.19,2009.0,2866.27
FD7242,Low Sugar,Fruits and Vegetables,OUT001,High,Tier 2,Supermarket Type1,15.01,0.064,191.21,1987.0,4889.95
FD8624,Low Sugar,Frozen Foods,OUT002,Small,Tier 3,Food Mart,11.44,0.092,102.98,1998.0,2278.74
FD692,Low Sugar,Frozen Foods,OUT002,Small,Tier 3,Food Mart,11.3,0.115,80.32,1998.0,1782.53
FD7318,Low Sugar,Dairy,OUT004,Medium,Tier 2,Supermarket Type2,10.6,0.147,146.23,2009.0,2973.2
FD11,Low Sugar,Baking Goods,OUT004,Medium,Tier 2,Supermarket Type2,12.19,0.115,117.35,2009.0,2490.03
FD6609,Low Sugar,Baking Goods,OUT004,Medium,Tier 2,Supermarket Type2,10.75,0.027,144.76,2009.0,2975.96
FD263,Low Sugar,Dairy,OUT002,Small,Tier 3,Food Mart,10.45,0.089,89.04,1998.0,972.72
FD1922,Regular,Snack Foods,OUT004,Medium,Tier 2,Supermarket Type2,12.5,0.214,128.47,2009.0,3039.56
DR8291,Low Sugar,Hard Drinks,OUT004,Medium,Tier 2,Supermarket Type2,13.36,0.12,106.07,2009.0,2774.76
FD2199,Regular,Snack Foods,OUT002,Small,Tier 3,Food Mart,11.07,0.04,97.88,1998.0,2089.31
FD6525,Low Sugar,Baking Goods,OUT004,Medium,Tier 2,Supermarket Type2,12.52,0.024,160.88,2009.0,3705.89
FD4125,Low Sugar,Snack Foods,OUT004,Medium,Tier 2,Supermarket Type2,10.71,0.023,136.46,2009.0,2797.99
FD7694,Regular,Meat,OUT004,Medium,Tier 2,Supermarket Type2,14.0,0.041,157.91,2009.0,3979.59
FD1264,Low Sugar,Frozen Foods,OUT004,Medium,Tier 2,Supermarket Type2,14.58,0.054,139.7,2009.0,3739.56
FD4332,Low Sugar,Snack Foods,OUT004,Medium,Tier 2,Supermarket Type2,12.51,0.078,129.25,2009.0,3056.44
FD1125,Regular,Frozen Foods,OUT004,Medium,Tier 2,Supermarket Type2,11.24,0.071,153.15,2009.0,3258.06
NC2729,No Sugar,Household,OUT004,Medium,Tier 2,Supermarket Type2,12.57,0.025,110.3,2009.0,2683.82
FD4845,Regular,Seafood,OUT004,Medium,Tier 2,Supermarket Type2,15.5,0.025,135.61,2009.0,3862.64
DR515,Low Sugar,Soft Drinks,OUT001,High,Tier 2,Supermarket Type1,14.79,0.065,176.73,1987.0,4021.05
FD95,reg,Snack Foods,OUT004,Medium,Tier 2,Supermarket Type2,11.49,0.11,135.98,2009.0,3990.5
FD8579,Regular,Fruits and Vegetables,OUT002,Small,Tier 3,Food Mart,9.02,0.032,104.6,1998.0,1763.22
FD5896,Low Sugar,Frozen Foods,OUT002,Small,Tier 3,Food Mart,11.8,0.019,97.54,1998.0,2248.89
DR1373,Low Sugar,Soft Drinks,OUT004,Medium,Tier 2,Supermarket Type2,11.27,0.049,128.89,2009.0,2769.15
FD1500,Low Sugar,Frozen Foods,OUT004,Medium,Tier 2,Supermarket Type2,13.45,0.032,126.96,2009.0,3223.27
FD5393,Low Sugar,Frozen Foods,OUT001,High,Tier 2,Supermarket Type1,14.76,0.069,154.51,1987.0,4082.25
FD6723,Regular,Dairy,OUT004,Medium,Tier 2,Supermarket Type2,11.06,0.031,160.42,2009.0,3367.83
NC6703,No Sugar,Household,OUT002,Small,Tier 3,Food Mart,8.63,0.036,129.62,1998.0,2188.69
FD1022,Low Sugar,Breads,OUT002,Small,Tier 3,Food Mart,10.06,0.057,117.24,1998.0,2258.73
NC4765,No Sugar,Health and Hygiene,OUT001,High,Tier 2,Supermarket Type1,12.77,0.083,175.12,1987.0,4053.74
FD2244,Low Sugar,Snack Foods,OUT004,Medium,Tier 2,Supermarket Type2,12.99,0.061,130.04,2009.0,3180.86
FD3733,Low Sugar,Canned,OUT001,High,Tier 2,Supermarket Type1,13.68,0.022,169.62,1987.0,4148.76
FD7772,Low Sugar,Frozen Foods,OUT004,Medium,Tier 2,Supermarket Type2,12.43,0.082,150.27,2009.0,3468.39
FD4971,Low Sugar,Snack Foods,OUT004,Medium,Tier 2,Supermarket Type2,11.31,0.071,165.68,2009.0,3531.54
FD79,Low Sugar,Canned,OUT004,Medium,Tier 2,Supermarket Type2,12.25,0.074,127.29,2009.0,4462.82
FD8498,Regular,Fruits and Vegetables,OUT001,High,Tier 2,Supermarket Type1,9.84,0.033,129.24,1987.0,2452.95
FD7032,Regular,Starchy Foods,OUT004,Medium,Tier 2,Supermarket Type2,12.77,0.017,151.44,2009.0,3568.94
NC968,No Sugar,Household,OUT004,Medium,Tier 2,Supermarket Type2,9.96,0.147,138.57,2009.0,2671.4
FD1979,Low Sugar,Fruits and Vegetables,OUT004,Medium,Tier 2,Supermarket Type2,11.62,0.031,115.11,2009.0,2567.76
FD7994,Low Sugar,Breads,OUT001,High,Tier 2,Supermarket Type1,15.15,0.099,185.73,1987.0,4808.46
FD2476,Low Sugar,Baking Goods,OUT002,Small,Tier 3,Food Mart,9.47,0.168,123.68,1998.0,2256.25
FD2564,Low Sugar,Canned,OUT004,Medium,Tier 2,Supermarket Type2,11.6,0.129,118.92,2009.0,2640.85
FD1862,Regular,Meat,OUT002,Small,Tier 3,Food Mart,11.84,0.021,88.85,1998.0,2079.95
FD3771,Regular,Baking Goods,OUT004,Medium,Tier 2,Supermarket Type2,17.79,0.119,95.09,2009.0,3552.09
FD8585,Regular,Meat,OUT004,Medium,Tier 2,Supermarket Type2,14.51,0.021,143.07,2009.0,3792.01
FD3002,reg,Canned,OUT004,Medium,Tier 2,Supermarket Type2,13.22,0.031,150.63,2009.0,3654.6
FD6641,Low Sugar,Starchy Foods,OUT004,Medium,Tier 2,Supermarket Type2,14.61,0.093,147.49,2009.0,3905.37
FD4868,Low Sugar,Snack Foods,OUT004,Medium,Tier 2,Supermarket Type2,13.53,0.086,160.32,2009.0,3923.94
FD3596,Regular,Snack Foods,OUT001,High,Tier 2,Supermarket Type1,14.53,0.14,154.61,1987.0,4033.58
FD4860,Low Sugar,Snack Foods,OUT004,Medium,Tier 2,Supermarket Type2,12.98,0.035,130.02,2009.0,3179.43
FD3739,Low Sugar,Fruits and Vegetables,OUT002,Small,Tier 3,Food Mart,10.54,0.076,113.56,1998.0,2291.35
NC2512,No Sugar,Health and Hygiene,OUT002,Small,Tier 3,Food Mart,10.74,0.015,101.94,1998.0,2098.95
FD5832,Regular,Frozen Foods,OUT002,Small,Tier 3,Food Mart,11.63,0.085,83.78,1998.0,1927.11
FD7022,Low Sugar,Meat,OUT002,Small,Tier 3,Food Mart,9.29,0.09,95.01,1998.0,1628.81
FD6983,Low Sugar,Fruits and Vegetables,OUT004,Medium,Tier 2,Supermarket Type2,13.61,0.097,108.82,2009.0,2887.11
FD608,Regular,Dairy,OUT004,Medium,Tier 2,Supermarket Type2,11.41,0.096,150.57,2009.0,3244.38
FD8162,Low Sugar,Frozen Foods,OUT004,Medium,Tier 2,Supermarket Type2,13.27,0.028,131.42,2009.0,3273.51
DR2032,Low Sugar,Soft Drinks,OUT004,Medium,Tier 2,Supermarket Type2,12.82,0.055,115.68,2009.0,2850.28
NC7356,No Sugar,Health and Hygiene,OUT001,High,Tier 2,Supermarket Type1,12.04,0.064,99.19,1987.0,2336.73
NC2308,No Sugar,Health and Hygiene,OUT001,High,Tier 2,Supermarket Type1,14.86,0.162,151.92,1987.0,4051.45
FD4078,Low Sugar,Snack Foods,OUT004,Medium,Tier 2,Supermarket Type2,12.23,0.052,160.56,2009.0,3634.56
FD6276,Regular,Baking Goods,OUT001,High,Tier 2,Supermarket Type1,9.72,0.054,129.03,1987.0,2422.16
FD6974,Low Sugar,Snack Foods,OUT001,High,Tier 2,Supermarket Type1,13.65,0.028,164.91,1987.0,4044.68
FD1868,Regular,Baking Goods,OUT001,High,Tier 2,Supermarket Type1,16.21,0.165,174.07,1987.0,4810.8
FD1282,Low Sugar,Fruits and Vegetables,OUT004,Medium,Tier 2,Supermarket Type2,14.99,0.007,132.97,2009.0,3692.89
NC8361,No Sugar,Health and Hygiene,OUT004,Medium,Tier 2,Supermarket Type2,9.79,0.027,175.9,2009.0,3396.6
FD3901,Low Sugar,Fruits and Vegetables,OUT004,Medium,Tier 2,Supermarket Type2,10.32,0.14,163.29,2009.0,3257.9
FD1620,Low Sugar,Breads,OUT004,Medium,Tier 2,Supermarket Type2,13.04,0.172,154.12,2009.0,3686.22
FD1904,Low Sugar,Meat,OUT002,Small,Tier 3,Food Mart,7.98,0.042,122.15,1998.0,1888.64
FD4236,Low Sugar,Snack Foods,OUT004,Medium,Tier 2,Supermarket Type2,12.31,0.023,140.68,2009.0,3246.84
FD620,Low Sugar,Breads,OUT004,Medium,Tier 2,Supermarket Type2,12.18,0.097,137.39,2009.0,3149.32
NC5135,No Sugar,Health and Hygiene,OUT002,Small,Tier 3,Food Mart,9.8,0.21,112.39,1998.0,2100.15
FD2377,Regular,Meat,OUT004,Medium,Tier 2,Supermarket Type2,10.71,0.03,150.8,2009.0,3092.23
FD1337,Low Sugar,Baking Goods,OUT002,Small,Tier 3,Food Mart,6.79,0.035,105.37,1998.0,1275.6
FD5357,Regular,Snack Foods,OUT004,Medium,Tier 2,Supermarket Type2,13.34,0.058,108.9,2009.0,2828.07
FD8668,Regular,Meat,OUT002,Small,Tier 3,Food Mart,8.59,0.061,118.84,1998.0,1958.5
FD435,Low Sugar,Canned,OUT002,Small,Tier 3,Food Mart,14.14,0.099,134.82,1998.0,1485.84
NC3274,No Sugar,Health and Hygiene,OUT004,Medium,Tier 2,Supermarket Type2,11.92,0.017,146.51,2009.0,3277.85
FD6022,Low Sugar,Snack Foods,OUT004,Medium,Tier 2,Supermarket Type2,12.44,0.022,133.88,2009.0,3136.58
FD751,Regular,Frozen Foods,OUT002,Small,Tier 3,Food Mart,8.56,0.061,91.13,1998.0,1383.42
FD7447,Low Sugar,Canned,OUT004,Medium,Tier 2,Supermarket Type2,13.27,0.035,157.42,2009.0,3805.42
FD7990,reg,Baking Goods,OUT004,Medium,Tier 2,Supermarket Type2,11.16,0.087,178.04,2009.0,3750.6
FD3325,Low Sugar,Meat,OUT002,Small,Tier 3,Food Mart,9.53,0.091,117.41,1998.0,2140.46
FD1063,Regular,Baking Goods,OUT004,Medium,Tier 2,Supermarket Type2,11.96,0.009,159.43,2009.0,3549.41
FD7784,Low Sugar,Canned,OUT004,Medium,Tier 2,Supermarket Type2,10.37,0.112,146.48,2009.0,2926.74
FD7583,Regular,Fruits and Vegetables,OUT004,Medium,Tier 2,Supermarket Type2,11.06,0.023,124.69,2009.0,2636.09
NC453,No Sugar,Household,OUT004,Medium,Tier 2,Supermarket Type2,10.17,0.031,156.69,2009.0,4075.37
FD1609,Low Sugar,Canned,OUT004,Medium,Tier 2,Supermarket Type2,10.4,0.011,157.73,2009.0,3162.04
FD1699,Low Sugar,Snack Foods,OUT004,Medium,Tier 2,Supermarket Type2,12.04,0.022,147.49,2009.0,3324.8
FD5158,Low Sugar,Meat,OUT001,High,Tier 2,Supermarket Type1,15.7,0.042,169.76,1987.0,4607.53
FD8415,Regular,Baking Goods,OUT001,High,Tier 2,Supermarket Type1,9.98,0.027,125.22,1987.0,2403.73
FD647,Low Sugar,Snack Foods,OUT004,Medium,Tier 2,Supermarket Type2,12.8,0.039,126.13,2009.0,3058.32
NC1156,No Sugar,Household,OUT004,Medium,Tier 2,Supermarket Type2,12.24,0.176,122.93,2009.0,2865.86
NC2129,No Sugar,Household,OUT002,Small,Tier 3,Food Mart,9.79,0.043,99.46,1998.0,1832.68
FD6733,Low Sugar,Fruits and Vegetables,OUT004,Medium,Tier 2,Supermarket Type2,12.71,0.045,170.49,2009.0,3946.26
FD150,Low Sugar,Canned,OUT002,Small,Tier 3,Food Mart,19.82,0.014,210.94,1998.0,2129.71
FD649,Low Sugar,Fruits and Vegetables,OUT004,Medium,Tier 2,Supermarket Type2,13.06,0.087,167.6,2009.0,3966.89
FD4321,Regular,Dairy,OUT001,High,Tier 2,Supermarket Type1,11.76,0.037,106.78,1987.0,2428.65
FD6630,Regular,Snack Foods,OUT004,Medium,Tier 2,Supermarket Type2,12.9,0.046,167.89,2009.0,3936.62
NC1516,No Sugar,Household,OUT004,Medium,Tier 2,Supermarket Type2,12.55,0.174,140.04,2009.0,3286.6
FD6846,Regular,Fruits and Vegetables,OUT004,Medium,Tier 2,Supermarket Type2,12.9,0.036,163.28,2009.0,3842.53
FD1544,Low Sugar,Frozen Foods,OUT004,Medium,Tier 2,Supermarket Type2,15.15,0.047,142.13,2009.0,3917.18
FD3146,Regular,Meat,OUT004,Medium,Tier 2,Supermarket Type2,10.93,0.016,134.65,2009.0,2811.02
FD6305,Low Sugar,Frozen Foods,OUT001,High,Tier 2,Supermarket Type1,14.43,0.031,193.59,1987.0,4808.26
FD4979,Low Sugar,Frozen Foods,OUT002,Small,Tier 3,Food Mart,11.01,0.123,101.95,1998.0,2160.67
FD8429,Low Sugar,Fruits and Vegetables,OUT004,Medium,Tier 2,Supermarket Type2,14.47,0.031,142.74,2009.0,3775.7
FD4433,Low Sugar,Baking Goods,OUT001,High,Tier 2,Supermarket Type1,9.54,0.078,132.03,1987.0,2441.81
NC6631,No Sugar,Health and Hygiene,OUT001,High,Tier 2,Supermarket Type1,13.28,0.042,167.77,1987.0,4019.19
FD8473,Regular,Fruits and Vegetables,OUT004,Medium,Tier 2,Supermarket Type2,14.64,0.042,151.58,2009.0,3994.4
DR5140,Low Sugar,Hard Drinks,OUT004,Medium,Tier 2,Supermarket Type2,14.52,0.163,120.86,2009.0,3340.76
FD6616,Low Sugar,Seafood,OUT001,High,Tier 2,Supermarket Type1,15.28,0.083,153.71,1987.0,4183.75
NC89,No Sugar,Health and Hygiene,OUT001,High,Tier 2,Supermarket Type1,15.36,0.056,187.11,1987.0,2389.37
FD2249,reg,Frozen Foods,OUT004,Medium,Tier 2,Supermarket Type2,11.63,0.045,139.5,2009.0,3068.54
FD1812,Low Sugar,Frozen Foods,OUT004,Medium,Tier 2,Supermarket Type2,11.35,0.071,174.11,2009.0,3712.26
FD3102,Low Sugar,Starchy Foods,OUT001,High,Tier 2,Supermarket Type1,13.5,0.071,168.62,1987.0,4085.83
FD1021,Regular,Dairy,OUT002,Small,Tier 3,Food Mart,8.25,0.031,119.55,1998.0,1894.93
FD931,Low Sugar,Fruits and Vegetables,OUT002,Small,Tier 3,Food Mart,7.14,0.011,109.27,1998.0,1435.64
NC3056,No Sugar,Household,OUT001,High,Tier 2,Supermarket Type1,15.75,0.059,171.93,1987.0,4662.51
FD6774,Low Sugar,Dairy,OUT004,Medium,Tier 2,Supermarket Type2,13.86,0.03,140.61,2009.0,3593.76
FD6776,Low Sugar,Snack Foods,OUT004,Medium,Tier 2,Supermarket Type2,9.97,0.14,136.87,2009.0,2639.91
FD2736,Low Sugar,Dairy,OUT004,Medium,Tier 2,Supermarket Type2,13.73,0.064,131.79,2009.0,3384.47
FD1615,Low Sugar,Fruits and Vegetables,OUT004,Medium,Tier 2,Supermarket Type2,14.22,0.031,151.84,2009.0,3905.51
FD5529,Low Sugar,Dairy,OUT004,Medium,Tier 2,Supermarket Type2,12.63,0.086,134.76,2009.0,3197.79
FD7182,Low Sugar,Dairy,OUT004,Medium,Tier 2,Supermarket Type2,11.35,0.062,131.18,2009.0,2834.24
FD5433,Low Sugar,Snack Foods,OUT004,Medium,Tier 2,Supermarket Type2,10.94,0.014,146.16,2009.0,3047.33
FD8320,Low Sugar,Baking Goods,OUT001,High,Tier 2,Supermarket Type1,10.51,0.043,121.81,1987.0,2453.04
FD3892,Low Sugar,Fruits and Vegetables,OUT001,High,Tier 2,Supermarket Type1,15.75,0.1,179.35,1987.0,4813.71
FD3981,Low Sugar,Fruits and Vegetables,OUT001,High,Tier 2,Supermarket Type1,13.62,0.021,168.33,1987.0,4107.78
FD4738,Low Sugar,Frozen Foods,OUT004,Medium,Tier 2,Supermarket Type2,9.23,0.022,146.69,2009.0,2672.65
FD787,Low Sugar,Baking Goods,OUT004,Medium,Tier 2,Supermarket Type2,16.24,0.018,128.41,2009.0,3882.17
FD7257,Low Sugar,Meat,OUT004,Medium,Tier 2,Supermarket Type2,14.46,0.012,140.34,2009.0,3725.26
FD7889,Low Sugar,Dairy,OUT002,Small,Tier 3,Food Mart,5.93,0.03,109.76,1998.0,1171.69
FD3227,Low Sugar,Canned,OUT004,Medium,Tier 2,Supermarket Type2,12.79,0.048,167.19,2009.0,3896.66
FD7226,Low Sugar,Fruits and Vegetables,OUT004,Medium,Tier 2,Supermarket Type2,11.51,0.052,147.13,2009.0,3196.75
FD5291,Low Sugar,Baking Goods,OUT001,High,Tier 2,Supermarket Type1,13.98,0.039,164.29,1987.0,4105.35
FD7840,Low Sugar,Fruits and Vegetables,OUT004,Medium,Tier 2,Supermarket Type2,10.32,0.009,165.42,2009.0,3303.14
FD6951,Low Sugar,Meat,OUT004,Medium,Tier 2,Supermarket Type2,11.15,0.027,133.09,2009.0,2829.18
FD1828,Low Sugar,Breads,OUT004,Medium,Tier 2,Supermarket Type2,12.37,0.048,146.7,2009.0,3383.69
FD5657,Regular,Frozen Foods,OUT004,Medium,Tier 2,Supermarket Type2,13.73,0.015,156.86,2009.0,3896.71
NC6817,No Sugar,Household,OUT002,Small,Tier 3,Food Mart,8.28,0.172,116.59,1998.0,1842.34
FD740,Low Sugar,Dairy,OUT001,High,Tier 2,Supermarket Type1,13.64,0.133,191.75,1987.0,4590.3
FD2291,Low Sugar,Meat,OUT002,Small,Tier 3,Food Mart,8.84,0.174,123.81,1998.0,2116.08
FD1968,reg,Snack Foods,OUT004,Medium,Tier 2,Supermarket Type2,11.08,0.015,143.07,2009.0,3016.16
FD8759,Low Sugar,Snack Foods,OUT004,Medium,Tier 2,Supermarket Type2,14.99,0.089,144.06,2009.0,3919.81
FD4885,Low Sugar,Frozen Foods,OUT002,Small,Tier 3,Food Mart,8.81,0.018,118.11,1998.0,1992.36
DR1313,Low Sugar,Hard Drinks,OUT001,High,Tier 2,Supermarket Type1,15.67,0.036,180.71,1987.0,4823.69
FD6451,Low Sugar,Fruits and Vegetables,OUT001,High,Tier 2,Supermarket Type1,16.56,0.106,159.4,1987.0,4589.83
FD7130,Regular,Dairy,OUT004,Medium,Tier 2,Supermarket Type2,13.97,0.036,121.44,2009.0,3227.91
FD3852,Low Sugar,Starchy Foods,OUT004,Medium,Tier 2,Supermarket Type2,15.22,0.011,130.5,2009.0,3695.61
DR3850,Regular,Hard Drinks,OUT001,High,Tier 2,Supermarket Type1,9.34,0.035,127.3,1987.0,2300.68
FD768,Low Sugar,Meat,OUT004,Medium,Tier 2,Supermarket Type2,14.03,0.105,150.21,2009.0,3828.43
FD8711,Low Sugar,Meat,OUT001,High,Tier 2,Supermarket Type1,15.72,0.042,170.4,1987.0,4625.38
FD1801,Regular,Breakfast,OUT004,Medium,Tier 2,Supermarket Type2,13.77,0.021,134.31,2009.0,3446.08
FD2383,Low Sugar,Snack Foods,OUT004,Medium,Tier 2,Supermarket Type2,10.29,0.027,150.71,2009.0,2994.8
FD4961,Regular,Meat,OUT004,Medium,Tier 2,Supermarket Type2,11.82,0.067,138.92,2009.0,3098.44
NC2060,No Sugar,Health and Hygiene,OUT004,Medium,Tier 2,Supermarket Type2,11.76,0.075,158.08,2009.0,3476.86
DR2978,Low Sugar,Hard Drinks,OUT004,Medium,Tier 2,Supermarket Type2,13.74,0.154,145.73,2009.0,3671.61
DR2364,Low Sugar,Soft Drinks,OUT004,Medium,Tier 2,Supermarket Type2,12.92,0.104,110.45,2009.0,2765.83
NC6778,No Sugar,Household,OUT002,Small,Tier 3,Food Mart,9.62,0.154,94.81,1998.0,1700.13
FD8146,Low Sugar,Fruits and Vegetables,OUT002,Small,Tier 3,Food Mart,9.51,0.024,88.16,1998.0,1537.91
FD1132,Regular,Fruits and Vegetables,OUT004,Medium,Tier 2,Supermarket Type2,11.21,0.06,178.28,2009.0,3766.56
FD3257,Regular,Snack Foods,OUT001,High,Tier 2,Supermarket Type1,10.97,0.128,112.59,1987.0,2368.46
NC1176,No Sugar,Household,OUT004,Medium,Tier 2,Supermarket Type2,9.57,0.017,157.73,2009.0,2974.97
FD8658,Regular,Frozen Foods,OUT001,High,Tier 2,Supermarket Type1,14.32,0.03,194.4,1987.0,4798.7
NC1090,No Sugar,Household,OUT004,Medium,Tier 2,Supermarket Type2,12.15,0.007,169.98,2009.0,3808.13
FD4297,Low Sugar,Fruits and Vegetables,OUT004,Medium,Tier 2,Supermarket Type2,14.25,0.027,148.87,2009.0,3851.02
FD2028,Low Sugar,Canned,OUT004,Medium,Tier 2,Supermarket Type2,11.49,0.081,160.35,2009.0,3463.94
FD5888,Low Sugar,Meat,OUT004,Medium,Tier 2,Supermarket Type2,10.76,0.068,135.43,2009.0,2787.04
NC5080,No Sugar,Household,OUT001,High,Tier 2,Supermarket Type1,14.72,0.067,175.44,1987.0,4501.09
FD4852,Low Sugar,Snack Foods,OUT004,Medium,Tier 2,Supermarket Type2,10.73,0.036,126.43,2009.0,2596.93
FD8742,Low Sugar,Canned,OUT001,High,Tier 2,Supermarket Type1,13.21,0.042,171.81,1987.0,4085.82
DR4995,Low Sugar,Hard Drinks,OUT004,Medium,Tier 2,Supermarket Type2,10.23,0.123,182.45,2009.0,3631.17
NC5297,No Sugar,Household,OUT002,Small,Tier 3,Food Mart,12.35,0.036,90.25,1998.0,2224.12
FD1312,Low Sugar,Baking Goods,OUT004,Medium,Tier 2,Supermarket Type2,14.64,0.139,126.49,2009.0,3481.48
FD6626,Regular,Frozen Foods,OUT001,High,Tier 2,Supermarket Type1,8.71,0.046,134.83,1987.0,2311.6
FD2490,Low Sugar,Dairy,OUT004,Medium,Tier 2,Supermarket Type2,12.99,0.007,110.11,2009.0,2773.61
FD7265,Low Sugar,Canned,OUT004,Medium,Tier 2,Supermarket Type2,14.94,0.098,132.02,2009.0,3662.7
FD5822,Regular,Baking Goods,OUT004,Medium,Tier 2,Supermarket Type2,13.36,0.116,165.89,2009.0,3997.86
DR3512,Low Sugar,Hard Drinks,OUT004,Medium,Tier 2,Supermarket Type2,10.36,0.043,126.49,2009.0,2513.99
NC4366,No Sugar,Household,OUT004,Medium,Tier 2,Supermarket Type2,13.14,0.025,152.12,2009.0,3666.8
FD7703,Low Sugar,Dairy,OUT004,Medium,Tier 2,Supermarket Type2,13.58,0.09,144.98,2009.0,3620.13
NC624,No Sugar,Health and Hygiene,OUT004,Medium,Tier 2,Supermarket Type2,11.92,0.048,159.44,2009.0,3540.66
NC544,No Sugar,Household,OUT002,Small,Tier 3,Food Mart,12.04,0.086,162.26,1998.0,512.42
FD6391,Low Sugar,Canned,OUT002,Small,Tier 3,Food Mart,9.92,0.124,103.85,1998.0,1953.02
DR7156,Low Sugar,Soft Drinks,OUT004,Medium,Tier 2,Supermarket Type2,12.7,0.027,164.9,2009.0,3828.96
FD2089,Low Sugar,Meat,OUT002,Small,Tier 3,Food Mart,10.34,0.05,110.02,1998.0,2172.45
FD8686,Low Sugar,Canned,OUT004,Medium,Tier 2,Supermarket Type2,13.2,0.161,145.47,2009.0,3544.73
DR2268,Low Sugar,Soft Drinks,OUT004,Medium,Tier 2,Supermarket Type2,10.05,0.168,135.45,2009.0,2627.23
NC2344,No Sugar,Others,OUT002,Small,Tier 3,Food Mart,11.47,0.129,102.4,1998.0,2273.32
FD3060,Low Sugar,Canned,OUT004,Medium,Tier 2,Supermarket Type2,11.36,0.013,169.53,2009.0,3622.33
NC4312,No Sugar,Household,OUT004,Medium,Tier 2,Supermarket Type2,10.7,0.128,124.23,2009.0,2545.03
FD3638,Low Sugar,Fruits and Vegetables,OUT002,Small,Tier 3,Food Mart,9.21,0.017,127.47,1998.0,2275.73
FD5553,Low Sugar,Snack Foods,OUT001,High,Tier 2,Supermarket Type1,10.05,0.167,123.55,1987.0,2385.41
FD6791,Low Sugar,Snack Foods,OUT004,Medium,Tier 2,Supermarket Type2,13.23,0.03,154.73,2009.0,3740.75
FD2768,Low Sugar,Dairy,OUT004,Medium,Tier 2,Supermarket Type2,12.95,0.076,157.84,2009.0,3742.18
FD2757,Regular,Dairy,OUT004,Medium,Tier 2,Supermarket Type2,13.98,0.27,121.45,2009.0,3228.85
FD3799,Low Sugar,Snack Foods,OUT001,High,Tier 2,Supermarket Type1,10.61,0.064,115.36,1987.0,2344.5
FD2700,Low Sugar,Snack Foods,OUT004,Medium,Tier 2,Supermarket Type2,13.13,0.027,110.64,2009.0,2816.81
FD5759,Low Sugar,Baking Goods,OUT004,Medium,Tier 2,Supermarket Type2,14.1,0.024,98.22,2009.0,2780.73
FD4932,Low Sugar,Fruits and Vegetables,OUT001,High,Tier 2,Supermarket Type1,14.41,0.068,162.72,1987.0,4171.67
FD2747,Low Sugar,Fruits and Vegetables,OUT002,Small,Tier 3,Food Mart,10.04,0.162,118.72,1998.0,2282.8
FD1319,Low Sugar,Dairy,OUT001,High,Tier 2,Supermarket Type1,13.55,0.043,191.19,1987.0,4558.46
NC3485,No Sugar,Health and Hygiene,OUT004,Medium,Tier 2,Supermarket Type2,11.54,0.182,135.38,2009.0,2962.54
FD8002,Low Sugar,Dairy,OUT004,Medium,Tier 2,Supermarket Type2,12.01,0.167,157.32,2009.0,3518.75
NC3421,No Sugar,Household,OUT004,Medium,Tier 2,Supermarket Type2,12.73,0.104,149.62,2009.0,3523.26
FD3817,Low Sugar,Frozen Foods,OUT004,Medium,Tier 2,Supermarket Type2,11.97,0.047,142.36,2009.0,3202.54
FD4894,Low Sugar,Dairy,OUT001,High,Tier 2,Supermarket Type1,15.42,0.028,181.59,1987.0,4786.53
FD1823,Low Sugar,Breads,OUT004,Medium,Tier 2,Supermarket Type2,12.15,0.043,146.37,2009.0,3326.51
DR6590,Regular,Soft Drinks,OUT001,High,Tier 2,Supermarket Type1,14.31,0.035,191.13,1987.0,4730.89
NC4855,No Sugar,Health and Hygiene,OUT004,Medium,Tier 2,Supermarket Type2,13.11,0.089,166.4,2009.0,3952.79
FD5381,Low Sugar,Fruits and Vegetables,OUT002,Small,Tier 3,Food Mart,10.26,0.038,116.88,1998.0,2295.41
NC3961,No Sugar,Household,OUT001,High,Tier 2,Supermarket Type1,12.0,0.068,106.16,1987.0,2468.42
FD7765,Low Sugar,Meat,OUT004,Medium,Tier 2,Supermarket Type2,11.33,0.041,124.97,2009.0,2703.31
NC7411,No Sugar,Health and Hygiene,OUT002,Small,Tier 3,Food Mart,9.0,0.03,31.0,1998.0,253.53
FD1873,Low Sugar,Canned,OUT004,Medium,Tier 2,Supermarket Type2,12.7,0.076,128.19,2009.0,3077.88
FD3544,Low Sugar,Baking Goods,OUT004,Medium,Tier 2,Supermarket Type2,13.98,0.029,124.55,2009.0,3293.66
FD6753,Low Sugar,Snack Foods,OUT004,Medium,Tier 2,Supermarket Type2,13.37,0.026,153.06,2009.0,3739.69
FD717,Low Sugar,Dairy,OUT004,Medium,Tier 2,Supermarket Type2,14.26,0.166,133.46,2009.0,3539.25
FD5076,Low Sugar,Snack Foods,OUT004,Medium,Tier 2,Supermarket Type2,11.25,0.009,142.24,2009.0,3037.64
FD3377,Low Sugar,Frozen Foods,OUT001,High,Tier 2,Supermarket Type1,10.62,0.061,116.5,1987.0,2368.04
FD6302,Low Sugar,Snack Foods,OUT002,Small,Tier 3,Food Mart,9.92,0.031,107.68,1998.0,2031.4
FD4005,Regular,Fruits and Vegetables,OUT002,Small,Tier 3,Food Mart,9.73,0.06,104.76,1998.0,1928.3
NC5167,No Sugar,Health and Hygiene,OUT004,Medium,Tier 2,Supermarket Type2,11.07,0.083,118.21,2009.0,2506.32
DR4182,Low Sugar,Soft Drinks,OUT004,Medium,Tier 2,Supermarket Type2,14.7,0.047,131.68,2009.0,3601.51
FD2273,Low Sugar,Breakfast,OUT004,Medium,Tier 2,Supermarket Type2,12.54,0.075,144.1,2009.0,3367.78
NC2208,No Sugar,Household,OUT004,Medium,Tier 2,Supermarket Type2,13.46,0.08,148.75,2009.0,3670.67
FD5003,Low Sugar,Snack Foods,OUT004,Medium,Tier 2,Supermarket Type2,14.73,0.027,139.42,2009.0,3767.94
FD19,Low Sugar,Baking Goods,OUT002,Small,Tier 3,Food Mart,14.14,0.046,179.03,1998.0,1463.06
FD2303,Low Sugar,Baking Goods,OUT004,Medium,Tier 2,Supermarket Type2,11.83,0.023,152.2,2009.0,3372.79
FD6516,Regular,Dairy,OUT004,Medium,Tier 2,Supermarket Type2,13.4,0.033,164.14,2009.0,3971.28
FD4974,Low Sugar,Dairy,OUT002,Small,Tier 3,Food Mart,11.36,0.024,87.74,1998.0,1948.72
DR2739,Low Sugar,Soft Drinks,OUT004,Medium,Tier 2,Supermarket Type2,14.44,0.012,151.93,2009.0,3958.2
FD714,Low Sugar,Meat,OUT004,Medium,Tier 2,Supermarket Type2,14.92,0.123,147.86,2009.0,3983.15
FD2621,Low Sugar,Snack Foods,OUT004,Medium,Tier 2,Supermarket Type2,11.9,0.016,137.91,2009.0,3096.87
FD1371,Regular,Snack Foods,OUT004,Medium,Tier 2,Supermarket Type2,11.45,0.131,159.65,2009.0,3440.11
FD1704,Low Sugar,Dairy,OUT004,Medium,Tier 2,Supermarket Type2,12.24,0.123,130.53,2009.0,3021.57
FD4802,Low Sugar,Meat,OUT001,High,Tier 2,Supermarket Type1,11.48,0.107,112.69,1987.0,2485.22
FD5647,Regular,Breads,OUT004,Medium,Tier 2,Supermarket Type2,10.86,0.033,138.43,2009.0,2872.01
FD8134,Low Sugar,Dairy,OUT004,Medium,Tier 2,Supermarket Type2,12.33,0.027,146.0,2009.0,3358.71
FD7114,Low Sugar,Fruits and Vegetables,OUT004,Medium,Tier 2,Supermarket Type2,13.65,0.091,153.58,2009.0,3812.09
NC2837,No Sugar,Household,OUT002,Small,Tier 3,Food Mart,9.28,0.145,110.31,1998.0,1938.57
FD1359,Regular,Dairy,OUT002,Small,Tier 3,Food Mart,8.05,0.047,101.95,1998.0,1491.71
FD2990,Low Sugar,Fruits and Vegetables,OUT002,Small,Tier 3,Food Mart,9.94,0.126,114.27,1998.0,2169.69
NC2379,No Sugar,Household,OUT004,Medium,Tier 2,Supermarket Type2,11.41,0.054,138.43,2009.0,2995.34
FD6941,Regular,Dairy,OUT004,Medium,Tier 2,Supermarket Type2,12.39,0.116,128.98,2009.0,3023.57
FD7659,Regular,Frozen Foods,OUT004,Medium,Tier 2,Supermarket Type2,13.89,0.048,155.59,2009.0,3908.2
NC7558,No Sugar,Health and Hygiene,OUT001,High,Tier 2,Supermarket Type1,10.07,0.035,126.01,1987.0,2438.51
FD6189,Low Sugar,Frozen Foods,OUT004,Medium,Tier 2,Supermarket Type2,13.65,0.096,155.42,2009.0,3850.43
FD521,Low Sugar,Fruits and Vegetables,OUT001,High,Tier 2,Supermarket Type1,6.16,0.047,96.51,1987.0,4439.28
FD5623,Low Sugar,Fruits and Vegetables,OUT001,High,Tier 2,Supermarket Type1,12.99,0.121,210.15,1987.0,4820.58
NC8757,No Sugar,Health and Hygiene,OUT004,Medium,Tier 2,Supermarket Type2,10.87,0.007,143.98,2009.0,2988.38
DR3820,Low Sugar,Soft Drinks,OUT002,Small,Tier 3,Food Mart,7.63,0.077,128.77,1998.0,1943.93
FD240,Low Sugar,Dairy,OUT004,Medium,Tier 2,Supermarket Type2,13.48,0.066,155.95,2009.0,2703.72
FD7643,Low Sugar,Frozen Foods,OUT004,Medium,Tier 2,Supermarket Type2,12.21,0.021,142.91,2009.0,3268.26
DR5012,Regular,Hard Drinks,OUT004,Medium,Tier 2,Supermarket Type2,12.41,0.026,118.27,2009.0,2809.7
FD6285,reg,Frozen Foods,OUT001,High,Tier 2,Supermarket Type1,13.54,0.031,190.24,1987.0,4538.83
FD3705,Low Sugar,Canned,OUT002,Small,Tier 3,Food Mart,8.93,0.023,118.25,1998.0,2023.65
FD7368,Regular,Starchy Foods,OUT001,High,Tier 2,Supermarket Type1,14.41,0.027,163.46,1987.0,4185.91
FD7627,Low Sugar,Fruits and Vegetables,OUT004,Medium,Tier 2,Supermarket Type2,13.13,0.089,142.33,2009.0,3465.98
FD7494,Low Sugar,Starchy Foods,OUT004,Medium,Tier 2,Supermarket Type2,11.96,0.064,156.81,2009.0,3496.06
NC8212,No Sugar,Others,OUT001,High,Tier 2,Supermarket Type1,14.67,0.03,155.11,1987.0,4073.4
NC5060,No Sugar,Household,OUT004,Medium,Tier 2,Supermarket Type2,13.41,0.081,150.6,2009.0,3696.93
FD3022,Low Sugar,Dairy,OUT002,Small,Tier 3,Food Mart,10.51,0.048,76.35,1998.0,1522.42
FD4628,Regular,Seafood,OUT001,High,Tier 2,Supermarket Type1,13.71,0.121,162.82,1987.0,4015.21
FD5055,Low Sugar,Breads,OUT004,Medium,Tier 2,Supermarket Type2,11.1,0.053,122.31,2009.0,2596.24
FD142,Regular,Canned,OUT004,Medium,Tier 2,Supermarket Type2,12.35,0.005,157.91,2009.0,4345.5
FD4303,Regular,Frozen Foods,OUT004,Medium,Tier 2,Supermarket Type2,13.67,0.036,134.98,2009.0,3437.5
FD1302,Low Sugar,Baking Goods,OUT004,Medium,Tier 2,Supermarket Type2,12.01,0.032,147.05,2009.0,3307.71
NC4849,No Sugar,Others,OUT004,Medium,Tier 2,Supermarket Type2,11.48,0.099,122.62,2009.0,2689.48
FD7647,Low Sugar,Fruits and Vegetables,OUT001,High,Tier 2,Supermarket Type1,9.32,0.042,127.59,1987.0,2301.68
FD595,Low Sugar,Snack Foods,OUT002,Small,Tier 3,Food Mart,13.12,0.227,128.71,1998.0,1459.49
NC6962,No Sugar,Household,OUT004,Medium,Tier 2,Supermarket Type2,11.68,0.015,163.8,2009.0,3576.8
FD8311,Regular,Meat,OUT002,Small,Tier 3,Food Mart,9.85,0.044,96.8,1998.0,1791.63
DR397,Low Sugar,Hard Drinks,OUT002,Small,Tier 3,Food Mart,15.1,0.17,193.93,1998.0,705.86
DR2975,Regular,Hard Drinks,OUT001,High,Tier 2,Supermarket Type1,11.43,0.143,104.91,1987.0,2315.21
FD5097,Low Sugar,Canned,OUT004,Medium,Tier 2,Supermarket Type2,11.02,0.094,134.32,2009.0,2823.5
FD5692,Low Sugar,Fruits and Vegetables,OUT002,Small,Tier 3,Food Mart,7.89,0.048,110.15,1998.0,1621.34
FD8465,Regular,Snack Foods,OUT004,Medium,Tier 2,Supermarket Type2,12.93,0.029,130.35,2009.0,3173.86
FD5705,Low Sugar,Fruits and Vegetables,OUT004,Medium,Tier 2,Supermarket Type2,11.35,0.032,118.98,2009.0,2584.33
DR1204,Low Sugar,Hard Drinks,OUT004,Medium,Tier 2,Supermarket Type2,12.33,0.185,159.15,2009.0,3629.33
FD8709,Regular,Baking Goods,OUT002,Small,Tier 3,Food Mart,10.49,0.07,93.99,1998.0,1879.3
FD623,Low Sugar,Fruits and Vegetables,OUT004,Medium,Tier 2,Supermarket Type2,11.3,0.029,130.27,2009.0,2803.51
FD7894,Regular,Dairy,OUT002,Small,Tier 3,Food Mart,9.42,0.074,103.32,1998.0,1828.94
FD7676,Regular,Canned,OUT004,Medium,Tier 2,Supermarket Type2,15.99,0.046,121.52,2009.0,3684.8
FD3629,Low Sugar,Dairy,OUT004,Medium,Tier 2,Supermarket Type2,13.81,0.056,137.22,2009.0,3514.42
NC892,No Sugar,Health and Hygiene,OUT004,Medium,Tier 2,Supermarket Type2,16.46,0.073,126.51,2009.0,3894.09
FD1714,Low Sugar,Frozen Foods,OUT001,High,Tier 2,Supermarket Type1,17.72,0.018,147.71,1987.0,4612.6
FD1120,Low Sugar,Fruits and Vegetables,OUT004,Medium,Tier 2,Supermarket Type2,12.73,0.056,144.22,2009.0,3412.48
DR8062,Regular,Soft Drinks,OUT001,High,Tier 2,Supermarket Type1,14.39,0.047,191.54,1987.0,4756.86
FD1753,Low Sugar,Canned,OUT004,Medium,Tier 2,Supermarket Type2,12.34,0.168,156.47,2009.0,3576.27
FD7410,Low Sugar,Dairy,OUT004,Medium,Tier 2,Supermarket Type2,13.51,0.131,131.84,2009.0,3336.51
FD4033,Low Sugar,Meat,OUT004,Medium,Tier 2,Supermarket Type2,12.99,0.038,155.48,2009.0,3701.33
FD533,Low Sugar,Canned,OUT001,High,Tier 2,Supermarket Type1,11.82,0.104,81.45,1987.0,4512.55
DR2236,Regular,Hard Drinks,OUT004,Medium,Tier 2,Supermarket Type2,12.27,0.022,127.72,2009.0,2970.89
FD8149,Regular,Breakfast,OUT002,Small,Tier 3,Food Mart,11.7,0.007,98.39,1998.0,2243.79
FD5324,Low Sugar,Meat,OUT004,Medium,Tier 2,Supermarket Type2,14.76,0.076,130.99,2009.0,3601.2
NC7848,No Sugar,Household,OUT001,High,Tier 2,Supermarket Type1,11.23,0.066,115.7,1987.0,2490.69
NC1550,No Sugar,Household,OUT001,High,Tier 2,Supermarket Type1,13.52,0.092,190.15,1987.0,4532.23
FD6493,Low Sugar,Baking Goods,OUT004,Medium,Tier 2,Supermarket Type2,9.67,0.064,133.88,2009.0,2511.14
FD5650,Regular,Fruits and Vegetables,OUT001,High,Tier 2,Supermarket Type1,14.46,0.058,181.06,1987.0,4558.79
FD3203,Low Sugar,Frozen Foods,OUT004,Medium,Tier 2,Supermarket Type2,10.37,0.117,141.27,2009.0,2818.47
FD6159,Regular,Frozen Foods,OUT002,Small,Tier 3,Food Mart,7.18,0.108,111.69,1998.0,1492.4
FD2214,Low Sugar,Frozen Foods,OUT004,Medium,Tier 2,Supermarket Type2,12.95,0.03,99.23,2009.0,2542.86
FD2873,Low Sugar,Frozen Foods,OUT004,Medium,Tier 2,Supermarket Type2,11.29,0.028,147.07,2009.0,3146.78
FD1150,Low Sugar,Frozen Foods,OUT004,Medium,Tier 2,Supermarket Type2,14.07,0.074,155.36,2009.0,3944.98
FD3286,Low Sugar,Fruits and Vegetables,OUT001,High,Tier 2,Supermarket Type1,15.07,0.014,176.85,1987.0,4610.46
FD8239,Regular,Baking Goods,OUT004,Medium,Tier 2,Supermarket Type2,13.37,0.164,143.37,2009.0,3541.2
DR1112,Low Sugar,Soft Drinks,OUT004,Medium,Tier 2,Supermarket Type2,10.11,0.09,136.13,2009.0,2655.65
FD6425,Low Sugar,Fruits and Vegetables,OUT004,Medium,Tier 2,Supermarket Type2,14.68,0.027,139.47,2009.0,3756.45
FD3399,Low Sugar,Snack Foods,OUT001,High,Tier 2,Supermarket Type1,15.75,0.036,173.64,1987.0,4698.17
NC7655,No Sugar,Health and Hygiene,OUT001,High,Tier 2,Supermarket Type1,13.45,0.109,169.56,1987.0,4094.82
NC8088,No Sugar,Health and Hygiene,OUT004,Medium,Tier 2,Supermarket Type2,13.53,0.149,144.49,2009.0,3600.1
DR1604,Regular,Soft Drinks,OUT004,Medium,Tier 2,Supermarket Type2,12.81,0.028,124.88,2009.0,3036.35
FD7824,Low Sugar,Fruits and Vegetables,OUT004,Medium,Tier 2,Supermarket Type2,14.48,0.108,114.8,2009.0,3206.01
FD4392,Regular,Meat,OUT002,Small,Tier 3,Food Mart,11.35,0.018,84.89,1998.0,1888.47
NC7754,No Sugar,Health and Hygiene,OUT004,Medium,Tier 2,Supermarket Type2,11.91,0.098,160.78,2009.0,3566.9
FD3786,Regular,Dairy,OUT001,High,Tier 2,Supermarket Type1,9.65,0.133,124.45,1987.0,2312.25
DR8447,Regular,Hard Drinks,OUT001,High,Tier 2,Supermarket Type1,15.03,0.035,147.59,1987.0,4001.63
FD8035,Regular,Fruits and Vegetables,OUT002,Small,Tier 3,Food Mart,9.23,0.105,110.49,1998.0,1932.58
FD8051,Low Sugar,Dairy,OUT004,Medium,Tier 2,Supermarket Type2,10.03,0.047,140.57,2009.0,2728.83
FD2987,Low Sugar,Frozen Foods,OUT004,Medium,Tier 2,Supermarket Type2,11.91,0.14,110.62,2009.0,2539.49
FD8425,Regular,Breads,OUT004,Medium,Tier 2,Supermarket Type2,10.87,0.027,132.68,2009.0,2756.8
FD5784,Regular,Frozen Foods,OUT004,Medium,Tier 2,Supermarket Type2,12.02,0.089,153.28,2009.0,3438.3
FD6894,Low Sugar,Baking Goods,OUT001,High,Tier 2,Supermarket Type1,13.91,0.098,186.73,1987.0,4548.76
FD2728,Low Sugar,Fruits and Vegetables,OUT004,Medium,Tier 2,Supermarket Type2,12.38,0.112,164.34,2009.0,3745.5
FD4807,Regular,Meat,OUT002,Small,Tier 3,Food Mart,12.22,0.014,81.67,1998.0,2017.28
DR8598,Low Sugar,Soft Drinks,OUT004,Medium,Tier 2,Supermarket Type2,14.57,0.036,117.44,2009.0,3280.34
DR2887,Low Sugar,Hard Drinks,OUT004,Medium,Tier 2,Supermarket Type2,13.35,0.118,120.89,2009.0,3076.65
NC2572,No Sugar,Health and Hygiene,OUT004,Medium,Tier 2,Supermarket Type2,12.66,0.141,146.25,2009.0,3439.9
NC2257,No Sugar,Health and Hygiene,OUT001,High,Tier 2,Supermarket Type1,13.2,0.019,194.9,1987.0,4557.23
FD6728,Regular,Snack Foods,OUT004,Medium,Tier 2,Supermarket Type2,12.87,0.035,171.04,2009.0,3992.85
NC6660,No Sugar,Household,OUT004,Medium,Tier 2,Supermarket Type2,15.16,0.046,145.42,2009.0,3987.28
FD2583,Regular,Breads,OUT004,Medium,Tier 2,Supermarket Type2,11.68,0.04,128.59,2009.0,2855.37
FD7650,Low Sugar,Meat,OUT002,Small,Tier 3,Food Mart,11.83,0.006,92.83,1998.0,2157.83
FD7225,Low Sugar,Seafood,OUT004,Medium,Tier 2,Supermarket Type2,11.8,0.036,142.71,2009.0,3171.85
FD1509,Low Sugar,Frozen Foods,OUT001,High,Tier 2,Supermarket Type1,7.94,0.036,150.78,1987.0,2464.78
FD3234,Low Sugar,Meat,OUT004,Medium,Tier 2,Supermarket Type2,12.73,0.028,166.77,2009.0,3873.6
FD4953,Regular,Frozen Foods,OUT004,Medium,Tier 2,Supermarket Type2,11.66,0.034,141.28,2009.0,3111.45
FD3139,Low Sugar,Starchy Foods,OUT004,Medium,Tier 2,Supermarket Type2,11.91,0.036,147.64,2009.0,3297.33
DR4889,Low Sugar,Soft Drinks,OUT001,High,Tier 2,Supermarket Type1,17.84,0.037,148.23,1987.0,4650.04
FD6446,Low Sugar,Fruits and Vegetables,OUT004,Medium,Tier 2,Supermarket Type2,11.55,0.038,144.6,2009.0,3153.27
FD6534,Low Sugar,Baking Goods,OUT002,Small,Tier 3,Food Mart,11.34,0.013,90.26,1998.0,1995.1
NC6284,No Sugar,Household,OUT004,Medium,Tier 2,Supermarket Type2,13.96,0.044,121.53,2009.0,3225.98
FD3781,Regular,Snack Foods,OUT001,High,Tier 2,Supermarket Type1,13.13,0.076,203.58,1987.0,4717.96
FD8092,Low Sugar,Dairy,OUT004,Medium,Tier 2,Supermarket Type2,12.23,0.184,138.03,2009.0,3173.89
NC2809,No Sugar,Household,OUT004,Medium,Tier 2,Supermarket Type2,13.07,0.036,115.87,2009.0,2909.34
FD3136,Low Sugar,Canned,OUT001,High,Tier 2,Supermarket Type1,16.5,0.11,160.79,1987.0,4605.22
FD1334,Low Sugar,Frozen Foods,OUT004,Medium,Tier 2,Supermarket Type2,13.67,0.028,141.51,2009.0,3570.19
FD1754,Low Sugar,Snack Foods,OUT004,Medium,Tier 2,Supermarket Type2,12.09,0.039,171.5,2009.0,3826.91
FD7504,Low Sugar,Snack Foods,OUT001,High,Tier 2,Supermarket Type1,15.4,0.058,169.62,1987.0,4536.38
FD1461,Low Sugar,Breads,OUT004,Medium,Tier 2,Supermarket Type2,9.8,0.084,155.16,2009.0,2975.47
FD6417,Low Sugar,Fruits and Vegetables,OUT004,Medium,Tier 2,Supermarket Type2,13.6,0.017,159.2,2009.0,3915.2
FD3296,Low Sugar,Frozen Foods,OUT004,Medium,Tier 2,Supermarket Type2,12.98,0.137,147.22,2009.0,3531.82
FD4927,Regular,Breads,OUT001,High,Tier 2,Supermarket Type1,10.07,0.049,119.27,1987.0,2301.45
NC7283,No Sugar,Health and Hygiene,OUT004,Medium,Tier 2,Supermarket Type2,13.48,0.061,152.22,2009.0,3746.65
FD928,Low Sugar,Frozen Foods,OUT004,Medium,Tier 2,Supermarket Type2,12.38,0.16,154.0,2009.0,3533.32
FD2012,Low Sugar,Fruits and Vegetables,OUT004,Medium,Tier 2,Supermarket Type2,10.1,0.07,131.73,2009.0,2563.13
FD7286,Regular,Seafood,OUT004,Medium,Tier 2,Supermarket Type2,11.51,0.069,163.1,2009.0,3523.9
FD1232,Low Sugar,Snack Foods,OUT001,High,Tier 2,Supermarket Type1,16.33,0.099,165.11,1987.0,4653.82
FD8443,Regular,Frozen Foods,OUT004,Medium,Tier 2,Supermarket Type2,13.93,0.036,109.48,2009.0,2973.46
NC6250,No Sugar,Household,OUT004,Medium,Tier 2,Supermarket Type2,14.25,0.014,135.66,2009.0,3581.44
NC6763,No Sugar,Health and Hygiene,OUT004,Medium,Tier 2,Supermarket Type2,12.15,0.012,128.65,2009.0,2962.87
DR5987,Regular,Soft Drinks,OUT004,Medium,Tier 2,Supermarket Type2,11.09,0.025,118.29,2009.0,2511.66
FD7479,Low Sugar,Snack Foods,OUT004,Medium,Tier 2,Supermarket Type2,13.1,0.16,139.51,2009.0,3399.29
FD7075,Low Sugar,Meat,OUT004,Medium,Tier 2,Supermarket Type2,13.1,0.035,119.36,2009.0,2989.0
FD5188,Low Sugar,Fruits and Vegetables,OUT001,High,Tier 2,Supermarket Type1,11.61,0.092,106.19,1987.0,2381.12
FD4415,Low Sugar,Canned,OUT004,Medium,Tier 2,Supermarket Type2,10.94,0.074,157.78,2009.0,3286.41
FD5827,Low Sugar,Dairy,OUT001,High,Tier 2,Supermarket Type1,8.74,0.048,136.24,1987.0,2347.49
DR5085,Regular,Hard Drinks,OUT004,Medium,Tier 2,Supermarket Type2,16.51,0.075,129.85,2009.0,3972.95
FD2267,Regular,Meat,OUT004,Medium,Tier 2,Supermarket Type2,15.16,0.13,132.89,2009.0,3731.74
NC2798,No Sugar,Household,OUT004,Medium,Tier 2,Supermarket Type2,13.94,0.03,95.32,2009.0,2686.2
FD1441,Low Sugar,Dairy,OUT004,Medium,Tier 2,Supermarket Type2,12.18,0.099,172.32,2009.0,3864.24
FD7147,Low Sugar,Breads,OUT004,Medium,Tier 2,Supermarket Type2,12.39,0.034,143.74,2009.0,3327.51
FD4740,Low Sugar,Baking Goods,OUT001,High,Tier 2,Supermarket Type1,13.97,0.012,189.11,1987.0,4612.44
FD3448,Regular,Dairy,OUT004,Medium,Tier 2,Supermarket Type2,11.05,0.076,164.46,2009.0,3447.33
FD6131,Regular,Dairy,OUT004,Medium,Tier 2,Supermarket Type2,14.41,0.084,124.18,2009.0,3383.14
FD3669,Low Sugar,Dairy,OUT001,High,Tier 2,Supermarket Type1,14.46,0.075,158.71,1987.0,4100.95
FD4841,Low Sugar,Snack Foods,OUT001,High,Tier 2,Supermarket Type1,10.27,0.27,120.26,1987.0,2367.16
FD2395,Low Sugar,Frozen Foods,OUT002,Small,Tier 3,Food Mart,8.47,0.145,105.74,1998.0,1663.43
FD7808,Low Sugar,Frozen Foods,OUT004,Medium,Tier 2,Supermarket Type2,14.05,0.026,148.45,2009.0,3796.94
NC6799,No Sugar,Health and Hygiene,OUT004,Medium,Tier 2,Supermarket Type2,13.13,0.131,139.3,2009.0,3403.68
FD1399,Low Sugar,Baking Goods,OUT004,Medium,Tier 2,Supermarket Type2,11.32,0.066,130.05,2009.0,2804.28
FD5450,Low Sugar,Frozen Foods,OUT001,High,Tier 2,Supermarket Type1,10.94,0.026,119.27,1987.0,2499.11
FD941,Low Sugar,Breakfast,OUT004,Medium,Tier 2,Supermarket Type2,10.59,0.12,159.52,2009.0,3243.08
FD3519,Low Sugar,Frozen Foods,OUT004,Medium,Tier 2,Supermarket Type2,13.59,0.053,145.62,2009.0,3635.47
FD1626,Regular,Frozen Foods,OUT004,Medium,Tier 2,Supermarket Type2,10.41,0.073,148.34,2009.0,2973.15
FD3752,Regular,Frozen Foods,OUT004,Medium,Tier 2,Supermarket Type2,9.22,0.038,143.8,2009.0,2610.94
FD4038,Regular,Fruits and Vegetables,OUT004,Medium,Tier 2,Supermarket Type2,12.94,0.133,156.64,2009.0,3714.37
DR5026,Low Sugar,Hard Drinks,OUT004,Medium,Tier 2,Supermarket Type2,12.22,0.02,135.23,2009.0,3113.2
FD7134,Low Sugar,Seafood,OUT001,High,Tier 2,Supermarket Type1,13.64,0.021,163.72,1987.0,4017.87
NC5360,No Sugar,Health and Hygiene,OUT004,Medium,Tier 2,Supermarket Type2,12.67,0.054,158.53,2009.0,3691.88
DR1617,Low Sugar,Soft Drinks,OUT004,Medium,Tier 2,Supermarket Type2,13.43,0.016,122.96,2009.0,3135.81
FD915,Low Sugar,Snack Foods,OUT004,Medium,Tier 2,Supermarket Type2,12.74,0.037,157.51,2009.0,3686.93
NC3400,No Sugar,Household,OUT001,High,Tier 2,Supermarket Type1,15.65,0.142,179.45,1987.0,4793.09
FD7068,Low Sugar,Canned,OUT004,Medium,Tier 2,Supermarket Type2,13.54,0.093,152.82,2009.0,3772.87
FD5772,Low Sugar,Dairy,OUT004,Medium,Tier 2,Supermarket Type2,13.2,0.125,150.37,2009.0,3644.17
FD7117,Regular,Frozen Foods,OUT004,Medium,Tier 2,Supermarket Type2,14.18,0.087,153.99,2009.0,3941.76
DR7564,Regular,Hard Drinks,OUT004,Medium,Tier 2,Supermarket Type2,11.33,0.036,156.12,2009.0,3341.22
DR5572,Regular,Soft Drinks,OUT001,High,Tier 2,Supermarket Type1,13.6,0.057,168.31,1987.0,4102.35
FD7565,Low Sugar,Meat,OUT004,Medium,Tier 2,Supermarket Type2,11.72,0.01,116.1,2009.0,2609.82
DR6153,Low Sugar,Soft Drinks,OUT001,High,Tier 2,Supermarket Type1,13.9,0.079,185.16,1987.0,4515.95
FD652,Low Sugar,Baking Goods,OUT001,High,Tier 2,Supermarket Type1,14.83,0.147,183.62,1987.0,4693.97
FD5205,Low Sugar,Snack Foods,OUT004,Medium,Tier 2,Supermarket Type2,13.1,0.037,142.85,2009.0,3469.59
FD3546,Low Sugar,Dairy,OUT004,Medium,Tier 2,Supermarket Type2,10.9,0.029,131.3,2009.0,2735.89
NC6420,No Sugar,Health and Hygiene,OUT004,Medium,Tier 2,Supermarket Type2,14.05,0.04,137.43,2009.0,3573.44
DR3777,Low Sugar,Hard Drinks,OUT004,Medium,Tier 2,Supermarket Type2,13.68,0.033,141.99,2009.0,3581.72
FD8064,Low Sugar,Snack Foods,OUT004,Medium,Tier 2,Supermarket Type2,11.15,0.031,132.22,2009.0,2810.51
NC6881,No Sugar,Health and Hygiene,OUT001,High,Tier 2,Supermarket Type1,10.74,0.011,113.12,1987.0,2327.1
FD8201,Low Sugar,Frozen Foods,OUT002,Small,Tier 3,Food Mart,9.19,0.116,123.58,1998.0,2191.14
FD1921,Regular,Meat,OUT004,Medium,Tier 2,Supermarket Type2,10.4,0.029,135.2,2009.0,2702.68
FD8357,Regular,Snack Foods,OUT001,High,Tier 2,Supermarket Type1,13.53,0.048,193.39,1987.0,4599.89
DR5682,Low Sugar,Hard Drinks,OUT004,Medium,Tier 2,Supermarket Type2,13.11,0.068,162.07,2009.0,3863.85
FD5215,Regular,Snack Foods,OUT004,Medium,Tier 2,Supermarket Type2,14.76,0.152,96.1,2009.0,2887.41
FD242,Low Sugar,Fruits and Vegetables,OUT001,High,Tier 2,Supermarket Type1,11.55,0.035,90.8,1987.0,2424.75
FD4669,Low Sugar,Breads,OUT001,High,Tier 2,Supermarket Type1,14.12,0.05,165.3,1987.0,4159.11
FD5753,reg,Frozen Foods,OUT004,Medium,Tier 2,Supermarket Type2,12.67,0.047,124.48,2009.0,2996.63
FD1941,Low Sugar,Baking Goods,OUT004,Medium,Tier 2,Supermarket Type2,12.44,0.047,159.73,2009.0,3664.91
FD5857,Low Sugar,Canned,OUT004,Medium,Tier 2,Supermarket Type2,13.81,0.174,137.42,2009.0,3517.41
FD4455,Low Sugar,Snack Foods,OUT001,High,Tier 2,Supermarket Type1,13.37,0.074,194.86,1987.0,4594.95
FD6836,Low Sugar,Frozen Foods,OUT004,Medium,Tier 2,Supermarket Type2,12.62,0.049,119.51,2009.0,2881.91
DR7580,Regular,Soft Drinks,OUT001,High,Tier 2,Supermarket Type1,8.81,0.073,138.65,1987.0,2413.78
FD3148,Low Sugar,Snack Foods,OUT004,Medium,Tier 2,Supermarket Type2,10.65,0.055,154.47,2009.0,3153.49
FD223,Regular,Meat,OUT002,Small,Tier 3,Food Mart,15.42,0.047,150.21,1998.0,1594.65
NC2913,No Sugar,Health and Hygiene,OUT004,Medium,Tier 2,Supermarket Type2,13.36,0.067,130.26,2009.0,3269.81
FD7914,Low Sugar,Dairy,OUT001,High,Tier 2,Supermarket Type1,14.16,0.017,182.85,1987.0,4527.46
FD3731,Low Sugar,Canned,OUT004,Medium,Tier 2,Supermarket Type2,10.01,0.107,157.42,2009.0,3068.89
DR3580,Low Sugar,Soft Drinks,OUT004,Medium,Tier 2,Supermarket Type2,10.56,0.051,143.92,2009.0,2917.5
FD5535,Low Sugar,Dairy,OUT004,Medium,Tier 2,Supermarket Type2,11.07,0.034,156.4,2009.0,3286.7
DR7992,reg,Soft Drinks,OUT002,Small,Tier 3,Food Mart,11.89,0.055,80.76,1998.0,1925.64
FD6832,Low Sugar,Snack Foods,OUT001,High,Tier 2,Supermarket Type1,10.32,0.053,123.72,1987.0,2449.63
NC8428,No Sugar,Others,OUT004,Medium,Tier 2,Supermarket Type2,10.77,0.191,143.53,2009.0,2956.85
NC4027,No Sugar,Health and Hygiene,OUT001,High,Tier 2,Supermarket Type1,12.7,0.061,174.37,1987.0,4022.82
DR7581,Low Sugar,Soft Drinks,OUT004,Medium,Tier 2,Supermarket Type2,10.72,0.163,150.44,2009.0,3085.1
FD7169,Regular,Frozen Foods,OUT004,Medium,Tier 2,Supermarket Type2,14.15,0.052,133.72,2009.0,3519.26
FD753,Regular,Frozen Foods,OUT004,Medium,Tier 2,Supermarket Type2,14.51,0.055,139.9,2009.0,3726.7
FD776,Low Sugar,Frozen Foods,OUT004,Medium,Tier 2,Supermarket Type2,10.69,0.025,146.43,2009.0,2997.02
FD4490,Low Sugar,Fruits and Vegetables,OUT004,Medium,Tier 2,Supermarket Type2,13.07,0.019,123.23,2009.0,3060.38
FD6224,Regular,Baking Goods,OUT002,Small,Tier 3,Food Mart,8.05,0.039,103.58,1998.0,1524.79
FD5489,Low Sugar,Fruits and Vegetables,OUT004,Medium,Tier 2,Supermarket Type2,11.42,0.081,163.88,2009.0,3520.32
NC615,No Sugar,Household,OUT004,Medium,Tier 2,Supermarket Type2,11.89,0.072,159.91,2009.0,3543.47
FD5775,Low Sugar,Fruits and Vegetables,OUT004,Medium,Tier 2,Supermarket Type2,11.93,0.105,178.76,2009.0,3940.15
FD1152,Low Sugar,Snack Foods,OUT004,Medium,Tier 2,Supermarket Type2,9.81,0.045,176.97,2009.0,3422.8
DR8235,Regular,Soft Drinks,OUT004,Medium,Tier 2,Supermarket Type2,12.89,0.047,151.99,2009.0,3608.05
FD1835,Low Sugar,Fruits and Vegetables,OUT004,Medium,Tier 2,Supermarket Type2,12.85,0.074,136.43,2009.0,3280.11
FD3894,Regular,Dairy,OUT004,Medium,Tier 2,Supermarket Type2,13.97,0.117,105.52,2009.0,2902.79
NC8703,No Sugar,Household,OUT004,Medium,Tier 2,Supermarket Type2,9.36,0.026,149.56,2009.0,2760.29
FD1391,Low Sugar,Starchy Foods,OUT001,High,Tier 2,Supermarket Type1,10.02,0.058,121.03,1987.0,2325.81
FD4488,Low Sugar,Snack Foods,OUT001,High,Tier 2,Supermarket Type1,14.46,0.061,188.66,1987.0,4714.48
FD5394,Low Sugar,Canned,OUT004,Medium,Tier 2,Supermarket Type2,11.43,0.021,123.46,2009.0,2694.93
FD8143,Low Sugar,Baking Goods,OUT001,High,Tier 2,Supermarket Type1,14.72,0.115,154.67,1987.0,4077.18
FD1118,Low Sugar,Fruits and Vegetables,OUT002,Small,Tier 3,Food Mart,9.35,0.064,111.63,1998.0,1982.48
FD5377,Low Sugar,Frozen Foods,OUT004,Medium,Tier 2,Supermarket Type2,11.41,0.159,135.52,2009.0,2937.68
FD1298,Low Sugar,Frozen Foods,OUT004,Medium,Tier 2,Supermarket Type2,10.77,0.014,129.05,2009.0,2658.68
FD5098,Low Sugar,Snack Foods,OUT004,Medium,Tier 2,Supermarket Type2,10.55,0.03,132.86,2009.0,2688.46
DR447,Low Sugar,Soft Drinks,OUT004,Medium,Tier 2,Supermarket Type2,9.99,0.042,171.44,2009.0,3938.84
FD420,Low Sugar,Canned,OUT001,High,Tier 2,Supermarket Type1,8.02,0.065,124.97,1987.0,3090.42
DR4665,Low Sugar,Soft Drinks,OUT004,Medium,Tier 2,Supermarket Type2,13.87,0.088,117.65,2009.0,3126.8
FD4805,Low Sugar,Meat,OUT004,Medium,Tier 2,Supermarket Type2,13.8,0.036,135.45,2009.0,3475.59
FD326,Low Sugar,Frozen Foods,OUT004,Medium,Tier 2,Supermarket Type2,11.42,0.041,147.65,2009.0,3582.92
FD4755,Low Sugar,Baking Goods,OUT004,Medium,Tier 2,Supermarket Type2,13.58,0.104,130.78,2009.0,3330.43
FD6213,Low Sugar,Fruits and Vegetables,OUT001,High,Tier 2,Supermarket Type1,11.33,0.077,190.77,1987.0,4049.72
FD8424,Low Sugar,Fruits and Vegetables,OUT001,High,Tier 2,Supermarket Type1,14.57,0.149,182.01,1987.0,4602.52
FD7227,Low Sugar,Baking Goods,OUT004,Medium,Tier 2,Supermarket Type2,12.4,0.021,114.35,2009.0,2727.71
NC5084,No Sugar,Household,OUT004,Medium,Tier 2,Supermarket Type2,10.92,0.116,132.16,2009.0,2756.93
FD7119,Low Sugar,Dairy,OUT004,Medium,Tier 2,Supermarket Type2,12.55,0.039,152.82,2009.0,3548.52
FD7486,Regular,Dairy,OUT004,Medium,Tier 2,Supermarket Type2,12.16,0.024,123.09,2009.0,2853.08
NC4552,No Sugar,Household,OUT004,Medium,Tier 2,Supermarket Type2,12.6,0.087,145.18,2009.0,3403.01
FD5611,Regular,Snack Foods,OUT004,Medium,Tier 2,Supermarket Type2,11.24,0.068,128.89,2009.0,2763.2
FD6771,Regular,Canned,OUT001,High,Tier 2,Supermarket Type1,13.87,0.122,167.69,1987.0,4150.47
FD3966,Regular,Canned,OUT002,Small,Tier 3,Food Mart,8.42,0.041,106.32,1998.0,1663.94
NC3412,No Sugar,Household,OUT002,Small,Tier 3,Food Mart,9.92,0.015,113.94,1998.0,2158.8
FD8289,Low Sugar,Fruits and Vegetables,OUT002,Small,Tier 3,Food Mart,10.41,0.045,94.13,1998.0,1863.54
FD7671,Low Sugar,Meat,OUT004,Medium,Tier 2,Supermarket Type2,10.24,0.016,169.41,2009.0,3365.07
FD5010,Regular,Meat,OUT004,Medium,Tier 2,Supermarket Type2,12.85,0.074,140.26,2009.0,3358.61
FD2692,Low Sugar,Starchy Foods,OUT004,Medium,Tier 2,Supermarket Type2,11.87,0.14,128.01,2009.0,2887.03
FD7720,Regular,Fruits and Vegetables,OUT001,High,Tier 2,Supermarket Type1,13.23,0.162,174.14,1987.0,4137.97
FD813,Regular,Fruits and Vegetables,OUT004,Medium,Tier 2,Supermarket Type2,13.42,0.089,162.27,2009.0,3938.99
FD6810,Regular,Fruits and Vegetables,OUT001,High,Tier 2,Supermarket Type1,14.11,0.063,160.54,1987.0,4059.72
FD2516,Low Sugar,Meat,OUT004,Medium,Tier 2,Supermarket Type2,11.63,0.043,141.38,2009.0,3106.32
FD3566,Regular,Canned,OUT004,Medium,Tier 2,Supermarket Type2,10.87,0.123,122.84,2009.0,2556.08
FD2385,Low Sugar,Fruits and Vegetables,OUT004,Medium,Tier 2,Supermarket Type2,12.26,0.057,136.75,2009.0,3155.15
FD7209,Low Sugar,Baking Goods,OUT004,Medium,Tier 2,Supermarket Type2,13.16,0.019,160.93,2009.0,3853.02
NC6788,No Sugar,Health and Hygiene,OUT004,Medium,Tier 2,Supermarket Type2,13.72,0.011,144.14,2009.0,3635.54
FD1137,Low Sugar,Fruits and Vegetables,OUT001,High,Tier 2,Supermarket Type1,15.15,0.048,178.89,1987.0,4669.85
FD6826,Low Sugar,Baking Goods,OUT002,Small,Tier 3,Food Mart,10.77,0.036,103.87,1998.0,2144.87
NC1665,No Sugar,Health and Hygiene,OUT001,High,Tier 2,Supermarket Type1,8.43,0.026,137.92,1987.0,2312.43
FD321,Low Sugar,Fruits and Vegetables,OUT004,Medium,Tier 2,Supermarket Type2,15.12,0.143,132.98,2009.0,2562.14
FD2473,Low Sugar,Fruits and Vegetables,OUT004,Medium,Tier 2,Supermarket Type2,11.0,0.035,147.9,2009.0,3096.5
FD7525,Regular,Frozen Foods,OUT004,Medium,Tier 2,Supermarket Type2,12.68,0.021,129.01,2009.0,3090.87
FD4267,Low Sugar,Frozen Foods,OUT001,High,Tier 2,Supermarket Type1,15.66,0.061,176.66,1987.0,4740.03
FD1930,Low Sugar,Snack Foods,OUT001,High,Tier 2,Supermarket Type1,10.58,0.04,121.29,1987.0,2457.01
FD7702,Regular,Fruits and Vegetables,OUT001,High,Tier 2,Supermarket Type1,11.09,0.079,116.91,1987.0,2482.79
FD6353,Regular,Canned,OUT004,Medium,Tier 2,Supermarket Type2,15.93,0.073,117.25,2009.0,3585.49
FD7995,Regular,Baking Goods,OUT002,Small,Tier 3,Food Mart,8.26,0.073,125.38,1998.0,2016.72
FD7626,Low Sugar,Frozen Foods,OUT002,Small,Tier 3,Food Mart,6.37,0.085,64.71,1998.0,350.0
FD6697,Low Sugar,Baking Goods,OUT004,Medium,Tier 2,Supermarket Type2,15.74,0.172,125.58,2009.0,3712.81
FD4342,Regular,Seafood,OUT002,Small,Tier 3,Food Mart,8.33,0.024,101.1,1998.0,1536.11
DR5455,Low Sugar,Hard Drinks,OUT002,Small,Tier 3,Food Mart,10.11,0.053,88.91,1998.0,1690.08
DR1566,Low Sugar,Soft Drinks,OUT004,Medium,Tier 2,Supermarket Type2,10.47,0.125,139.07,2009.0,2797.75
FD3432,Regular,Fruits and Vegetables,OUT002,Small,Tier 3,Food Mart,8.7,0.028,111.26,1998.0,1827.76
FD2651,Low Sugar,Frozen Foods,OUT002,Small,Tier 3,Food Mart,8.53,0.018,125.75,1998.0,2085.45
FD4642,Low Sugar,Frozen Foods,OUT004,Medium,Tier 2,Supermarket Type2,13.71,0.061,140.64,2009.0,3562.53
DR349,Regular,Soft Drinks,OUT004,Medium,Tier 2,Supermarket Type2,11.94,0.025,156.56,2009.0,2739.39
NC4133,No Sugar,Household,OUT001,High,Tier 2,Supermarket Type1,15.63,0.123,173.89,1987.0,4675.56
FD6205,Low Sugar,Fruits and Vegetables,OUT004,Medium,Tier 2,Supermarket Type2,12.55,0.186,156.55,2009.0,3623.9
FD3554,Regular,Baking Goods,OUT004,Medium,Tier 2,Supermarket Type2,11.96,0.066,179.92,2009.0,3968.8
FD1996,Regular,Snack Foods,OUT004,Medium,Tier 2,Supermarket Type2,13.13,0.033,163.4,2009.0,3895.37
FD4999,Low Sugar,Frozen Foods,OUT004,Medium,Tier 2,Supermarket Type2,12.07,0.013,151.58,2009.0,3414.2
FD8499,Regular,Fruits and Vegetables,OUT004,Medium,Tier 2,Supermarket Type2,16.19,0.067,126.46,2009.0,3831.71
FD4876,Low Sugar,Baking Goods,OUT004,Medium,Tier 2,Supermarket Type2,9.52,0.022,154.55,2009.0,2899.65
NC1288,No Sugar,Health and Hygiene,OUT004,Medium,Tier 2,Supermarket Type2,12.81,0.089,168.73,2009.0,3933.37
FD4093,Regular,Meat,OUT004,Medium,Tier 2,Supermarket Type2,8.99,0.123,176.56,2009.0,3230.57
FD1722,Low Sugar,Fruits and Vegetables,OUT004,Medium,Tier 2,Supermarket Type2,12.82,0.097,120.47,2009.0,2947.79
FD3730,Low Sugar,Frozen Foods,OUT004,Medium,Tier 2,Supermarket Type2,14.95,0.168,139.2,2009.0,3813.39
FD3003,Low Sugar,Frozen Foods,OUT002,Small,Tier 3,Food Mart,9.84,0.111,106.15,1998.0,1982.25
FD2730,Regular,Snack Foods,OUT001,High,Tier 2,Supermarket Type1,13.67,0.151,168.3,1987.0,4118.04
FD5912,Regular,Baking Goods,OUT004,Medium,Tier 2,Supermarket Type2,11.05,0.16,163.96,2009.0,3437.86
FD6546,Low Sugar,Meat,OUT002,Small,Tier 3,Food Mart,8.52,0.013,131.41,1998.0,2199.62
DR1075,Low Sugar,Soft Drinks,OUT004,Medium,Tier 2,Supermarket Type2,10.66,0.04,161.13,2009.0,3292.37
FD4837,reg,Dairy,OUT002,Small,Tier 3,Food Mart,8.36,0.077,111.56,1998.0,1757.87
FD1095,Low Sugar,Frozen Foods,OUT004,Medium,Tier 2,Supermarket Type2,12.5,0.063,163.97,2009.0,3765.35
FD6029,Low Sugar,Snack Foods,OUT004,Medium,Tier 2,Supermarket Type2,13.51,0.099,157.57,2009.0,3863.1
DR159,Low Sugar,Soft Drinks,OUT004,Medium,Tier 2,Supermarket Type2,10.85,0.094,160.07,2009.0,2873.34
NC2316,No Sugar,Household,OUT004,Medium,Tier 2,Supermarket Type2,10.11,0.031,135.36,2009.0,2640.81
FD4481,Regular,Frozen Foods,OUT004,Medium,Tier 2,Supermarket Type2,13.05,0.065,161.83,2009.0,3845.89
FD2204,Low Sugar,Fruits and Vegetables,OUT004,Medium,Tier 2,Supermarket Type2,11.84,0.036,133.55,2009.0,2993.91
FD1541,Regular,Snack Foods,OUT002,Small,Tier 3,Food Mart,11.52,0.042,56.33,1998.0,1340.97
FD3263,Low Sugar,Breakfast,OUT004,Medium,Tier 2,Supermarket Type2,13.1,0.046,133.97,2009.0,3286.68
NC4709,No Sugar,Health and Hygiene,OUT002,Small,Tier 3,Food Mart,9.36,0.025,104.17,1998.0,1831.4
NC1905,No Sugar,Health and Hygiene,OUT001,High,Tier 2,Supermarket Type1,15.0,0.056,157.07,1987.0,4188.5
FD5894,Regular,Canned,OUT004,Medium,Tier 2,Supermarket Type2,12.04,0.172,163.12,2009.0,3644.31
FD5090,Low Sugar,Breakfast,OUT004,Medium,Tier 2,Supermarket Type2,12.19,0.092,164.5,2009.0,3705.87
NC8142,No Sugar,Household,OUT004,Medium,Tier 2,Supermarket Type2,12.25,0.015,127.43,2009.0,2960.39
DR7634,Low Sugar,Soft Drinks,OUT001,High,Tier 2,Supermarket Type1,10.57,0.027,199.48,1987.0,4054.86
NC5392,No Sugar,Health and Hygiene,OUT004,Medium,Tier 2,Supermarket Type2,11.12,0.054,132.56,2009.0,2811.46
FD2615,Low Sugar,Baking Goods,OUT002,Small,Tier 3,Food Mart,11.91,0.053,73.22,1998.0,1775.13
DR3821,Regular,Soft Drinks,OUT004,Medium,Tier 2,Supermarket Type2,11.42,0.01,172.12,2009.0,3688.46
FD7825,Low Sugar,Baking Goods,OUT004,Medium,Tier 2,Supermarket Type2,14.31,0.063,123.68,2009.0,3350.4
FD6221,Low Sugar,Canned,OUT004,Medium,Tier 2,Supermarket Type2,13.4,0.041,139.02,2009.0,3458.94
NC2853,No Sugar,Household,OUT004,Medium,Tier 2,Supermarket Type2,13.28,0.018,142.71,2009.0,3506.32
FD7965,Low Sugar,Dairy,OUT001,High,Tier 2,Supermarket Type1,15.98,0.016,176.26,1987.0,4802.82
DR496,Low Sugar,Soft Drinks,OUT004,Medium,Tier 2,Supermarket Type2,11.7,0.108,127.24,2009.0,4021.37
FD6232,Regular,Dairy,OUT004,Medium,Tier 2,Supermarket Type2,9.1,0.067,189.09,2009.0,3511.32
FD4496,Regular,Meat,OUT004,Medium,Tier 2,Supermarket Type2,12.04,0.011,128.04,2009.0,2925.8
FD7656,Low Sugar,Meat,OUT004,Medium,Tier 2,Supermarket Type2,9.73,0.018,141.48,2009.0,2680.13
NC7492,No Sugar,Others,OUT002,Small,Tier 3,Food Mart,8.81,0.026,89.94,1998.0,1417.64
NC6401,No Sugar,Health and Hygiene,OUT004,Medium,Tier 2,Supermarket Type2,12.4,0.116,151.96,2009.0,3496.02
FD3913,Regular,Dairy,OUT004,Medium,Tier 2,Supermarket Type2,13.02,0.112,161.96,2009.0,3841.02
NC6390,No Sugar,Household,OUT004,Medium,Tier 2,Supermarket Type2,9.34,0.019,143.34,2009.0,2628.63
FD2838,Low Sugar,Snack Foods,OUT004,Medium,Tier 2,Supermarket Type2,13.07,0.014,146.04,2009.0,3526.31
FD1677,Low Sugar,Canned,OUT001,High,Tier 2,Supermarket Type1,12.83,0.03,95.15,1987.0,2431.56
NC2180,No Sugar,Household,OUT001,High,Tier 2,Supermarket Type1,15.88,0.047,180.04,1987.0,4857.42
FD4274,Regular,Dairy,OUT002,Small,Tier 3,Food Mart,9.18,0.171,115.82,1998.0,2030.87
FD6602,Regular,Baking Goods,OUT004,Medium,Tier 2,Supermarket Type2,12.03,0.04,131.83,2009.0,3001.19
NC4590,No Sugar,Others,OUT002,Small,Tier 3,Food Mart,9.96,0.118,120.32,1998.0,2298.72
FD2632,Regular,Dairy,OUT002,Small,Tier 3,Food Mart,9.84,0.021,106.54,1998.0,1989.09
FD2047,Low Sugar,Snack Foods,OUT004,Medium,Tier 2,Supermarket Type2,12.03,0.128,166.1,2009.0,3702.58
DR2201,Low Sugar,Hard Drinks,OUT002,Small,Tier 3,Food Mart,12.46,0.097,91.54,1998.0,2274.65
FD7066,Regular,Frozen Foods,OUT004,Medium,Tier 2,Supermarket Type2,13.48,0.129,142.83,2009.0,3554.49
FD1338,Low Sugar,Snack Foods,OUT002,Small,Tier 3,Food Mart,8.55,0.092,110.85,1998.0,1786.19
FD2598,Low Sugar,Baking Goods,OUT004,Medium,Tier 2,Supermarket Type2,10.59,0.175,145.88,2009.0,2964.37
FD516,Regular,Breads,OUT002,Small,Tier 3,Food Mart,11.01,0.083,97.66,1998.0,2269.28
NC8569,No Sugar,Others,OUT004,Medium,Tier 2,Supermarket Type2,11.82,0.043,131.03,2009.0,2937.39
FD2884,Regular,Snack Foods,OUT004,Medium,Tier 2,Supermarket Type2,13.15,0.012,167.99,2009.0,3993.49
FD779,Low Sugar,Canned,OUT004,Medium,Tier 2,Supermarket Type2,13.07,0.046,132.82,2009.0,3256.33
FD7884,Low Sugar,Snack Foods,OUT004,Medium,Tier 2,Supermarket Type2,8.81,0.157,167.03,2009.0,2993.9
FD3508,Regular,Baking Goods,OUT001,High,Tier 2,Supermarket Type1,14.43,0.079,161.34,1987.0,4148.8
FD8352,Low Sugar,Fruits and Vegetables,OUT004,Medium,Tier 2,Supermarket Type2,14.01,0.188,150.06,2009.0,3822.91
FD5684,Low Sugar,Breads,OUT004,Medium,Tier 2,Supermarket Type2,11.16,0.014,162.72,2009.0,3436.33
DR683,Low Sugar,Soft Drinks,OUT001,High,Tier 2,Supermarket Type1,13.81,0.05,168.59,1987.0,4155.92
FD1845,Low Sugar,Fruits and Vegetables,OUT004,Medium,Tier 2,Supermarket Type2,10.6,0.053,141.22,2009.0,2869.75
FD8192,Regular,Canned,OUT001,High,Tier 2,Supermarket Type1,12.25,0.129,179.96,1987.0,4035.32
FD3426,Low Sugar,Fruits and Vegetables,OUT004,Medium,Tier 2,Supermarket Type2,12.42,0.086,143.96,2009.0,3339.0
FD7820,Low Sugar,Meat,OUT004,Medium,Tier 2,Supermarket Type2,11.87,0.037,169.4,2009.0,3732.96
FD534,Low Sugar,Baking Goods,OUT001,High,Tier 2,Supermarket Type1,14.07,0.042,184.24,1987.0,2880.31
DR2522,reg,Soft Drinks,OUT004,Medium,Tier 2,Supermarket Type2,13.44,0.142,150.33,2009.0,3699.68
DR1715,Low Sugar,Soft Drinks,OUT001,High,Tier 2,Supermarket Type1,9.85,0.09,128.55,1987.0,2442.1
NC7883,No Sugar,Household,OUT001,High,Tier 2,Supermarket Type1,12.71,0.022,178.46,1987.0,4108.2
FD4169,Regular,Baking Goods,OUT004,Medium,Tier 2,Supermarket Type2,10.19,0.113,171.99,2009.0,3407.4
FD4759,Regular,Meat,OUT004,Medium,Tier 2,Supermarket Type2,12.75,0.028,136.17,2009.0,3252.6
FD4085,Low Sugar,Baking Goods,OUT002,Small,Tier 3,Food Mart,10.15,0.032,60.22,1998.0,1110.95
FD686,Regular,Snack Foods,OUT004,Medium,Tier 2,Supermarket Type2,13.99,0.021,139.73,2009.0,3605.77
FD703,Low Sugar,Baking Goods,OUT004,Medium,Tier 2,Supermarket Type2,13.68,0.137,97.26,2009.0,2667.17
NC258,No Sugar,Health and Hygiene,OUT004,Medium,Tier 2,Supermarket Type2,11.89,0.11,110.23,2009.0,3204.21
NC6668,No Sugar,Health and Hygiene,OUT004,Medium,Tier 2,Supermarket Type2,12.73,0.073,148.4,2009.0,3498.52
FD2302,Low Sugar,Baking Goods,OUT001,High,Tier 2,Supermarket Type1,9.21,0.085,131.19,1987.0,2351.23
FD6724,Low Sugar,Frozen Foods,OUT004,Medium,Tier 2,Supermarket Type2,12.31,0.012,137.8,2009.0,3188.01
FD3517,Low Sugar,Frozen Foods,OUT004,Medium,Tier 2,Supermarket Type2,13.76,0.041,147.45,2009.0,3711.4
FD4010,Low Sugar,Baking Goods,OUT004,Medium,Tier 2,Supermarket Type2,13.93,0.114,151.26,2009.0,3829.14
FD3065,Regular,Fruits and Vegetables,OUT004,Medium,Tier 2,Supermarket Type2,12.6,0.073,146.25,2009.0,3426.29
FD28,Regular,Canned,OUT002,Small,Tier 3,Food Mart,9.57,0.031,122.46,1998.0,980.96
NC4018,No Sugar,Household,OUT004,Medium,Tier 2,Supermarket Type2,10.53,0.019,171.63,2009.0,3476.82
FD638,Low Sugar,Fruits and Vegetables,OUT004,Medium,Tier 2,Supermarket Type2,10.03,0.16,145.56,2009.0,2830.99
NC6500,No Sugar,Household,OUT001,High,Tier 2,Supermarket Type1,12.59,0.041,207.04,1987.0,4666.63
FD4224,Low Sugar,Fruits and Vegetables,OUT002,Small,Tier 3,Food Mart,6.78,0.057,119.22,1998.0,1556.23
FD2326,Low Sugar,Frozen Foods,OUT002,Small,Tier 3,Food Mart,10.69,0.039,103.88,1998.0,2126.95
FD6438,Low Sugar,Dairy,OUT001,High,Tier 2,Supermarket Type1,16.53,0.037,169.09,1987.0,4781.48
FD3334,Regular,Snack Foods,OUT004,Medium,Tier 2,Supermarket Type2,10.66,0.025,130.46,2009.0,2663.66
FD6087,Low Sugar,Canned,OUT004,Medium,Tier 2,Supermarket Type2,8.92,0.173,142.67,2009.0,2519.65
NC3018,No Sugar,Household,OUT001,High,Tier 2,Supermarket Type1,15.21,0.084,179.68,1987.0,4699.17
FD5963,Regular,Frozen Foods,OUT002,Small,Tier 3,Food Mart,10.55,0.039,113.22,1998.0,2286.24
FD3069,Low Sugar,Baking Goods,OUT001,High,Tier 2,Supermarket Type1,15.73,0.031,149.47,1987.0,4199.64
NC746,No Sugar,Household,OUT004,Medium,Tier 2,Supermarket Type2,12.37,0.038,129.99,2009.0,3040.88
FD3113,Low Sugar,Snack Foods,OUT004,Medium,Tier 2,Supermarket Type2,13.3,0.142,166.26,2009.0,3992.73
FD8508,Low Sugar,Dairy,OUT004,Medium,Tier 2,Supermarket Type2,12.05,0.032,131.9,2009.0,3006.57
FD925,Low Sugar,Snack Foods,OUT002,Small,Tier 3,Food Mart,9.66,0.024,101.85,1998.0,1851.95
FD2131,Low Sugar,Snack Foods,OUT001,High,Tier 2,Supermarket Type1,14.64,0.021,186.8,1987.0,4715.17
FD6265,Low Sugar,Dairy,OUT001,High,Tier 2,Supermarket Type1,13.0,0.12,171.38,1987.0,4029.06
DR2392,Regular,Hard Drinks,OUT004,Medium,Tier 2,Supermarket Type2,11.8,0.073,150.58,2009.0,3333.8
FD987,Regular,Frozen Foods,OUT004,Medium,Tier 2,Supermarket Type2,11.0,0.12,152.09,2009.0,3183.92
FD1965,Low Sugar,Canned,OUT001,High,Tier 2,Supermarket Type1,15.98,0.052,168.47,1987.0,4643.63
NC6559,No Sugar,Health and Hygiene,OUT001,High,Tier 2,Supermarket Type1,9.75,0.152,132.28,1987.0,2494.49
FD4569,Regular,Canned,OUT004,Medium,Tier 2,Supermarket Type2,10.94,0.16,138.26,2009.0,2886.37
FD7792,Regular,Fruits and Vegetables,OUT001,High,Tier 2,Supermarket Type1,12.97,0.131,174.0,1987.0,4075.66
FD3639,reg,Starchy Foods,OUT004,Medium,Tier 2,Supermarket Type2,12.58,0.093,159.98,2009.0,3702.04
DR5206,Low Sugar,Soft Drinks,OUT001,High,Tier 2,Supermarket Type1,12.89,0.047,198.96,1987.0,4568.58
NC3518,No Sugar,Health and Hygiene,OUT004,Medium,Tier 2,Supermarket Type2,12.07,0.076,156.9,2009.0,3524.0
FD699,Low Sugar,Canned,OUT002,Small,Tier 3,Food Mart,11.88,0.039,91.12,1998.0,2134.45
FD1559,Regular,Baking Goods,OUT001,High,Tier 2,Supermarket Type1,13.94,0.036,191.07,1987.0,4645.79
DR5445,Low Sugar,Soft Drinks,OUT004,Medium,Tier 2,Supermarket Type2,14.53,0.013,110.97,2009.0,3139.43
FD3609,Low Sugar,Baking Goods,OUT004,Medium,Tier 2,Supermarket Type2,11.18,0.159,121.69,2009.0,2602.46
FD4896,Regular,Canned,OUT004,Medium,Tier 2,Supermarket Type2,12.86,0.021,167.93,2009.0,3926.74
FD5375,Regular,Fruits and Vegetables,OUT001,High,Tier 2,Supermarket Type1,13.39,0.04,196.18,1987.0,4625.21
FD741,Low Sugar,Dairy,OUT004,Medium,Tier 2,Supermarket Type2,12.87,0.175,146.47,2009.0,3491.96
FD7056,Low Sugar,Baking Goods,OUT004,Medium,Tier 2,Supermarket Type2,13.84,0.012,100.79,2009.0,2775.61
FD4365,Low Sugar,Fruits and Vegetables,OUT004,Medium,Tier 2,Supermarket Type2,12.19,0.119,165.79,2009.0,3731.99
FD737,Low Sugar,Snack Foods,OUT001,High,Tier 2,Supermarket Type1,12.12,0.055,101.18,1987.0,2394.72
FD352,Low Sugar,Frozen Foods,OUT002,Small,Tier 3,Food Mart,13.57,0.091,201.17,1998.0,2290.59
NC7470,No Sugar,Household,OUT004,Medium,Tier 2,Supermarket Type2,11.26,0.047,133.02,2009.0,2851.53
FD2154,Low Sugar,Meat,OUT001,High,Tier 2,Supermarket Type1,11.55,0.028,111.89,1987.0,2485.64
NC4519,No Sugar,Household,OUT004,Medium,Tier 2,Supermarket Type2,14.36,0.013,110.36,2009.0,3088.24
FD7331,Low Sugar,Canned,OUT002,Small,Tier 3,Food Mart,10.37,0.018,111.87,1998.0,2217.44
NC1933,No Sugar,Household,OUT002,Small,Tier 3,Food Mart,10.16,0.021,107.56,1998.0,2083.22
FD3075,Low Sugar,Fruits and Vegetables,OUT002,Small,Tier 3,Food Mart,9.89,0.038,117.74,1998.0,2230.43
FD798,Low Sugar,Baking Goods,OUT004,Medium,Tier 2,Supermarket Type2,13.8,0.091,149.53,2009.0,3764.73
FD5872,Low Sugar,Breads,OUT004,Medium,Tier 2,Supermarket Type2,12.09,0.038,166.41,2009.0,3723.03
FD4817,Low Sugar,Frozen Foods,OUT004,Medium,Tier 2,Supermarket Type2,10.4,0.026,131.82,2009.0,2632.49
FD5789,Low Sugar,Dairy,OUT002,Small,Tier 3,Food Mart,8.93,0.053,125.75,1998.0,2175.98
NC7736,No Sugar,Household,OUT004,Medium,Tier 2,Supermarket Type2,11.2,0.037,131.74,2009.0,2812.16
FD1926,Low Sugar,Fruits and Vegetables,OUT004,Medium,Tier 2,Supermarket Type2,12.45,0.075,130.66,2009.0,3072.05
FD5494,Low Sugar,Canned,OUT004,Medium,Tier 2,Supermarket Type2,11.52,0.079,163.24,2009.0,3529.94
DR1691,Regular,Hard Drinks,OUT004,Medium,Tier 2,Supermarket Type2,13.13,0.013,125.84,2009.0,3128.35
FD5694,Regular,Snack Foods,OUT004,Medium,Tier 2,Supermarket Type2,12.7,0.021,133.99,2009.0,3196.91
FD6945,Low Sugar,Canned,OUT004,Medium,Tier 2,Supermarket Type2,10.95,0.039,123.62,2009.0,2589.45
DR7304,Low Sugar,Hard Drinks,OUT004,Medium,Tier 2,Supermarket Type2,11.62,0.014,140.0,2009.0,3076.39
FD7949,Low Sugar,Frozen Foods,OUT001,High,Tier 2,Supermarket Type1,14.65,0.031,160.7,1987.0,4185.3
FD7027,Low Sugar,Baking Goods,OUT002,Small,Tier 3,Food Mart,11.35,0.111,90.63,1998.0,2004.7
FD6742,Low Sugar,Baking Goods,OUT001,High,Tier 2,Supermarket Type1,13.31,0.077,169.93,1987.0,4070.89
FD108,Low Sugar,Snack Foods,OUT001,High,Tier 2,Supermarket Type1,16.65,0.033,162.26,1987.0,4191.9
NC5496,No Sugar,Health and Hygiene,OUT002,Small,Tier 3,Food Mart,8.38,0.152,104.11,1998.0,1610.56
FD3129,Regular,Baking Goods,OUT004,Medium,Tier 2,Supermarket Type2,14.11,0.069,150.74,2009.0,3859.4
NC3035,No Sugar,Health and Hygiene,OUT004,Medium,Tier 2,Supermarket Type2,14.79,0.144,128.07,2009.0,3547.76
FD6261,Regular,Frozen Foods,OUT002,Small,Tier 3,Food Mart,9.28,0.041,86.66,1998.0,1455.12
FD8318,Low Sugar,Baking Goods,OUT004,Medium,Tier 2,Supermarket Type2,11.65,0.047,132.02,2009.0,2920.12
FD7224,Low Sugar,Canned,OUT004,Medium,Tier 2,Supermarket Type2,11.95,0.061,139.68,2009.0,3144.66
FD8619,Low Sugar,Breads,OUT001,High,Tier 2,Supermarket Type1,10.45,0.061,120.13,1987.0,2404.11
FD2415,Low Sugar,Canned,OUT001,High,Tier 2,Supermarket Type1,13.83,0.018,166.21,1987.0,4111.7
FD3925,Regular,Frozen Foods,OUT004,Medium,Tier 2,Supermarket Type2,13.65,0.151,142.14,2009.0,3579.45
FD4148,Regular,Canned,OUT004,Medium,Tier 2,Supermarket Type2,15.21,0.039,123.72,2009.0,3553.2
FD7071,Low Sugar,Dairy,OUT004,Medium,Tier 2,Supermarket Type2,13.88,0.036,142.94,2009.0,3646.58
FD2404,Regular,Frozen Foods,OUT004,Medium,Tier 2,Supermarket Type2,10.97,0.021,137.06,2009.0,2870.08
NC2282,No Sugar,Household,OUT004,Medium,Tier 2,Supermarket Type2,14.71,0.083,145.12,2009.0,3880.22
FD1726,Low Sugar,Fruits and Vegetables,OUT004,Medium,Tier 2,Supermarket Type2,13.8,0.08,130.16,2009.0,3367.81
NC6147,No Sugar,Health and Hygiene,OUT004,Medium,Tier 2,Supermarket Type2,14.28,0.052,141.72,2009.0,3713.11
FD3005,Regular,Meat,OUT001,High,Tier 2,Supermarket Type1,10.37,0.112,118.19,1987.0,2347.68
FD8027,Low Sugar,Fruits and Vegetables,OUT004,Medium,Tier 2,Supermarket Type2,12.04,0.018,159.32,2009.0,3567.01
FD6053,Low Sugar,Baking Goods,OUT004,Medium,Tier 2,Supermarket Type2,14.08,0.046,147.01,2009.0,3775.5
FD4320,Low Sugar,Dairy,OUT004,Medium,Tier 2,Supermarket Type2,10.71,0.135,139.94,2009.0,2870.08
NC4715,No Sugar,Household,OUT004,Medium,Tier 2,Supermarket Type2,11.73,0.042,166.45,2009.0,3642.81
FD7503,Regular,Dairy,OUT002,Small,Tier 3,Food Mart,9.81,0.129,92.15,1998.0,1687.0
FD3828,Regular,Fruits and Vegetables,OUT004,Medium,Tier 2,Supermarket Type2,12.21,0.174,172.5,2009.0,3873.49
DR8266,Low Sugar,Soft Drinks,OUT001,High,Tier 2,Supermarket Type1,14.01,0.141,193.58,1987.0,4712.78
FD7016,Low Sugar,Frozen Foods,OUT001,High,Tier 2,Supermarket Type1,12.35,0.057,96.96,1987.0,2359.92
FD2735,Regular,Baking Goods,OUT001,High,Tier 2,Supermarket Type1,14.6,0.124,178.76,1987.0,4543.38
FD5868,Low Sugar,Dairy,OUT001,High,Tier 2,Supermarket Type1,14.3,0.076,159.21,1987.0,4074.0
FD2592,Low Sugar,Dairy,OUT004,Medium,Tier 2,Supermarket Type2,13.08,0.079,168.87,2009.0,3997.8
FD2972,Low Sugar,Snack Foods,OUT004,Medium,Tier 2,Supermarket Type2,13.18,0.067,136.11,2009.0,3348.99
FD575,Low Sugar,Snack Foods,OUT002,Small,Tier 3,Food Mart,12.09,0.131,131.26,1998.0,615.8
FD6098,Low Sugar,Breads,OUT004,Medium,Tier 2,Supermarket Type2,13.63,0.063,161.04,2009.0,3959.72
DR4291,Low Sugar,Soft Drinks,OUT004,Medium,Tier 2,Supermarket Type2,11.99,0.012,157.85,2009.0,3525.77
DR1785,Low Sugar,Soft Drinks,OUT001,High,Tier 2,Supermarket Type1,15.36,0.015,145.29,1987.0,4030.44
FD6804,Low Sugar,Dairy,OUT001,High,Tier 2,Supermarket Type1,13.77,0.065,186.41,1987.0,4512.26
FD2540,Low Sugar,Snack Foods,OUT004,Medium,Tier 2,Supermarket Type2,11.15,0.107,167.36,2009.0,3530.42
DR807,Low Sugar,Soft Drinks,OUT004,Medium,Tier 2,Supermarket Type2,10.3,0.098,142.54,2009.0,2828.91
DR5397,Low Sugar,Soft Drinks,OUT002,Small,Tier 3,Food Mart,10.49,0.055,84.61,1998.0,1686.33
NC3390,No Sugar,Household,OUT002,Small,Tier 3,Food Mart,8.67,0.18,104.04,1998.0,1674.24
FD7480,Low Sugar,Canned,OUT002,Small,Tier 3,Food Mart,10.44,0.024,105.54,1998.0,2103.6
FD8285,Regular,Dairy,OUT002,Small,Tier 3,Food Mart,10.01,0.053,111.14,1998.0,2122.44
FD547,Low Sugar,Frozen Foods,OUT001,High,Tier 2,Supermarket Type1,15.2,0.062,155.22,1987.0,4638.23
FD3431,Low Sugar,Fruits and Vegetables,OUT004,Medium,Tier 2,Supermarket Type2,12.41,0.015,172.0,2009.0,3909.74
FD811,Low Sugar,Frozen Foods,OUT001,High,Tier 2,Supermarket Type1,12.74,0.064,182.38,1987.0,4197.22
NC3038,No Sugar,Health and Hygiene,OUT004,Medium,Tier 2,Supermarket Type2,10.87,0.058,140.9,2009.0,2924.92
FD7202,Low Sugar,Fruits and Vegetables,OUT004,Medium,Tier 2,Supermarket Type2,13.53,0.057,128.73,2009.0,3278.08
FD5143,Regular,Meat,OUT004,Medium,Tier 2,Supermarket Type2,10.7,0.036,149.61,2009.0,3064.64
FD5035,Regular,Meat,OUT004,Medium,Tier 2,Supermarket Type2,10.36,0.021,137.03,2009.0,2729.96
NC7077,No Sugar,Household,OUT004,Medium,Tier 2,Supermarket Type2,11.95,0.086,155.99,2009.0,3477.0
FD7722,Low Sugar,Dairy,OUT004,Medium,Tier 2,Supermarket Type2,11.44,0.162,152.76,2009.0,3297.29
FD2066,Regular,Frozen Foods,OUT002,Small,Tier 3,Food Mart,10.84,0.062,100.32,1998.0,2087.67
FD8513,Regular,Baking Goods,OUT004,Medium,Tier 2,Supermarket Type2,10.89,0.082,147.95,2009.0,3072.8
DR3573,Regular,Soft Drinks,OUT001,High,Tier 2,Supermarket Type1,13.91,0.046,162.65,1987.0,4057.88
FD6283,Regular,Snack Foods,OUT004,Medium,Tier 2,Supermarket Type2,11.86,0.123,111.41,2009.0,2544.74
FD3416,Regular,Canned,OUT002,Small,Tier 3,Food Mart,9.01,0.089,96.1,1998.0,1588.94
FD3589,Low Sugar,Baking Goods,OUT004,Medium,Tier 2,Supermarket Type2,11.74,0.154,117.14,2009.0,2636.25
FD6115,Low Sugar,Fruits and Vegetables,OUT002,Small,Tier 3,Food Mart,11.64,0.056,71.59,1998.0,1680.56
FD4388,Regular,Meat,OUT004,Medium,Tier 2,Supermarket Type2,13.84,0.056,98.99,2009.0,2738.56
FD7609,Regular,Fruits and Vegetables,OUT002,Small,Tier 3,Food Mart,11.26,0.055,68.44,1998.0,1530.97
FD5087,Regular,Canned,OUT004,Medium,Tier 2,Supermarket Type2,10.38,0.164,146.6,2009.0,2931.13
NC216,No Sugar,Household,OUT001,High,Tier 2,Supermarket Type1,10.37,0.113,89.66,1987.0,3222.72
FD3099,Regular,Baking Goods,OUT004,Medium,Tier 2,Supermarket Type2,8.9,0.076,143.36,2009.0,2531.01
FD3264,Low Sugar,Frozen Foods,OUT004,Medium,Tier 2,Supermarket Type2,12.7,0.021,153.44,2009.0,3594.93
DR3822,Low Sugar,Soft Drinks,OUT004,Medium,Tier 2,Supermarket Type2,11.57,0.136,155.25,2009.0,3375.97
FD3936,Regular,Snack Foods,OUT004,Medium,Tier 2,Supermarket Type2,14.45,0.024,86.51,2009.0,2620.43
FD2616,Regular,Canned,OUT004,Medium,Tier 2,Supermarket Type2,12.18,0.181,126.06,2009.0,2918.04
NC2877,No Sugar,Health and Hygiene,OUT004,Medium,Tier 2,Supermarket Type2,12.03,0.026,112.02,2009.0,2596.63
FD2506,Low Sugar,Fruits and Vegetables,OUT004,Medium,Tier 2,Supermarket Type2,11.35,0.016,171.34,2009.0,3656.26
FD8353,Regular,Canned,OUT004,Medium,Tier 2,Supermarket Type2,12.63,0.009,142.0,2009.0,3345.32
FD2088,Regular,Fruits and Vegetables,OUT002,Small,Tier 3,Food Mart,10.56,0.119,104.91,1998.0,2117.81
FD2465,Low Sugar,Snack Foods,OUT004,Medium,Tier 2,Supermarket Type2,13.51,0.212,143.48,2009.0,3573.67
NC4935,No Sugar,Household,OUT001,High,Tier 2,Supermarket Type1,13.97,0.105,160.54,1987.0,4028.41
FD5649,Low Sugar,Snack Foods,OUT004,Medium,Tier 2,Supermarket Type2,9.87,0.048,138.23,2009.0,2644.48
FD201,Low Sugar,Snack Foods,OUT004,Medium,Tier 2,Supermarket Type2,9.61,0.026,161.79,2009.0,3920.35
FD2157,Low Sugar,Fruits and Vegetables,OUT001,High,Tier 2,Supermarket Type1,9.88,0.051,123.76,1987.0,2351.4
FD901,Low Sugar,Fruits and Vegetables,OUT004,Medium,Tier 2,Supermarket Type2,11.39,0.033,127.97,2009.0,2777.27
FD6127,Low Sugar,Starchy Foods,OUT001,High,Tier 2,Supermarket Type1,12.64,0.099,96.05,1987.0,2408.27
FD1743,Low Sugar,Dairy,OUT004,Medium,Tier 2,Supermarket Type2,12.6,0.042,143.1,2009.0,3361.19
FD4908,Low Sugar,Fruits and Vegetables,OUT004,Medium,Tier 2,Supermarket Type2,10.76,0.08,135.64,2009.0,2793.29
FD5159,Low Sugar,Dairy,OUT004,Medium,Tier 2,Supermarket Type2,10.4,0.039,131.98,2009.0,2635.72
NC1062,No Sugar,Health and Hygiene,OUT004,Medium,Tier 2,Supermarket Type2,13.83,0.1,134.77,2009.0,3469.51
FD7711,Regular,Snack Foods,OUT004,Medium,Tier 2,Supermarket Type2,12.04,0.091,126.95,2009.0,2903.34
FD2824,Low Sugar,Canned,OUT004,Medium,Tier 2,Supermarket Type2,10.78,0.037,144.32,2009.0,2975.2
FD3671,Regular,Canned,OUT001,High,Tier 2,Supermarket Type1,12.0,0.037,190.15,1987.0,4187.37
FD4581,Low Sugar,Frozen Foods,OUT004,Medium,Tier 2,Supermarket Type2,10.91,0.05,129.6,2009.0,2703.23
NC8437,No Sugar,Household,OUT004,Medium,Tier 2,Supermarket Type2,14.69,0.072,138.5,2009.0,3738.32
NC7612,No Sugar,Household,OUT002,Small,Tier 3,Food Mart,11.44,0.085,101.11,1998.0,2238.75
FD315,Low Sugar,Baking Goods,OUT002,Small,Tier 3,Food Mart,8.53,0.088,122.87,1998.0,1918.06
NC2986,No Sugar,Health and Hygiene,OUT001,High,Tier 2,Supermarket Type1,14.58,0.295,161.96,1987.0,4195.39
FD6621,Low Sugar,Fruits and Vegetables,OUT001,High,Tier 2,Supermarket Type1,10.3,0.01,122.52,1987.0,2419.44
FD2217,Low Sugar,Dairy,OUT004,Medium,Tier 2,Supermarket Type2,10.69,0.035,141.42,2009.0,2894.49
FD6932,Low Sugar,Fruits and Vegetables,OUT004,Medium,Tier 2,Supermarket Type2,10.8,0.074,184.97,2009.0,3810.58
FD6004,Regular,Fruits and Vegetables,OUT004,Medium,Tier 2,Supermarket Type2,12.8,0.075,144.69,2009.0,3438.07
FD1436,Regular,Snack Foods,OUT004,Medium,Tier 2,Supermarket Type2,11.11,0.105,134.32,2009.0,2845.55
FD6910,Regular,Snack Foods,OUT004,Medium,Tier 2,Supermarket Type2,13.09,0.033,163.18,2009.0,3882.38
FD2581,Regular,Canned,OUT001,High,Tier 2,Supermarket Type1,8.91,0.026,132.93,1987.0,2318.55
FD7788,Regular,Snack Foods,OUT004,Medium,Tier 2,Supermarket Type2,13.39,0.047,117.96,2009.0,3025.91
FD2827,Low Sugar,Snack Foods,OUT002,Small,Tier 3,Food Mart,8.31,0.031,92.66,1998.0,1358.35
NC6177,No Sugar,Household,OUT004,Medium,Tier 2,Supermarket Type2,13.24,0.074,142.7,2009.0,3496.38
FD997,Regular,Baking Goods,OUT004,Medium,Tier 2,Supermarket Type2,11.15,0.085,146.19,2009.0,3097.14
FD5303,Low Sugar,Fruits and Vegetables,OUT004,Medium,Tier 2,Supermarket Type2,15.46,0.105,105.02,2009.0,3229.08
FD1648,Low Sugar,Snack Foods,OUT004,Medium,Tier 2,Supermarket Type2,12.84,0.093,128.06,2009.0,3106.46
FD7666,Low Sugar,Dairy,OUT004,Medium,Tier 2,Supermarket Type2,14.14,0.104,156.29,2009.0,3979.1
FD958,Low Sugar,Snack Foods,OUT002,Small,Tier 3,Food Mart,9.66,0.039,117.44,1998.0,2170.99
FD1859,Low Sugar,Dairy,OUT004,Medium,Tier 2,Supermarket Type2,10.03,0.137,150.09,2009.0,2922.6
FD711,Low Sugar,Snack Foods,OUT004,Medium,Tier 2,Supermarket Type2,13.75,0.038,150.43,2009.0,3771.58
FD5929,Low Sugar,Canned,OUT001,High,Tier 2,Supermarket Type1,14.86,0.031,190.16,1987.0,4833.74
FD4673,Low Sugar,Frozen Foods,OUT004,Medium,Tier 2,Supermarket Type2,12.21,0.168,118.01,2009.0,2758.44
FD8763,Low Sugar,Breads,OUT002,Small,Tier 3,Food Mart,10.78,0.016,95.76,1998.0,1980.69
NC4225,No Sugar,Household,OUT004,Medium,Tier 2,Supermarket Type2,12.91,0.029,153.4,2009.0,3641.88
DR3676,Low Sugar,Hard Drinks,OUT004,Medium,Tier 2,Supermarket Type2,11.76,0.068,164.98,2009.0,3618.29
FD3898,Low Sugar,Meat,OUT004,Medium,Tier 2,Supermarket Type2,11.22,0.025,143.32,2009.0,3053.38
FD1487,Low Sugar,Snack Foods,OUT002,Small,Tier 3,Food Mart,9.2,0.081,108.37,1998.0,1881.0
DR4017,reg,Hard Drinks,OUT004,Medium,Tier 2,Supermarket Type2,14.09,0.183,117.92,2009.0,3181.9
NC973,No Sugar,Household,OUT002,Small,Tier 3,Food Mart,10.78,0.118,100.72,1998.0,2082.07
DR467,Low Sugar,Soft Drinks,OUT004,Medium,Tier 2,Supermarket Type2,10.99,0.022,146.14,2009.0,2965.77
DR4946,Regular,Soft Drinks,OUT004,Medium,Tier 2,Supermarket Type2,10.08,0.097,165.38,2009.0,3248.31
FD4477,Regular,Frozen Foods,OUT004,Medium,Tier 2,Supermarket Type2,14.09,0.016,147.18,2009.0,3780.56
FD7125,reg,Meat,OUT002,Small,Tier 3,Food Mart,8.26,0.086,131.1,1998.0,2134.22
FD8164,Low Sugar,Baking Goods,OUT002,Small,Tier 3,Food Mart,8.79,0.078,132.61,1998.0,2285.4
FD4799,Low Sugar,Meat,OUT001,High,Tier 2,Supermarket Type1,15.78,0.007,183.84,1987.0,4913.85
FD3758,Regular,Meat,OUT004,Medium,Tier 2,Supermarket Type2,13.85,0.033,159.07,2009.0,3969.81
NC4255,No Sugar,Others,OUT004,Medium,Tier 2,Supermarket Type2,12.15,0.063,155.6,2009.0,3514.82
FD723,Low Sugar,Fruits and Vegetables,OUT004,Medium,Tier 2,Supermarket Type2,11.18,0.093,137.91,2009.0,2932.75
FD5538,Low Sugar,Fruits and Vegetables,OUT004,Medium,Tier 2,Supermarket Type2,11.72,0.024,150.15,2009.0,3306.3
FD3477,Regular,Frozen Foods,OUT004,Medium,Tier 2,Supermarket Type2,14.43,0.038,150.27,2009.0,3922.08
FD4304,Low Sugar,Snack Foods,OUT004,Medium,Tier 2,Supermarket Type2,10.08,0.036,146.12,2009.0,2853.11
FD2957,Regular,Baking Goods,OUT001,High,Tier 2,Supermarket Type1,15.15,0.035,149.24,1987.0,4062.89
DR591,Low Sugar,Hard Drinks,OUT004,Medium,Tier 2,Supermarket Type2,11.95,0.036,126.09,2009.0,4956.07
FD4039,reg,Dairy,OUT002,Small,Tier 3,Food Mart,11.47,0.039,88.58,1998.0,1990.22
FD2737,Low Sugar,Fruits and Vegetables,OUT004,Medium,Tier 2,Supermarket Type2,11.58,0.025,125.72,2009.0,2774.19
FD7704,Regular,Fruits and Vegetables,OUT004,Medium,Tier 2,Supermarket Type2,11.89,0.118,166.17,2009.0,3672.01
FD5735,Regular,Dairy,OUT002,Small,Tier 3,Food Mart,11.43,0.12,84.85,1998.0,1904.99
NC3782,No Sugar,Household,OUT002,Small,Tier 3,Food Mart,8.16,0.025,104.51,1998.0,1567.08
NC7237,No Sugar,Health and Hygiene,OUT001,High,Tier 2,Supermarket Type1,10.31,0.026,117.43,1987.0,2318.15
FD1750,Low Sugar,Snack Foods,OUT001,High,Tier 2,Supermarket Type1,14.94,0.067,181.94,1987.0,4683.49
FD6694,Low Sugar,Canned,OUT004,Medium,Tier 2,Supermarket Type2,11.52,0.184,135.91,2009.0,2970.69
FD4486,Low Sugar,Frozen Foods,OUT004,Medium,Tier 2,Supermarket Type2,13.01,0.043,162.94,2009.0,3858.96
NC1457,No Sugar,Household,OUT004,Medium,Tier 2,Supermarket Type2,11.2,0.083,117.24,2009.0,2516.49
FD5658,Regular,Dairy,OUT002,Small,Tier 3,Food Mart,10.56,0.009,106.88,1998.0,2158.29
FD6164,Regular,Snack Foods,OUT004,Medium,Tier 2,Supermarket Type2,13.13,0.01,97.63,2009.0,2549.66
FD8515,Low Sugar,Fruits and Vegetables,OUT004,Medium,Tier 2,Supermarket Type2,12.02,0.049,149.09,2009.0,3352.57
FD298,Low Sugar,Dairy,OUT002,Small,Tier 3,Food Mart,9.71,0.138,130.06,1998.0,613.03
FD3250,Regular,Frozen Foods,OUT004,Medium,Tier 2,Supermarket Type2,12.52,0.095,174.45,2009.0,3984.47
FD7365,Regular,Frozen Foods,OUT004,Medium,Tier 2,Supermarket Type2,9.36,0.025,148.15,2009.0,2732.81
NC6707,No Sugar,Household,OUT004,Medium,Tier 2,Supermarket Type2,13.12,0.032,132.45,2009.0,3260.66
NC2197,No Sugar,Others,OUT002,Small,Tier 3,Food Mart,11.94,0.089,97.93,1998.0,2286.4
NC4733,No Sugar,Health and Hygiene,OUT004,Medium,Tier 2,Supermarket Type2,11.45,0.076,135.71,2009.0,2950.97
FD2543,Regular,Breakfast,OUT001,High,Tier 2,Supermarket Type1,15.16,0.104,174.94,1987.0,4590.03
FD4395,Low Sugar,Frozen Foods,OUT004,Medium,Tier 2,Supermarket Type2,11.28,0.025,120.09,2009.0,2590.82
FD6010,Low Sugar,Snack Foods,OUT004,Medium,Tier 2,Supermarket Type2,11.82,0.023,140.98,2009.0,3141.92
FD8762,Low Sugar,Dairy,OUT004,Medium,Tier 2,Supermarket Type2,13.19,0.007,153.58,2009.0,3708.43
FD2052,Low Sugar,Frozen Foods,OUT004,Medium,Tier 2,Supermarket Type2,14.47,0.155,140.23,2009.0,3725.46
DR7861,Low Sugar,Soft Drinks,OUT002,Small,Tier 3,Food Mart,7.16,0.025,118.89,1998.0,1636.25
FD1612,reg,Fruits and Vegetables,OUT004,Medium,Tier 2,Supermarket Type2,12.1,0.009,125.98,2009.0,2897.77
FD7728,Regular,Starchy Foods,OUT002,Small,Tier 3,Food Mart,10.66,0.039,108.82,1998.0,2221.45
FD7512,Low Sugar,Fruits and Vegetables,OUT004,Medium,Tier 2,Supermarket Type2,13.45,0.029,146.12,2009.0,3615.16
FD5405,Low Sugar,Canned,OUT004,Medium,Tier 2,Supermarket Type2,14.04,0.058,120.97,2009.0,3234.27
DR1798,Low Sugar,Soft Drinks,OUT002,Small,Tier 3,Food Mart,10.2,0.077,77.01,1998.0,1466.13
FD690,Low Sugar,Frozen Foods,OUT004,Medium,Tier 2,Supermarket Type2,13.0,0.027,146.74,2009.0,3525.12
FD364,Low Sugar,Frozen Foods,OUT004,Medium,Tier 2,Supermarket Type2,13.94,0.041,98.97,2009.0,3560.26
FD3708,Regular,Snack Foods,OUT001,High,Tier 2,Supermarket Type1,14.48,0.093,185.65,1987.0,4656.85
FD4086,Low Sugar,Fruits and Vegetables,OUT004,Medium,Tier 2,Supermarket Type2,15.39,0.053,137.79,2009.0,3882.31
FD6443,Regular,Frozen Foods,OUT001,High,Tier 2,Supermarket Type1,13.66,0.108,81.08,1987.0,2332.23
NC3665,No Sugar,Health and Hygiene,OUT004,Medium,Tier 2,Supermarket Type2,11.57,0.041,112.41,2009.0,2500.33
NC7714,No Sugar,Household,OUT004,Medium,Tier 2,Supermarket Type2,14.91,0.011,141.66,2009.0,3853.24
NC5156,No Sugar,Household,OUT004,Medium,Tier 2,Supermarket Type2,12.97,0.034,134.98,2009.0,3279.01
FD6842,Low Sugar,Meat,OUT001,High,Tier 2,Supermarket Type1,15.2,0.012,179.74,1987.0,4697.54
NC4104,No Sugar,Health and Hygiene,OUT004,Medium,Tier 2,Supermarket Type2,12.84,0.17,126.01,2009.0,3066.55
FD8753,Regular,Fruits and Vegetables,OUT002,Small,Tier 3,Food Mart,7.96,0.016,85.82,1998.0,1139.7
FD8388,Low Sugar,Snack Foods,OUT002,Small,Tier 3,Food Mart,10.2,0.14,108.85,1998.0,2117.59
FD5551,Regular,Snack Foods,OUT002,Small,Tier 3,Food Mart,10.55,0.08,94.69,1998.0,1908.09
FD4383,Low Sugar,Baking Goods,OUT001,High,Tier 2,Supermarket Type1,15.34,0.024,185.01,1987.0,4837.23
FD6412,Low Sugar,Snack Foods,OUT004,Medium,Tier 2,Supermarket Type2,12.63,0.024,110.06,2009.0,2692.1
FD5815,Regular,Fruits and Vegetables,OUT004,Medium,Tier 2,Supermarket Type2,12.12,0.12,151.5,2009.0,3424.31
FD1472,Low Sugar,Meat,OUT004,Medium,Tier 2,Supermarket Type2,13.29,0.078,154.82,2009.0,3756.22
NC5359,No Sugar,Household,OUT004,Medium,Tier 2,Supermarket Type2,11.4,0.049,124.33,2009.0,2706.05
FD5501,Regular,Meat,OUT004,Medium,Tier 2,Supermarket Type2,13.24,0.077,160.15,2009.0,3854.97
FD3057,Regular,Meat,OUT004,Medium,Tier 2,Supermarket Type2,10.82,0.043,172.87,2009.0,3568.22
FD7933,Low Sugar,Frozen Foods,OUT004,Medium,Tier 2,Supermarket Type2,9.48,0.063,141.2,2009.0,2617.46
FD2936,Low Sugar,Snack Foods,OUT004,Medium,Tier 2,Supermarket Type2,10.92,0.12,149.64,2009.0,3114.73
FD354,Regular,Breakfast,OUT004,Medium,Tier 2,Supermarket Type2,12.42,0.091,141.97,2009.0,3459.19
FD6303,Low Sugar,Frozen Foods,OUT001,High,Tier 2,Supermarket Type1,10.9,0.076,115.99,1987.0,2421.83
FD974,Low Sugar,Snack Foods,OUT001,High,Tier 2,Supermarket Type1,14.51,0.023,181.84,1987.0,4585.27
FD65,Low Sugar,Fruits and Vegetables,OUT004,Medium,Tier 2,Supermarket Type2,10.83,0.034,133.11,2009.0,1978.82
FD5230,Regular,Fruits and Vegetables,OUT001,High,Tier 2,Supermarket Type1,10.01,0.055,125.72,1987.0,2420.94
NC4963,No Sugar,Household,OUT002,Small,Tier 3,Food Mart,9.38,0.119,97.46,1998.0,1698.42
FD4487,Low Sugar,Snack Foods,OUT004,Medium,Tier 2,Supermarket Type2,14.45,0.076,152.87,2009.0,3978.6
FD3241,Low Sugar,Baking Goods,OUT004,Medium,Tier 2,Supermarket Type2,12.83,0.162,147.06,2009.0,3492.86
FD3569,Low Sugar,Frozen Foods,OUT004,Medium,Tier 2,Supermarket Type2,12.08,0.061,153.26,2009.0,3452.34
FD6330,Low Sugar,Fruits and Vegetables,OUT001,High,Tier 2,Supermarket Type1,16.27,0.182,137.71,1987.0,4081.07
FD1116,Low Sugar,Meat,OUT002,Small,Tier 3,Food Mart,10.72,0.025,104.39,1998.0,2144.69
FD1250,Regular,Dairy,OUT004,Medium,Tier 2,Supermarket Type2,13.1,0.128,160.19,2009.0,3822.63
NC3756,No Sugar,Health and Hygiene,OUT002,Small,Tier 3,Food Mart,9.63,0.091,104.7,1998.0,1903.02
NC1713,No Sugar,Household,OUT001,High,Tier 2,Supermarket Type1,13.4,0.129,191.29,1987.0,4527.45
FD4292,Low Sugar,Fruits and Vegetables,OUT004,Medium,Tier 2,Supermarket Type2,12.31,0.066,119.26,2009.0,2807.27
FD7717,Regular,Fruits and Vegetables,OUT004,Medium,Tier 2,Supermarket Type2,13.03,0.026,160.57,2009.0,3816.32
FD3191,Low Sugar,Snack Foods,OUT004,Medium,Tier 2,Supermarket Type2,12.68,0.017,102.94,2009.0,2556.84
FD2398,Low Sugar,Fruits and Vegetables,OUT004,Medium,Tier 2,Supermarket Type2,14.58,0.128,149.01,2009.0,3929.59
FD4530,Low Sugar,Frozen Foods,OUT001,High,Tier 2,Supermarket Type1,14.88,0.042,189.31,1987.0,4820.82
FD5311,Low Sugar,Meat,OUT004,Medium,Tier 2,Supermarket Type2,11.47,0.058,178.4,2009.0,3827.72
NC6272,No Sugar,Health and Hygiene,OUT002,Small,Tier 3,Food Mart,8.91,0.013,127.02,1998.0,2198.54
FD5965,Regular,Canned,OUT002,Small,Tier 3,Food Mart,9.49,0.084,89.21,1998.0,1554.61
FD562,Low Sugar,Canned,OUT002,Small,Tier 3,Food Mart,15.58,0.061,153.82,1998.0,1560.43
FD8234,Regular,Canned,OUT001,High,Tier 2,Supermarket Type1,7.76,0.191,147.19,1987.0,2350.24
FD919,Low Sugar,Dairy,OUT004,Medium,Tier 2,Supermarket Type2,12.71,0.152,172.23,2009.0,3982.96
FD3833,Low Sugar,Snack Foods,OUT001,High,Tier 2,Supermarket Type1,10.72,0.05,119.37,1987.0,2449.82
FD8091,reg,Baking Goods,OUT002,Small,Tier 3,Food Mart,8.51,0.013,89.51,1998.0,1339.29
FD543,Regular,Frozen Foods,OUT004,Medium,Tier 2,Supermarket Type2,10.76,0.055,157.81,2009.0,1740.27
FD2682,Low Sugar,Snack Foods,OUT004,Medium,Tier 2,Supermarket Type2,12.27,0.049,176.87,2009.0,3978.11
FD1825,Low Sugar,Baking Goods,OUT002,Small,Tier 3,Food Mart,9.74,0.036,89.74,1998.0,1621.92
FD7115,Regular,Canned,OUT001,High,Tier 2,Supermarket Type1,13.22,0.098,213.71,1987.0,4946.52
FD1934,Regular,Seafood,OUT004,Medium,Tier 2,Supermarket Type2,12.61,0.102,108.18,2009.0,2647.83
FD6636,Low Sugar,Snack Foods,OUT004,Medium,Tier 2,Supermarket Type2,9.95,0.034,149.98,2009.0,2903.05
FD441,Regular,Canned,OUT002,Small,Tier 3,Food Mart,10.86,0.08,208.49,1998.0,2078.06
NC4694,No Sugar,Health and Hygiene,OUT002,Small,Tier 3,Food Mart,10.2,0.016,116.99,1998.0,2283.48
FD4662,Regular,Canned,OUT002,Small,Tier 3,Food Mart,8.34,0.024,125.95,1998.0,2046.14
FD2593,Low Sugar,Snack Foods,OUT004,Medium,Tier 2,Supermarket Type2,10.47,0.007,147.19,2009.0,2964.05
FD5104,Low Sugar,Dairy,OUT002,Small,Tier 3,Food Mart,9.7,0.103,116.87,1998.0,2168.22
FD46,Low Sugar,Dairy,OUT002,Small,Tier 3,Food Mart,11.35,0.027,119.64,1998.0,1011.63
FD4653,Low Sugar,Fruits and Vegetables,OUT001,High,Tier 2,Supermarket Type1,15.93,0.035,176.84,1987.0,4802.86
FD4191,Low Sugar,Dairy,OUT002,Small,Tier 3,Food Mart,7.26,0.071,120.44,1998.0,1690.77
DR5974,Low Sugar,Soft Drinks,OUT001,High,Tier 2,Supermarket Type1,15.94,0.1,146.68,1987.0,4189.45
FD1333,Low Sugar,Snack Foods,OUT001,High,Tier 2,Supermarket Type1,10.43,0.09,117.52,1987.0,2347.2
FD8342,reg,Starchy Foods,OUT004,Medium,Tier 2,Supermarket Type2,12.68,0.032,133.34,2009.0,3180.18
FD8613,Low Sugar,Snack Foods,OUT002,Small,Tier 3,Food Mart,10.57,0.048,79.52,1998.0,1601.81
FD4041,Low Sugar,Frozen Foods,OUT002,Small,Tier 3,Food Mart,9.1,0.12,77.12,1998.0,1219.82
FD2322,Low Sugar,Fruits and Vegetables,OUT004,Medium,Tier 2,Supermarket Type2,14.38,0.046,152.93,2009.0,3963.58
FD1687,Low Sugar,Starchy Foods,OUT001,High,Tier 2,Supermarket Type1,14.77,0.077,187.72,1987.0,4763.72
NC2492,No Sugar,Household,OUT004,Medium,Tier 2,Supermarket Type2,12.76,0.088,124.54,2009.0,3018.34
FD3112,Regular,Fruits and Vegetables,OUT004,Medium,Tier 2,Supermarket Type2,11.42,0.16,160.7,2009.0,3454.88
FD3883,Low Sugar,Meat,OUT002,Small,Tier 3,Food Mart,7.73,0.03,122.19,1998.0,1831.78
FD5696,Regular,Canned,OUT004,Medium,Tier 2,Supermarket Type2,12.01,0.019,134.17,2009.0,3043.86
DR1771,Low Sugar,Soft Drinks,OUT004,Medium,Tier 2,Supermarket Type2,13.81,0.076,134.21,2009.0,3453.34
FD4397,Regular,Dairy,OUT004,Medium,Tier 2,Supermarket Type2,13.47,0.151,120.15,2009.0,3086.94
FD224,Regular,Fruits and Vegetables,OUT001,High,Tier 2,Supermarket Type1,12.46,0.07,93.19,1987.0,3936.39
NC5761,No Sugar,Health and Hygiene,OUT001,High,Tier 2,Supermarket Type1,14.92,0.03,188.95,1987.0,4823.31
FD308,Low Sugar,Baking Goods,OUT004,Medium,Tier 2,Supermarket Type2,14.11,0.078,131.65,2009.0,4412.79
FD7688,Low Sugar,Canned,OUT004,Medium,Tier 2,Supermarket Type2,13.38,0.025,145.21,2009.0,3580.82
NC6433,No Sugar,Household,OUT004,Medium,Tier 2,Supermarket Type2,13.44,0.076,137.65,2009.0,3440.0
FD1655,Low Sugar,Fruits and Vegetables,OUT004,Medium,Tier 2,Supermarket Type2,11.34,0.045,121.61,2009.0,2637.16
NC8076,No Sugar,Household,OUT004,Medium,Tier 2,Supermarket Type2,11.49,0.043,153.24,2009.0,3316.49
NC8094,No Sugar,Health and Hygiene,OUT004,Medium,Tier 2,Supermarket Type2,11.23,0.065,175.35,2009.0,3710.49
FD3510,Low Sugar,Snack Foods,OUT002,Small,Tier 3,Food Mart,10.72,0.068,111.08,1998.0,2281.16
DR2584,Regular,Soft Drinks,OUT001,High,Tier 2,Supermarket Type1,14.24,0.108,161.97,1987.0,4118.31
FD6718,Regular,Baking Goods,OUT004,Medium,Tier 2,Supermarket Type2,10.68,0.083,146.21,2009.0,2990.7
FD3770,Low Sugar,Snack Foods,OUT002,Small,Tier 3,Food Mart,10.5,0.031,99.99,1998.0,2003.66
FD2339,Low Sugar,Snack Foods,OUT004,Medium,Tier 2,Supermarket Type2,10.82,0.103,144.35,2009.0,2985.0
FD1226,Low Sugar,Snack Foods,OUT004,Medium,Tier 2,Supermarket Type2,11.35,0.007,151.05,2009.0,3241.09
FD2565,Regular,Fruits and Vegetables,OUT001,High,Tier 2,Supermarket Type1,14.3,0.065,161.73,1987.0,4127.09
FD3253,Regular,Fruits and Vegetables,OUT002,Small,Tier 3,Food Mart,9.7,0.104,121.29,1998.0,2259.47
FD7381,Low Sugar,Baking Goods,OUT001,High,Tier 2,Supermarket Type1,11.85,0.061,182.97,1987.0,4007.47
FD7582,Low Sugar,Snack Foods,OUT004,Medium,Tier 2,Supermarket Type2,10.49,0.016,142.38,2009.0,2868.18
DR1694,Low Sugar,Hard Drinks,OUT004,Medium,Tier 2,Supermarket Type2,12.8,0.083,163.35,2009.0,3819.71
FD8037,Low Sugar,Meat,OUT004,Medium,Tier 2,Supermarket Type2,13.07,0.037,143.79,2009.0,3481.67
FD3004,Regular,Dairy,OUT004,Medium,Tier 2,Supermarket Type2,14.02,0.035,131.93,2009.0,3453.19
FD5889,Low Sugar,Frozen Foods,OUT004,Medium,Tier 2,Supermarket Type2,15.23,0.042,140.48,2009.0,3902.6
DR5047,Low Sugar,Hard Drinks,OUT001,High,Tier 2,Supermarket Type1,12.99,0.072,202.05,1987.0,4654.98
FD7835,Regular,Baking Goods,OUT002,Small,Tier 3,Food Mart,9.22,0.016,87.04,1998.0,1450.19
FD7785,Low Sugar,Snack Foods,OUT001,High,Tier 2,Supermarket Type1,13.78,0.102,193.91,1987.0,4667.1
FD5373,Low Sugar,Baking Goods,OUT004,Medium,Tier 2,Supermarket Type2,11.43,0.058,154.98,2009.0,3339.24
FD8468,Regular,Snack Foods,OUT002,Small,Tier 3,Food Mart,11.06,0.051,106.69,1998.0,2268.95
FD4687,Regular,Frozen Foods,OUT002,Small,Tier 3,Food Mart,8.24,0.071,125.42,1998.0,2014.85
FD6998,Low Sugar,Meat,OUT004,Medium,Tier 2,Supermarket Type2,8.25,0.01,151.69,2009.0,2553.99
FD6378,Low Sugar,Dairy,OUT004,Medium,Tier 2,Supermarket Type2,12.6,0.03,142.58,2009.0,3349.58
FD6477,Low Sugar,Snack Foods,OUT001,High,Tier 2,Supermarket Type1,16.38,0.029,160.63,1987.0,4574.09
FD3548,Low Sugar,Fruits and Vegetables,OUT004,Medium,Tier 2,Supermarket Type2,9.79,0.006,161.0,2009.0,3093.08
FD1742,Low Sugar,Canned,OUT001,High,Tier 2,Supermarket Type1,8.86,0.024,137.9,1987.0,2409.16
DR4700,Low Sugar,Hard Drinks,OUT004,Medium,Tier 2,Supermarket Type2,13.7,0.171,135.23,2009.0,3448.01
FD7050,Regular,Snack Foods,OUT004,Medium,Tier 2,Supermarket Type2,10.93,0.107,131.5,2009.0,2745.37
FD1281,Low Sugar,Meat,OUT001,High,Tier 2,Supermarket Type1,15.31,0.047,191.25,1987.0,4958.42
FD2220,Low Sugar,Fruits and Vegetables,OUT004,Medium,Tier 2,Supermarket Type2,11.99,0.114,153.17,2009.0,3428.23
FD462,Low Sugar,Fruits and Vegetables,OUT004,Medium,Tier 2,Supermarket Type2,13.15,0.016,146.39,2009.0,3083.57
DR5934,Low Sugar,Soft Drinks,OUT001,High,Tier 2,Supermarket Type1,13.96,0.026,168.46,1987.0,4187.2
NC3577,No Sugar,Health and Hygiene,OUT004,Medium,Tier 2,Supermarket Type2,10.63,0.034,194.38,2009.0,3964.22
FD6107,Low Sugar,Fruits and Vegetables,OUT004,Medium,Tier 2,Supermarket Type2,12.86,0.062,139.32,2009.0,3341.99
FD2042,Low Sugar,Breads,OUT001,High,Tier 2,Supermarket Type1,15.01,0.178,187.3,1987.0,4810.1
FD5043,Low Sugar,Meat,OUT001,High,Tier 2,Supermarket Type1,12.15,0.098,207.69,1987.0,4580.51
FD2360,Low Sugar,Frozen Foods,OUT004,Medium,Tier 2,Supermarket Type2,10.1,0.035,157.43,2009.0,3089.69
FD2298,Low Sugar,Baking Goods,OUT004,Medium,Tier 2,Supermarket Type2,14.11,0.159,146.49,2009.0,3772.65
FD8482,Low Sugar,Snack Foods,OUT004,Medium,Tier 2,Supermarket Type2,13.68,0.024,138.77,2009.0,3516.86
FD1525,Low Sugar,Fruits and Vegetables,OUT004,Medium,Tier 2,Supermarket Type2,12.65,0.047,129.27,2009.0,3088.34
FD7412,Regular,Fruits and Vegetables,OUT004,Medium,Tier 2,Supermarket Type2,10.92,0.069,153.83,2009.0,3201.69
FD6704,Low Sugar,Frozen Foods,OUT004,Medium,Tier 2,Supermarket Type2,11.96,0.062,143.25,2009.0,3219.56
FD247,Regular,Frozen Foods,OUT002,Small,Tier 3,Food Mart,16.84,0.096,159.09,1998.0,532.14
FD2093,Regular,Breads,OUT001,High,Tier 2,Supermarket Type1,13.95,0.064,160.54,1987.0,4023.29
FD408,Low Sugar,Snack Foods,OUT004,Medium,Tier 2,Supermarket Type2,15.07,0.021,146.96,2009.0,3665.06
FD8324,Low Sugar,Dairy,OUT002,Small,Tier 3,Food Mart,7.53,0.021,143.66,1998.0,2226.48
DR7545,Low Sugar,Soft Drinks,OUT002,Small,Tier 3,Food Mart,8.29,0.022,101.45,1998.0,1533.69
DR1185,Low Sugar,Soft Drinks,OUT004,Medium,Tier 2,Supermarket Type2,14.72,0.168,142.38,2009.0,3826.41
NC2034,No Sugar,Household,OUT004,Medium,Tier 2,Supermarket Type2,13.39,0.112,156.21,2009.0,3808.57
NC5920,No Sugar,Household,OUT002,Small,Tier 3,Food Mart,10.38,0.094,96.67,1998.0,1909.26
FD6883,Low Sugar,Frozen Foods,OUT004,Medium,Tier 2,Supermarket Type2,11.38,0.125,175.82,2009.0,3755.34
FD2286,Low Sugar,Fruits and Vegetables,OUT004,Medium,Tier 2,Supermarket Type2,12.29,0.031,126.11,2009.0,2943.66
FD296,Low Sugar,Baking Goods,OUT002,Small,Tier 3,Food Mart,15.71,0.043,179.38,1998.0,1244.11
FD5870,Low Sugar,Snack Foods,OUT004,Medium,Tier 2,Supermarket Type2,13.38,0.038,142.12,2009.0,3516.49
FD7680,Low Sugar,Canned,OUT004,Medium,Tier 2,Supermarket Type2,11.37,0.095,150.55,2009.0,3235.51
FD2238,Regular,Snack Foods,OUT001,High,Tier 2,Supermarket Type1,10.56,0.151,119.23,1987.0,2411.64
FD5858,Low Sugar,Baking Goods,OUT002,Small,Tier 3,Food Mart,12.3,0.022,86.48,1998.0,2134.11
FD8232,Low Sugar,Fruits and Vegetables,OUT004,Medium,Tier 2,Supermarket Type2,12.58,0.057,119.09,2009.0,2866.0
NC257,No Sugar,Health and Hygiene,OUT004,Medium,Tier 2,Supermarket Type2,12.06,0.048,151.07,2009.0,3696.17
FD2010,Low Sugar,Snack Foods,OUT004,Medium,Tier 2,Supermarket Type2,11.14,0.089,174.32,2009.0,3670.64
FD6301,Regular,Dairy,OUT004,Medium,Tier 2,Supermarket Type2,11.93,0.055,142.75,2009.0,3202.1
FD1844,Regular,Frozen Foods,OUT002,Small,Tier 3,Food Mart,7.55,0.054,106.1,1998.0,1462.89
FD5429,Regular,Fruits and Vegetables,OUT004,Medium,Tier 2,Supermarket Type2,12.85,0.078,170.12,2009.0,3969.54
NC1243,No Sugar,Household,OUT004,Medium,Tier 2,Supermarket Type2,14.19,0.155,118.28,2009.0,3213.5
FD5718,Low Sugar,Snack Foods,OUT004,Medium,Tier 2,Supermarket Type2,10.33,0.047,133.86,2009.0,2659.17
NC3365,No Sugar,Health and Hygiene,OUT004,Medium,Tier 2,Supermarket Type2,10.73,0.016,159.37,2009.0,3270.54
FD6294,Low Sugar,Canned,OUT004,Medium,Tier 2,Supermarket Type2,10.23,0.148,130.84,2009.0,2573.94
FD2445,Low Sugar,Baking Goods,OUT004,Medium,Tier 2,Supermarket Type2,13.98,0.103,147.47,2009.0,3762.39
FD8273,Low Sugar,Baking Goods,OUT004,Medium,Tier 2,Supermarket Type2,11.9,0.067,158.76,2009.0,3523.96
NC4324,No Sugar,Health and Hygiene,OUT004,Medium,Tier 2,Supermarket Type2,12.17,0.045,156.69,2009.0,3542.16
FD7049,Regular,Fruits and Vegetables,OUT004,Medium,Tier 2,Supermarket Type2,13.97,0.057,155.49,2009.0,3923.8
NC791,No Sugar,Others,OUT004,Medium,Tier 2,Supermarket Type2,13.78,0.012,154.9,2009.0,3868.43
FD8571,Regular,Canned,OUT004,Medium,Tier 2,Supermarket Type2,11.9,0.028,126.28,2009.0,2858.71
FD7615,Low Sugar,Dairy,OUT002,Small,Tier 3,Food Mart,8.66,0.052,99.31,1998.0,1575.43
FD1275,Low Sugar,Breads,OUT004,Medium,Tier 2,Supermarket Type2,9.63,0.071,197.66,2009.0,3806.11
FD7484,Regular,Canned,OUT004,Medium,Tier 2,Supermarket Type2,11.43,0.094,135.03,2009.0,2930.81
FD1914,Regular,Frozen Foods,OUT001,High,Tier 2,Supermarket Type1,15.22,0.098,172.71,1987.0,4558.1
FD7018,Regular,Dairy,OUT002,Small,Tier 3,Food Mart,9.14,0.046,93.58,1998.0,1566.71
FD5911,Low Sugar,Baking Goods,OUT001,High,Tier 2,Supermarket Type1,13.65,0.041,171.43,1987.0,4178.4
FD2954,Regular,Frozen Foods,OUT001,High,Tier 2,Supermarket Type1,11.49,0.039,107.78,1987.0,2387.13
NC7941,No Sugar,Health and Hygiene,OUT001,High,Tier 2,Supermarket Type1,14.86,0.07,157.62,1987.0,4168.05
NC5211,No Sugar,Household,OUT004,Medium,Tier 2,Supermarket Type2,10.41,0.035,134.92,2009.0,2699.44
NC6611,No Sugar,Household,OUT002,Small,Tier 3,Food Mart,7.72,0.123,127.19,1998.0,1932.09
FD4670,Low Sugar,Dairy,OUT001,High,Tier 2,Supermarket Type1,13.26,0.023,171.35,1987.0,4088.04
NC8078,No Sugar,Household,OUT004,Medium,Tier 2,Supermarket Type2,14.3,0.023,126.98,2009.0,3414.86
FD3362,Low Sugar,Dairy,OUT004,Medium,Tier 2,Supermarket Type2,14.08,0.047,133.08,2009.0,3490.85
FD5473,Regular,Canned,OUT001,High,Tier 2,Supermarket Type1,11.43,0.146,113.97,1987.0,2499.77
NC6245,No Sugar,Health and Hygiene,OUT001,High,Tier 2,Supermarket Type1,10.42,0.034,123.46,1987.0,2466.05
NC6060,No Sugar,Household,OUT004,Medium,Tier 2,Supermarket Type2,12.61,0.039,165.19,2009.0,3815.55
FD8113,Regular,Meat,OUT001,High,Tier 2,Supermarket Type1,13.97,0.052,161.06,1987.0,4037.56
FD6706,reg,Fruits and Vegetables,OUT004,Medium,Tier 2,Supermarket Type2,13.61,0.082,160.36,2009.0,3942.94
NC2663,No Sugar,Health and Hygiene,OUT004,Medium,Tier 2,Supermarket Type2,10.88,0.036,152.84,2009.0,3172.54
FD6244,Low Sugar,Snack Foods,OUT004,Medium,Tier 2,Supermarket Type2,11.61,0.085,165.65,2009.0,3597.56
FD3597,Low Sugar,Frozen Foods,OUT002,Small,Tier 3,Food Mart,8.48,0.019,134.6,1998.0,2255.29
FD8191,Low Sugar,Canned,OUT004,Medium,Tier 2,Supermarket Type2,15.05,0.057,113.28,2009.0,3303.92
FD6740,Regular,Meat,OUT004,Medium,Tier 2,Supermarket Type2,11.78,0.066,144.41,2009.0,3203.44
NC1858,No Sugar,Household,OUT004,Medium,Tier 2,Supermarket Type2,10.91,0.104,152.46,2009.0,3169.95
NC5193,No Sugar,Household,OUT004,Medium,Tier 2,Supermarket Type2,11.27,0.09,121.14,2009.0,2610.54
NC1783,No Sugar,Health and Hygiene,OUT004,Medium,Tier 2,Supermarket Type2,12.32,0.079,128.42,2009.0,2996.63
FD1517,Low Sugar,Dairy,OUT004,Medium,Tier 2,Supermarket Type2,11.13,0.052,135.49,2009.0,2872.85
DR2605,Regular,Soft Drinks,OUT001,High,Tier 2,Supermarket Type1,14.39,0.033,180.9,1987.0,4537.94
DR6171,Regular,Hard Drinks,OUT001,High,Tier 2,Supermarket Type1,14.83,0.035,155.26,1987.0,4112.8
FD1749,Regular,Fruits and Vegetables,OUT004,Medium,Tier 2,Supermarket Type2,9.39,0.018,151.86,2009.0,2815.55
FD520,Low Sugar,Meat,OUT004,Medium,Tier 2,Supermarket Type2,11.28,0.076,162.31,2009.0,2736.36
FD4077,Low Sugar,Canned,OUT004,Medium,Tier 2,Supermarket Type2,12.48,0.026,123.16,2009.0,2925.81
FD7578,Low Sugar,Baking Goods,OUT004,Medium,Tier 2,Supermarket Type2,11.43,0.01,154.31,2009.0,3326.44
DR2009,Low Sugar,Soft Drinks,OUT004,Medium,Tier 2,Supermarket Type2,10.85,0.01,144.61,2009.0,2997.3
FD3539,Regular,Meat,OUT004,Medium,Tier 2,Supermarket Type2,9.94,0.046,132.99,2009.0,2552.36
FD7048,Low Sugar,Meat,OUT002,Small,Tier 3,Food Mart,11.27,0.027,87.56,1998.0,1922.72
FD8138,Low Sugar,Dairy,OUT004,Medium,Tier 2,Supermarket Type2,14.96,0.09,139.19,2009.0,3814.83
FD1788,Low Sugar,Dairy,OUT004,Medium,Tier 2,Supermarket Type2,12.25,0.105,150.03,2009.0,3423.5
FD7080,Regular,Canned,OUT004,Medium,Tier 2,Supermarket Type2,12.73,0.099,125.94,2009.0,3039.07
FD3595,Low Sugar,Seafood,OUT004,Medium,Tier 2,Supermarket Type2,16.47,0.059,128.65,2009.0,3940.21
NC6738,No Sugar,Health and Hygiene,OUT002,Small,Tier 3,Food Mart,11.22,0.025,91.63,1998.0,1996.7
NC1080,No Sugar,Household,OUT001,High,Tier 2,Supermarket Type1,15.87,0.08,167.92,1987.0,4608.59
FD6829,Regular,Frozen Foods,OUT004,Medium,Tier 2,Supermarket Type2,14.04,0.088,148.45,2009.0,3794.84
DR5906,Low Sugar,Hard Drinks,OUT004,Medium,Tier 2,Supermarket Type2,11.15,0.14,126.41,2009.0,2692.57
FD3016,Regular,Canned,OUT004,Medium,Tier 2,Supermarket Type2,11.48,0.035,166.51,2009.0,3586.35
FD2036,Low Sugar,Dairy,OUT002,Small,Tier 3,Food Mart,7.8,0.036,131.56,1998.0,2039.3
FD85,Low Sugar,Meat,OUT002,Small,Tier 3,Food Mart,16.15,0.132,192.35,1998.0,1298.5
FD4871,Low Sugar,Baking Goods,OUT004,Medium,Tier 2,Supermarket Type2,12.98,0.046,110.57,2009.0,2780.32
FD1039,Low Sugar,Starchy Foods,OUT001,High,Tier 2,Supermarket Type1,15.36,0.01,181.89,1987.0,4778.74
DR7153,Low Sugar,Hard Drinks,OUT002,Small,Tier 3,Food Mart,6.61,0.071,109.29,1998.0,1315.05
DR7053,Low Sugar,Soft Drinks,OUT004,Medium,Tier 2,Supermarket Type2,13.97,0.142,142.2,2009.0,3651.46
FD1202,Regular,Canned,OUT001,High,Tier 2,Supermarket Type1,10.71,0.066,118.97,1987.0,2440.96
FD491,Low Sugar,Fruits and Vegetables,OUT004,Medium,Tier 2,Supermarket Type2,14.2,0.113,152.24,2009.0,2832.81
FD718,Regular,Snack Foods,OUT004,Medium,Tier 2,Supermarket Type2,12.43,0.154,166.96,2009.0,3811.47
NC5112,No Sugar,Household,OUT004,Medium,Tier 2,Supermarket Type2,10.77,0.069,145.19,2009.0,2990.53
FD1485,Low Sugar,Baking Goods,OUT004,Medium,Tier 2,Supermarket Type2,13.0,0.03,128.38,2009.0,3150.29
NC6547,No Sugar,Household,OUT004,Medium,Tier 2,Supermarket Type2,8.18,0.161,154.41,2009.0,2593.66
FD3479,Low Sugar,Canned,OUT004,Medium,Tier 2,Supermarket Type2,12.97,0.115,136.05,2009.0,3301.17
FD494,Low Sugar,Dairy,OUT002,Small,Tier 3,Food Mart,11.4,0.031,143.26,1998.0,1070.83
DR4193,Regular,Hard Drinks,OUT004,Medium,Tier 2,Supermarket Type2,11.98,0.085,112.33,2009.0,2591.58
FD4559,Low Sugar,Baking Goods,OUT004,Medium,Tier 2,Supermarket Type2,12.73,0.091,125.4,2009.0,3028.77
FD3559,Regular,Meat,OUT001,High,Tier 2,Supermarket Type1,10.49,0.074,122.71,1987.0,2467.09
DR5543,Regular,Soft Drinks,OUT004,Medium,Tier 2,Supermarket Type2,11.96,0.061,148.12,2009.0,3319.48
FD7248,Low Sugar,Frozen Foods,OUT004,Medium,Tier 2,Supermarket Type2,10.48,0.006,131.54,2009.0,2644.68
FD8669,Low Sugar,Frozen Foods,OUT004,Medium,Tier 2,Supermarket Type2,11.12,0.069,121.96,2009.0,2592.95
FD3729,Regular,Baking Goods,OUT004,Medium,Tier 2,Supermarket Type2,12.95,0.114,134.98,2009.0,3272.89
FD2573,Regular,Frozen Foods,OUT001,High,Tier 2,Supermarket Type1,15.65,0.093,184.74,1987.0,4902.42
FD7255,Low Sugar,Snack Foods,OUT004,Medium,Tier 2,Supermarket Type2,12.68,0.03,133.19,2009.0,3176.35
FD6795,Low Sugar,Canned,OUT004,Medium,Tier 2,Supermarket Type2,11.81,0.039,144.22,2009.0,3204.37
FD2703,Regular,Baking Goods,OUT004,Medium,Tier 2,Supermarket Type2,14.72,0.016,147.66,2009.0,3932.39
DR2356,Low Sugar,Soft Drinks,OUT001,High,Tier 2,Supermarket Type1,15.35,0.064,177.53,1987.0,4686.68
FD5278,Regular,Snack Foods,OUT004,Medium,Tier 2,Supermarket Type2,11.2,0.069,124.4,2009.0,2661.55
NC7424,No Sugar,Health and Hygiene,OUT004,Medium,Tier 2,Supermarket Type2,9.87,0.02,144.26,2009.0,2766.62
DR851,Low Sugar,Soft Drinks,OUT004,Medium,Tier 2,Supermarket Type2,14.14,0.058,153.07,2009.0,3913.96
FD1326,Low Sugar,Fruits and Vegetables,OUT004,Medium,Tier 2,Supermarket Type2,10.31,0.044,146.34,2009.0,2908.78
FD6855,Regular,Fruits and Vegetables,OUT002,Small,Tier 3,Food Mart,9.35,0.04,99.2,1998.0,1729.21
FD706,Regular,Meat,OUT004,Medium,Tier 2,Supermarket Type2,11.37,0.024,179.25,2009.0,3822.88
FD7138,Low Sugar,Dairy,OUT004,Medium,Tier 2,Supermarket Type2,14.67,0.02,143.9,2009.0,3845.01
FD6696,reg,Fruits and Vegetables,OUT002,Small,Tier 3,Food Mart,10.35,0.017,95.05,1998.0,1869.49
FD1543,Low Sugar,Baking Goods,OUT004,Medium,Tier 2,Supermarket Type2,12.57,0.085,156.28,2009.0,3622.69
FD6091,Regular,Baking Goods,OUT004,Medium,Tier 2,Supermarket Type2,13.62,0.113,114.03,2009.0,2997.47
FD4873,Low Sugar,Fruits and Vegetables,OUT004,Medium,Tier 2,Supermarket Type2,14.0,0.036,117.72,2009.0,3158.39
FD1616,Regular,Fruits and Vegetables,OUT004,Medium,Tier 2,Supermarket Type2,11.51,0.044,128.68,2009.0,2818.86
FD7207,Low Sugar,Fruits and Vegetables,OUT001,High,Tier 2,Supermarket Type1,9.24,0.045,130.95,1987.0,2351.89
FD702,Regular,Fruits and Vegetables,OUT004,Medium,Tier 2,Supermarket Type2,12.6,0.024,144.95,2009.0,3398.44
FD4842,Low Sugar,Snack Foods,OUT004,Medium,Tier 2,Supermarket Type2,14.43,0.076,137.97,2009.0,3669.6
DR6600,Low Sugar,Hard Drinks,OUT002,Small,Tier 3,Food Mart,9.77,0.013,115.44,1998.0,2154.83
FD3684,Regular,Dairy,OUT004,Medium,Tier 2,Supermarket Type2,13.5,0.048,148.26,2009.0,3669.34
FD5763,Regular,Meat,OUT004,Medium,Tier 2,Supermarket Type2,12.72,0.068,134.18,2009.0,3205.09
FD6946,Low Sugar,Frozen Foods,OUT004,Medium,Tier 2,Supermarket Type2,9.81,0.039,141.69,2009.0,2701.94
FD4211,Low Sugar,Dairy,OUT002,Small,Tier 3,Food Mart,9.79,0.062,105.19,1998.0,1949.2
FD2575,Low Sugar,Snack Foods,OUT004,Medium,Tier 2,Supermarket Type2,16.21,0.056,129.8,2009.0,3905.4
FD3373,Regular,Meat,OUT004,Medium,Tier 2,Supermarket Type2,11.84,0.023,113.2,2009.0,2576.44
FD1010,Regular,Fruits and Vegetables,OUT004,Medium,Tier 2,Supermarket Type2,13.3,0.036,148.12,2009.0,3620.96
FD163,Low Sugar,Frozen Foods,OUT004,Medium,Tier 2,Supermarket Type2,11.41,0.143,184.03,2009.0,4144.87
FD6227,Low Sugar,Meat,OUT004,Medium,Tier 2,Supermarket Type2,12.25,0.059,130.87,2009.0,3030.9
NC8355,No Sugar,Household,OUT001,High,Tier 2,Supermarket Type1,12.63,0.05,207.07,1987.0,4677.12
FD5069,Regular,Dairy,OUT004,Medium,Tier 2,Supermarket Type2,13.47,0.023,110.9,2009.0,2899.38
FD4612,Low Sugar,Canned,OUT004,Medium,Tier 2,Supermarket Type2,13.67,0.031,129.94,2009.0,3333.05
FD5347,Low Sugar,Fruits and Vegetables,OUT004,Medium,Tier 2,Supermarket Type2,9.71,0.031,140.87,2009.0,2662.48
FD4129,Low Sugar,Fruits and Vegetables,OUT002,Small,Tier 3,Food Mart,12.68,0.058,74.35,1998.0,1971.33
FD2422,Low Sugar,Snack Foods,OUT004,Medium,Tier 2,Supermarket Type2,13.61,0.036,136.92,2009.0,3462.97
FD743,Regular,Fruits and Vegetables,OUT001,High,Tier 2,Supermarket Type1,16.4,0.11,171.86,1987.0,4807.91
FD7135,Regular,Snack Foods,OUT004,Medium,Tier 2,Supermarket Type2,11.88,0.07,130.83,2009.0,2947.02
FD8314,Low Sugar,Canned,OUT004,Medium,Tier 2,Supermarket Type2,13.38,0.061,150.45,2009.0,3688.78
FD1512,Low Sugar,Dairy,OUT001,High,Tier 2,Supermarket Type1,15.9,0.114,141.25,1987.0,4068.37
FD1350,Low Sugar,Canned,OUT004,Medium,Tier 2,Supermarket Type2,10.29,0.113,166.58,2009.0,3319.71
FD1998,Regular,Frozen Foods,OUT004,Medium,Tier 2,Supermarket Type2,11.72,0.054,121.49,2009.0,2718.95
FD5962,Low Sugar,Dairy,OUT001,High,Tier 2,Supermarket Type1,10.16,0.109,124.5,1987.0,2428.39
FD7305,Low Sugar,Meat,OUT002,Small,Tier 3,Food Mart,7.51,0.021,125.42,1998.0,1848.16
FD2612,Low Sugar,Fruits and Vegetables,OUT001,High,Tier 2,Supermarket Type1,13.94,0.088,189.15,1987.0,4606.28
FD4782,Regular,Fruits and Vegetables,OUT004,Medium,Tier 2,Supermarket Type2,13.49,0.023,115.81,2009.0,3004.21
DR4354,Low Sugar,Hard Drinks,OUT004,Medium,Tier 2,Supermarket Type2,11.36,0.045,122.44,2009.0,2658.01
FD2459,Regular,Frozen Foods,OUT001,High,Tier 2,Supermarket Type1,14.99,0.014,174.24,1987.0,4537.88
FD8530,Low Sugar,Canned,OUT004,Medium,Tier 2,Supermarket Type2,12.1,0.01,174.37,2009.0,3887.64
FD4159,Regular,Meat,OUT001,High,Tier 2,Supermarket Type1,10.29,0.036,202.9,1987.0,4062.75
FD3218,Low Sugar,Snack Foods,OUT004,Medium,Tier 2,Supermarket Type2,11.4,0.014,139.9,2009.0,3024.27
NC8226,No Sugar,Health and Hygiene,OUT004,Medium,Tier 2,Supermarket Type2,13.3,0.093,158.62,2009.0,3837.37
FD3955,Low Sugar,Breakfast,OUT001,High,Tier 2,Supermarket Type1,16.27,0.03,162.6,1987.0,4588.38
NC186,No Sugar,Health and Hygiene,OUT002,Small,Tier 3,Food Mart,12.21,0.042,147.73,1998.0,1150.13
FD7781,Low Sugar,Seafood,OUT004,Medium,Tier 2,Supermarket Type2,11.7,0.025,180.97,2009.0,3932.56
DR4520,Low Sugar,Soft Drinks,OUT002,Small,Tier 3,Food Mart,11.29,0.157,82.62,1998.0,1827.09
DR5081,Low Sugar,Soft Drinks,OUT004,Medium,Tier 2,Supermarket Type2,11.38,0.12,149.29,2009.0,3211.85
DR3252,Low Sugar,Hard Drinks,OUT004,Medium,Tier 2,Supermarket Type2,9.68,0.018,153.33,2009.0,2909.71
FD3236,Regular,Frozen Foods,OUT004,Medium,Tier 2,Supermarket Type2,12.54,0.02,137.17,2009.0,3225.33
FD1196,Regular,Snack Foods,OUT004,Medium,Tier 2,Supermarket Type2,12.97,0.036,157.12,2009.0,3730.49
FD7733,Low Sugar,Canned,OUT001,High,Tier 2,Supermarket Type1,15.79,0.069,144.12,1987.0,4102.26
NC5742,No Sugar,Household,OUT004,Medium,Tier 2,Supermarket Type2,10.64,0.097,130.78,2009.0,2665.97
DR1235,Regular,Soft Drinks,OUT004,Medium,Tier 2,Supermarket Type2,13.79,0.034,134.71,2009.0,3458.63
FD7104,Low Sugar,Snack Foods,OUT004,Medium,Tier 2,Supermarket Type2,11.37,0.07,120.33,2009.0,2616.62
FD8693,Low Sugar,Frozen Foods,OUT004,Medium,Tier 2,Supermarket Type2,11.95,0.096,120.64,2009.0,2753.68
NC6676,No Sugar,Health and Hygiene,OUT004,Medium,Tier 2,Supermarket Type2,14.83,0.081,114.04,2009.0,3270.77
FD4381,Low Sugar,Baking Goods,OUT004,Medium,Tier 2,Supermarket Type2,12.35,0.093,158.43,2009.0,3618.78
FD5504,Low Sugar,Frozen Foods,OUT004,Medium,Tier 2,Supermarket Type2,14.53,0.171,148.55,2009.0,3908.32
FD1216,Low Sugar,Starchy Foods,OUT004,Medium,Tier 2,Supermarket Type2,11.97,0.052,150.67,2009.0,3374.1
DR12,Low Sugar,Soft Drinks,OUT001,High,Tier 2,Supermarket Type1,15.25,0.138,191.9,1987.0,3547.55
NC6748,No Sugar,Health and Hygiene,OUT004,Medium,Tier 2,Supermarket Type2,13.9,0.128,140.59,2009.0,3604.51
DR6608,Regular,Soft Drinks,OUT004,Medium,Tier 2,Supermarket Type2,11.55,0.054,148.92,2009.0,3241.91
FD1576,Low Sugar,Dairy,OUT004,Medium,Tier 2,Supermarket Type2,9.68,0.16,137.65,2009.0,2590.03
FD3405,Low Sugar,Meat,OUT004,Medium,Tier 2,Supermarket Type2,13.24,0.047,125.49,2009.0,3144.3
NC1672,No Sugar,Household,OUT004,Medium,Tier 2,Supermarket Type2,11.26,0.074,151.55,2009.0,3230.05
FD2210,Regular,Breads,OUT004,Medium,Tier 2,Supermarket Type2,12.98,0.021,147.61,2009.0,3538.76
DR5715,Low Sugar,Hard Drinks,OUT004,Medium,Tier 2,Supermarket Type2,9.52,0.092,172.9,2009.0,3274.41
FD943,Regular,Snack Foods,OUT004,Medium,Tier 2,Supermarket Type2,12.11,0.126,144.37,2009.0,3275.11
FD5306,Low Sugar,Meat,OUT004,Medium,Tier 2,Supermarket Type2,11.38,0.026,117.21,2009.0,2555.37
FD227,Low Sugar,Fruits and Vegetables,OUT004,Medium,Tier 2,Supermarket Type2,12.64,0.053,145.92,2009.0,5160.75
FD7969,Low Sugar,Fruits and Vegetables,OUT004,Medium,Tier 2,Supermarket Type2,12.38,0.069,111.05,2009.0,2655.19
FD3900,Low Sugar,Frozen Foods,OUT004,Medium,Tier 2,Supermarket Type2,15.28,0.027,123.04,2009.0,3555.93
FD7019,Regular,Snack Foods,OUT004,Medium,Tier 2,Supermarket Type2,13.17,0.048,137.37,2009.0,3372.49
FD5562,Low Sugar,Frozen Foods,OUT004,Medium,Tier 2,Supermarket Type2,11.79,0.079,152.91,2009.0,3378.4
FD7957,Regular,Frozen Foods,OUT004,Medium,Tier 2,Supermarket Type2,11.31,0.019,138.7,2009.0,2980.19
FD8250,Low Sugar,Snack Foods,OUT001,High,Tier 2,Supermarket Type1,15.76,0.046,176.65,1987.0,4761.01
FD1792,Regular,Baking Goods,OUT004,Medium,Tier 2,Supermarket Type2,12.56,0.128,163.28,2009.0,3765.77
NC3991,No Sugar,Household,OUT004,Medium,Tier 2,Supermarket Type2,15.25,0.04,137.67,2009.0,3848.05
NC7065,No Sugar,Health and Hygiene,OUT001,High,Tier 2,Supermarket Type1,12.49,0.053,176.79,1987.0,4025.11
NC5407,No Sugar,Health and Hygiene,OUT004,Medium,Tier 2,Supermarket Type2,11.42,0.021,176.93,2009.0,3785.98
FD1892,reg,Snack Foods,OUT004,Medium,Tier 2,Supermarket Type2,10.9,0.066,155.17,2009.0,3224.66
FD5225,Low Sugar,Dairy,OUT004,Medium,Tier 2,Supermarket Type2,14.85,0.047,138.58,2009.0,3777.26
DR7954,Regular,Hard Drinks,OUT001,High,Tier 2,Supermarket Type1,16.34,0.079,171.56,1987.0,4788.07
FD4537,Regular,Fruits and Vegetables,OUT004,Medium,Tier 2,Supermarket Type2,13.57,0.089,155.39,2009.0,3832.6
FD2850,Low Sugar,Snack Foods,OUT004,Medium,Tier 2,Supermarket Type2,13.34,0.027,165.36,2009.0,3984.2
FD4492,Low Sugar,Snack Foods,OUT002,Small,Tier 3,Food Mart,8.73,0.056,101.72,1998.0,1638.91
FD5903,Low Sugar,Fruits and Vegetables,OUT004,Medium,Tier 2,Supermarket Type2,12.5,0.048,157.76,2009.0,3637.98
FD7386,Regular,Dairy,OUT001,High,Tier 2,Supermarket Type1,10.41,0.17,115.64,1987.0,2303.6
FD3690,Regular,Meat,OUT004,Medium,Tier 2,Supermarket Type2,11.27,0.047,136.46,2009.0,2924.64
DR287,Low Sugar,Soft Drinks,OUT001,High,Tier 2,Supermarket Type1,17.96,0.039,170.04,1987.0,2778.11
FD6216,Low Sugar,Fruits and Vegetables,OUT004,Medium,Tier 2,Supermarket Type2,13.09,0.027,155.83,2009.0,3731.5
FD8362,Low Sugar,Baking Goods,OUT004,Medium,Tier 2,Supermarket Type2,11.01,0.03,153.17,2009.0,3206.61
FD4262,Low Sugar,Dairy,OUT004,Medium,Tier 2,Supermarket Type2,15.14,0.059,103.93,2009.0,3133.35
FD2431,Low Sugar,Frozen Foods,OUT004,Medium,Tier 2,Supermarket Type2,11.32,0.072,123.07,2009.0,2661.76
NC7511,No Sugar,Household,OUT004,Medium,Tier 2,Supermarket Type2,11.42,0.14,137.81,2009.0,2986.22
FD5704,Low Sugar,Dairy,OUT004,Medium,Tier 2,Supermarket Type2,13.2,0.03,149.75,2009.0,3632.99
FD7266,Regular,Baking Goods,OUT004,Medium,Tier 2,Supermarket Type2,12.06,0.025,169.22,2009.0,3772.41
FD2721,Low Sugar,Snack Foods,OUT004,Medium,Tier 2,Supermarket Type2,12.71,0.072,171.51,2009.0,3967.02
FD3590,Low Sugar,Snack Foods,OUT002,Small,Tier 3,Food Mart,10.63,0.282,96.15,1998.0,1955.33
NC343,No Sugar,Household,OUT004,Medium,Tier 2,Supermarket Type2,13.89,0.123,124.96,2009.0,2805.93
FD5506,Regular,Frozen Foods,OUT004,Medium,Tier 2,Supermarket Type2,11.59,0.015,136.89,2009.0,3005.51
FD3644,Low Sugar,Baking Goods,OUT004,Medium,Tier 2,Supermarket Type2,10.83,0.064,158.68,2009.0,3279.47
NC5942,No Sugar,Household,OUT004,Medium,Tier 2,Supermarket Type2,11.13,0.073,140.73,2009.0,2981.04
FD1098,Low Sugar,Breads,OUT001,High,Tier 2,Supermarket Type1,15.6,0.02,171.47,1987.0,4618.49
FD4117,Low Sugar,Snack Foods,OUT004,Medium,Tier 2,Supermarket Type2,11.81,0.103,151.48,2009.0,3353.19
DR3825,Low Sugar,Hard Drinks,OUT004,Medium,Tier 2,Supermarket Type2,12.27,0.178,113.12,2009.0,2673.62
FD7007,Low Sugar,Fruits and Vegetables,OUT002,Small,Tier 3,Food Mart,11.91,0.041,94.69,1998.0,2214.4
FD6760,Regular,Fruits and Vegetables,OUT001,High,Tier 2,Supermarket Type1,13.2,0.008,171.82,1987.0,4084.74
FD7540,Regular,Meat,OUT004,Medium,Tier 2,Supermarket Type2,13.73,0.078,153.86,2009.0,3836.67
FD5110,Low Sugar,Fruits and Vegetables,OUT004,Medium,Tier 2,Supermarket Type2,10.9,0.039,126.73,2009.0,2641.45
FD1703,Low Sugar,Dairy,OUT004,Medium,Tier 2,Supermarket Type2,9.85,0.045,151.38,2009.0,2908.49
NC6141,No Sugar,Household,OUT004,Medium,Tier 2,Supermarket Type2,13.22,0.022,124.22,2009.0,3115.36
FD4644,Low Sugar,Frozen Foods,OUT004,Medium,Tier 2,Supermarket Type2,14.33,0.097,131.06,2009.0,3505.13
FD2541,Low Sugar,Breakfast,OUT004,Medium,Tier 2,Supermarket Type2,12.12,0.081,116.42,2009.0,2706.89
FD6382,Low Sugar,Fruits and Vegetables,OUT001,High,Tier 2,Supermarket Type1,13.15,0.053,199.53,1987.0,4639.9
FD7952,Low Sugar,Snack Foods,OUT004,Medium,Tier 2,Supermarket Type2,11.76,0.115,146.13,2009.0,3233.74
FD7812,Low Sugar,Fruits and Vegetables,OUT001,High,Tier 2,Supermarket Type1,13.61,0.177,167.03,1987.0,4078.66
FD4217,Low Sugar,Meat,OUT004,Medium,Tier 2,Supermarket Type2,14.93,0.023,86.84,2009.0,2735.23
NC430,No Sugar,Household,OUT001,High,Tier 2,Supermarket Type1,15.94,0.067,176.93,1987.0,2455.65
FD6289,Low Sugar,Fruits and Vegetables,OUT004,Medium,Tier 2,Supermarket Type2,10.78,0.053,193.54,2009.0,3981.89
FD7544,Low Sugar,Canned,OUT004,Medium,Tier 2,Supermarket Type2,13.37,0.036,149.82,2009.0,3672.68
FD234,Low Sugar,Fruits and Vegetables,OUT004,Medium,Tier 2,Supermarket Type2,13.84,0.055,122.2,2009.0,3212.17
FD7639,Low Sugar,Starchy Foods,OUT004,Medium,Tier 2,Supermarket Type2,14.23,0.065,114.51,2009.0,3143.33
NC7343,No Sugar,Health and Hygiene,OUT004,Medium,Tier 2,Supermarket Type2,10.84,0.103,162.99,2009.0,3370.23
FD93,Low Sugar,Dairy,OUT004,Medium,Tier 2,Supermarket Type2,10.34,0.052,163.11,2009.0,3885.82
FD7401,Low Sugar,Frozen Foods,OUT002,Small,Tier 3,Food Mart,7.13,0.074,83.24,1998.0,900.16
FD5386,Low Sugar,Frozen Foods,OUT004,Medium,Tier 2,Supermarket Type2,10.08,0.206,165.9,2009.0,3256.76
FD5468,Regular,Fruits and Vegetables,OUT001,High,Tier 2,Supermarket Type1,14.07,0.042,196.37,1987.0,4783.41
FD8096,Low Sugar,Starchy Foods,OUT004,Medium,Tier 2,Supermarket Type2,13.45,0.08,148.98,2009.0,3673.95
FD1956,Low Sugar,Starchy Foods,OUT002,Small,Tier 3,Food Mart,10.07,0.081,100.23,1998.0,1911.04
FD1819,Low Sugar,Frozen Foods,OUT001,High,Tier 2,Supermarket Type1,12.65,0.072,201.52,1987.0,4567.86
DR7516,Low Sugar,Soft Drinks,OUT004,Medium,Tier 2,Supermarket Type2,13.59,0.031,130.87,2009.0,3334.93
FD5046,Low Sugar,Canned,OUT002,Small,Tier 3,Food Mart,7.87,0.033,96.69,1998.0,1343.13
FD6580,Low Sugar,Dairy,OUT004,Medium,Tier 2,Supermarket Type2,13.51,0.04,161.85,2009.0,3949.2
FD111,Regular,Canned,OUT004,Medium,Tier 2,Supermarket Type2,15.36,0.113,114.93,2009.0,4422.47
FD4223,Low Sugar,Fruits and Vegetables,OUT004,Medium,Tier 2,Supermarket Type2,11.38,0.066,185.17,2009.0,3945.95
NC5089,No Sugar,Household,OUT004,Medium,Tier 2,Supermarket Type2,13.7,0.116,131.24,2009.0,3367.55
FD218,Low Sugar,Snack Foods,OUT002,Small,Tier 3,Food Mart,11.95,0.038,125.45,1998.0,871.22
FD3110,Low Sugar,Baking Goods,OUT002,Small,Tier 3,Food Mart,10.9,0.036,107.79,1998.0,2254.11
FD1557,Low Sugar,Fruits and Vegetables,OUT001,High,Tier 2,Supermarket Type1,13.75,0.061,164.34,1987.0,4055.47
NC2717,No Sugar,Health and Hygiene,OUT004,Medium,Tier 2,Supermarket Type2,13.18,0.019,133.88,2009.0,3304.37
FD1817,Regular,Canned,OUT002,Small,Tier 3,Food Mart,11.53,0.036,102.32,1998.0,2285.44
FD2480,Regular,Breads,OUT004,Medium,Tier 2,Supermarket Type2,12.23,0.136,117.44,2009.0,2752.95
NC568,No Sugar,Household,OUT001,High,Tier 2,Supermarket Type1,10.63,0.129,105.06,1987.0,3503.05
FD1555,Low Sugar,Dairy,OUT004,Medium,Tier 2,Supermarket Type2,12.39,0.029,141.6,2009.0,3282.17
FD7940,Low Sugar,Snack Foods,OUT004,Medium,Tier 2,Supermarket Type2,11.11,0.034,153.58,2009.0,3238.29
FD8528,Low Sugar,Meat,OUT002,Small,Tier 3,Food Mart,7.92,0.027,134.91,1998.0,2135.42
FD557,Low Sugar,Starchy Foods,OUT004,Medium,Tier 2,Supermarket Type2,12.64,0.021,172.89,2009.0,2898.86
FD4954,Low Sugar,Starchy Foods,OUT004,Medium,Tier 2,Supermarket Type2,10.95,0.073,145.75,2009.0,3042.38
FD1773,Low Sugar,Baking Goods,OUT004,Medium,Tier 2,Supermarket Type2,12.14,0.008,124.43,2009.0,2874.73
DR2860,Regular,Soft Drinks,OUT002,Small,Tier 3,Food Mart,9.26,0.043,102.67,1998.0,1778.64
FD5600,Regular,Frozen Foods,OUT004,Medium,Tier 2,Supermarket Type2,12.58,0.174,110.83,2009.0,2696.92
NC1928,No Sugar,Household,OUT004,Medium,Tier 2,Supermarket Type2,12.02,0.12,128.77,2009.0,2937.3
FD6872,Low Sugar,Baking Goods,OUT004,Medium,Tier 2,Supermarket Type2,11.04,0.084,130.24,2009.0,2746.01
FD8727,Low Sugar,Dairy,OUT004,Medium,Tier 2,Supermarket Type2,11.74,0.107,155.03,2009.0,3411.67
FD769,Low Sugar,Frozen Foods,OUT001,High,Tier 2,Supermarket Type1,14.64,0.071,178.84,1987.0,4553.27
FD5633,Low Sugar,Snack Foods,OUT004,Medium,Tier 2,Supermarket Type2,12.39,0.188,140.38,2009.0,3258.03
FD6344,Low Sugar,Fruits and Vegetables,OUT004,Medium,Tier 2,Supermarket Type2,11.59,0.009,170.3,2009.0,3690.29
FD1058,Low Sugar,Snack Foods,OUT004,Medium,Tier 2,Supermarket Type2,14.41,0.01,142.55,2009.0,3757.87
FD4181,Low Sugar,Meat,OUT004,Medium,Tier 2,Supermarket Type2,14.14,0.044,155.64,2009.0,3966.19
FD3674,Low Sugar,Meat,OUT001,High,Tier 2,Supermarket Type1,12.83,0.017,207.05,1987.0,4720.47
DR5867,Low Sugar,Soft Drinks,OUT001,High,Tier 2,Supermarket Type1,12.34,0.129,177.42,1987.0,4004.24
FD3744,Low Sugar,Baking Goods,OUT004,Medium,Tier 2,Supermarket Type2,12.35,0.036,113.9,2009.0,2707.63
NC4762,No Sugar,Household,OUT004,Medium,Tier 2,Supermarket Type2,12.11,0.014,124.62,2009.0,2871.13
FD7306,Low Sugar,Fruits and Vegetables,OUT004,Medium,Tier 2,Supermarket Type2,12.38,0.087,155.18,2009.0,3559.54
NC5576,No Sugar,Household,OUT002,Small,Tier 3,Food Mart,9.99,0.016,112.69,1998.0,2148.7
FD7793,Low Sugar,Starchy Foods,OUT004,Medium,Tier 2,Supermarket Type2,11.15,0.038,155.99,2009.0,3297.95
NC8507,No Sugar,Health and Hygiene,OUT002,Small,Tier 3,Food Mart,11.28,0.031,103.88,1998.0,2258.95
FD3226,Low Sugar,Frozen Foods,OUT001,High,Tier 2,Supermarket Type1,9.66,0.017,124.61,1987.0,2317.04
FD1947,Low Sugar,Dairy,OUT001,High,Tier 2,Supermarket Type1,13.23,0.075,174.43,1987.0,4143.86
FD1013,Low Sugar,Meat,OUT004,Medium,Tier 2,Supermarket Type2,12.14,0.079,144.92,2009.0,3295.1
FD2529,Regular,Frozen Foods,OUT004,Medium,Tier 2,Supermarket Type2,11.94,0.049,139.55,2009.0,3139.94
FD5062,Low Sugar,Baking Goods,OUT004,Medium,Tier 2,Supermarket Type2,9.62,0.039,177.12,2009.0,3382.91
NC2325,No Sugar,Health and Hygiene,OUT004,Medium,Tier 2,Supermarket Type2,13.41,0.02,163.29,2009.0,3957.35
FD1720,Low Sugar,Baking Goods,OUT004,Medium,Tier 2,Supermarket Type2,11.68,0.053,141.24,2009.0,3113.92
FD1802,reg,Dairy,OUT001,High,Tier 2,Supermarket Type1,13.06,0.034,172.92,1987.0,4074.34
FD6939,Low Sugar,Meat,OUT004,Medium,Tier 2,Supermarket Type2,12.59,0.023,141.77,2009.0,3332.48
FD4943,Low Sugar,Snack Foods,OUT004,Medium,Tier 2,Supermarket Type2,10.76,0.024,143.58,2009.0,2953.85
FD4489,Low Sugar,Snack Foods,OUT004,Medium,Tier 2,Supermarket Type2,10.55,0.096,190.65,2009.0,3869.95
NC2419,No Sugar,Household,OUT004,Medium,Tier 2,Supermarket Type2,12.6,0.066,173.8,2009.0,3988.79
FD4168,Regular,Snack Foods,OUT001,High,Tier 2,Supermarket Type1,14.42,0.038,181.92,1987.0,4565.76
FD2256,Low Sugar,Dairy,OUT004,Medium,Tier 2,Supermarket Type2,12.46,0.147,140.98,2009.0,3285.89
FD2127,Low Sugar,Breads,OUT004,Medium,Tier 2,Supermarket Type2,12.27,0.021,142.68,2009.0,3276.87
FD6089,Regular,Snack Foods,OUT002,Small,Tier 3,Food Mart,9.69,0.027,51.9,1998.0,836.23
FD3338,Low Sugar,Frozen Foods,OUT004,Medium,Tier 2,Supermarket Type2,12.97,0.122,153.37,2009.0,3653.86
DR5609,Low Sugar,Soft Drinks,OUT001,High,Tier 2,Supermarket Type1,15.61,0.086,145.66,1987.0,4092.55
FD3824,Low Sugar,Canned,OUT004,Medium,Tier 2,Supermarket Type2,11.26,0.049,141.73,2009.0,3029.53
DR8370,Low Sugar,Hard Drinks,OUT004,Medium,Tier 2,Supermarket Type2,13.25,0.127,148.01,2009.0,3607.65
NC857,No Sugar,Household,OUT001,High,Tier 2,Supermarket Type1,9.29,0.174,136.72,1987.0,2482.01
FD2766,Low Sugar,Baking Goods,OUT004,Medium,Tier 2,Supermarket Type2,11.69,0.011,143.12,2009.0,3156.38
FD6346,Regular,Breakfast,OUT004,Medium,Tier 2,Supermarket Type2,11.28,0.026,116.28,2009.0,2514.34
NC6921,No Sugar,Health and Hygiene,OUT002,Small,Tier 3,Food Mart,9.01,0.021,119.22,1998.0,2061.97
FD5556,Regular,Snack Foods,OUT004,Medium,Tier 2,Supermarket Type2,12.66,0.115,132.52,2009.0,3158.98
FD8689,Low Sugar,Canned,OUT004,Medium,Tier 2,Supermarket Type2,12.27,0.035,137.97,2009.0,3180.66
NC3503,No Sugar,Household,OUT004,Medium,Tier 2,Supermarket Type2,12.59,0.026,142.45,2009.0,3345.89
FD4348,Regular,Fruits and Vegetables,OUT004,Medium,Tier 2,Supermarket Type2,12.59,0.067,153.51,2009.0,3572.09
FD1763,Low Sugar,Fruits and Vegetables,OUT004,Medium,Tier 2,Supermarket Type2,12.21,0.049,147.84,2009.0,3370.02
FD229,Regular,Breads,OUT001,High,Tier 2,Supermarket Type1,8.9,0.066,109.33,1987.0,3170.34
FD7809,Low Sugar,Snack Foods,OUT001,High,Tier 2,Supermarket Type1,12.54,0.007,176.79,1987.0,4037.35
FD6332,Low Sugar,Meat,OUT001,High,Tier 2,Supermarket Type1,11.34,0.07,105.65,1987.0,2309.55
FD4084,Low Sugar,Baking Goods,OUT001,High,Tier 2,Supermarket Type1,15.29,0.024,177.0,1987.0,4661.31
FD2077,Low Sugar,Breads,OUT004,Medium,Tier 2,Supermarket Type2,10.61,0.139,166.81,2009.0,3396.71
FD289,Low Sugar,Canned,OUT002,Small,Tier 3,Food Mart,9.45,0.094,162.28,1998.0,563.06
FD6555,Regular,Frozen Foods,OUT004,Medium,Tier 2,Supermarket Type2,12.12,0.076,112.44,2009.0,2625.78
FD3310,reg,Snack Foods,OUT004,Medium,Tier 2,Supermarket Type2,15.38,0.096,110.93,2009.0,3330.47
FD6845,Low Sugar,Baking Goods,OUT004,Medium,Tier 2,Supermarket Type2,14.13,0.022,144.2,2009.0,3728.31
FD1740,Low Sugar,Canned,OUT004,Medium,Tier 2,Supermarket Type2,10.98,0.029,163.33,2009.0,3408.62
NC8155,No Sugar,Others,OUT001,High,Tier 2,Supermarket Type1,10.09,0.055,123.86,1987.0,2398.91
FD7569,Low Sugar,Baking Goods,OUT004,Medium,Tier 2,Supermarket Type2,13.83,0.018,146.23,2009.0,3701.84
DR556,Low Sugar,Soft Drinks,OUT004,Medium,Tier 2,Supermarket Type2,13.01,0.014,131.46,2009.0,2410.21
FD5505,Low Sugar,Fruits and Vegetables,OUT004,Medium,Tier 2,Supermarket Type2,11.32,0.17,136.2,2009.0,2930.96
NC17,No Sugar,Household,OUT002,Small,Tier 3,Food Mart,13.58,0.086,170.01,1998.0,2060.28
FD1597,Regular,Canned,OUT004,Medium,Tier 2,Supermarket Type2,10.74,0.12,139.39,2009.0,2865.21
FD5314,Low Sugar,Baking Goods,OUT004,Medium,Tier 2,Supermarket Type2,10.69,0.093,161.36,2009.0,3301.87
FD5571,Regular,Baking Goods,OUT004,Medium,Tier 2,Supermarket Type2,9.08,0.032,150.59,2009.0,2719.57
NC8372,No Sugar,Health and Hygiene,OUT004,Medium,Tier 2,Supermarket Type2,11.18,0.04,162.28,2009.0,3431.89
NC302,No Sugar,Household,OUT004,Medium,Tier 2,Supermarket Type2,12.57,0.018,118.08,2009.0,3398.39
FD613,Low Sugar,Snack Foods,OUT004,Medium,Tier 2,Supermarket Type2,12.8,0.121,124.85,2009.0,3033.83
FD5267,Low Sugar,Meat,OUT004,Medium,Tier 2,Supermarket Type2,14.2,0.018,146.52,2009.0,3792.48
NC148,No Sugar,Household,OUT001,High,Tier 2,Supermarket Type1,13.04,0.025,200.01,1987.0,3042.18
FD2918,Regular,Fruits and Vegetables,OUT001,High,Tier 2,Supermarket Type1,12.08,0.115,105.97,1987.0,2484.53
FD3795,Low Sugar,Dairy,OUT001,High,Tier 2,Supermarket Type1,15.32,0.078,173.06,1987.0,4587.7
FD4690,Regular,Starchy Foods,OUT004,Medium,Tier 2,Supermarket Type2,12.71,0.132,125.12,2009.0,3018.01
FD1381,Regular,Snack Foods,OUT004,Medium,Tier 2,Supermarket Type2,11.21,0.021,123.32,2009.0,2642.31
FD2654,Low Sugar,Baking Goods,OUT002,Small,Tier 3,Food Mart,9.23,0.122,121.0,1998.0,2148.01
FD5986,Low Sugar,Snack Foods,OUT004,Medium,Tier 2,Supermarket Type2,12.72,0.151,127.92,2009.0,3078.39
FD5816,Low Sugar,Fruits and Vegetables,OUT004,Medium,Tier 2,Supermarket Type2,13.02,0.12,158.7,2009.0,3775.59
FD7402,Low Sugar,Canned,OUT004,Medium,Tier 2,Supermarket Type2,12.04,0.064,129.1,2009.0,2947.11
FD461,Low Sugar,Fruits and Vegetables,OUT001,High,Tier 2,Supermarket Type1,11.37,0.12,106.48,1987.0,3802.7
FD1820,Low Sugar,Frozen Foods,OUT004,Medium,Tier 2,Supermarket Type2,13.4,0.088,148.79,2009.0,3658.4
FD5533,Low Sugar,Canned,OUT004,Medium,Tier 2,Supermarket Type2,13.86,0.039,146.29,2009.0,3710.2
FD1863,Low Sugar,Meat,OUT001,High,Tier 2,Supermarket Type1,14.27,0.086,198.91,1987.0,4879.47
FD5613,Low Sugar,Fruits and Vegetables,OUT004,Medium,Tier 2,Supermarket Type2,14.19,0.08,143.34,2009.0,3724.87
FD5036,Low Sugar,Dairy,OUT004,Medium,Tier 2,Supermarket Type2,14.59,0.02,149.52,2009.0,3942.58
FD8436,Low Sugar,Dairy,OUT001,High,Tier 2,Supermarket Type1,13.75,0.161,196.84,1987.0,4721.42
FD8200,Regular,Canned,OUT004,Medium,Tier 2,Supermarket Type2,12.76,0.029,168.21,2009.0,3911.6
FD2100,Low Sugar,Snack Foods,OUT001,High,Tier 2,Supermarket Type1,9.93,0.041,120.85,1987.0,2301.83
FD7967,Low Sugar,Canned,OUT004,Medium,Tier 2,Supermarket Type2,13.1,0.039,123.62,2009.0,3075.52
FD1122,Low Sugar,Fruits and Vegetables,OUT002,Small,Tier 3,Food Mart,10.15,0.022,108.61,1998.0,2102.68
NC8024,No Sugar,Household,OUT004,Medium,Tier 2,Supermarket Type2,10.71,0.01,141.84,2009.0,2908.17
NC6113,No Sugar,Health and Hygiene,OUT002,Small,Tier 3,Food Mart,12.03,0.02,95.47,1998.0,2256.39
DR2056,Low Sugar,Soft Drinks,OUT002,Small,Tier 3,Food Mart,11.32,0.122,105.18,1998.0,2296.0
NC5836,No Sugar,Health and Hygiene,OUT004,Medium,Tier 2,Supermarket Type2,14.31,0.079,154.1,2009.0,3971.9
DR6552,Regular,Soft Drinks,OUT001,High,Tier 2,Supermarket Type1,12.36,0.026,98.31,1987.0,2389.89
FD8139,Low Sugar,Fruits and Vegetables,OUT004,Medium,Tier 2,Supermarket Type2,13.38,0.035,135.53,2009.0,3382.72
NC231,No Sugar,Household,OUT001,High,Tier 2,Supermarket Type1,8.7,0.141,75.46,1987.0,4483.74
FD5939,Regular,Starchy Foods,OUT001,High,Tier 2,Supermarket Type1,12.21,0.045,182.01,1987.0,4068.25
FD7693,Regular,Dairy,OUT002,Small,Tier 3,Food Mart,10.05,0.115,113.76,1998.0,2184.7
NC3280,No Sugar,Health and Hygiene,OUT002,Small,Tier 3,Food Mart,8.19,0.049,137.13,1998.0,2241.31
FD7579,Low Sugar,Fruits and Vegetables,OUT004,Medium,Tier 2,Supermarket Type2,11.88,0.01,128.98,2009.0,2910.11
FD1650,Regular,Fruits and Vegetables,OUT001,High,Tier 2,Supermarket Type1,12.7,0.131,201.4,1987.0,4576.85
DR2074,Low Sugar,Hard Drinks,OUT004,Medium,Tier 2,Supermarket Type2,10.39,0.105,145.29,2009.0,2905.88
DR3530,Regular,Soft Drinks,OUT004,Medium,Tier 2,Supermarket Type2,11.12,0.066,181.96,2009.0,3821.81
NC5926,No Sugar,Health and Hygiene,OUT004,Medium,Tier 2,Supermarket Type2,14.98,0.086,116.36,2009.0,3352.54
FD3575,Low Sugar,Meat,OUT004,Medium,Tier 2,Supermarket Type2,15.17,0.12,124.25,2009.0,3556.9
FD4157,Regular,Fruits and Vegetables,OUT001,High,Tier 2,Supermarket Type1,16.95,0.034,151.42,1987.0,4514.19
FD5826,Low Sugar,Dairy,OUT001,High,Tier 2,Supermarket Type1,16.1,0.05,172.97,1987.0,4764.19
FD4105,Low Sugar,Snack Foods,OUT001,High,Tier 2,Supermarket Type1,15.05,0.016,154.62,1987.0,4149.97
FD8349,Regular,Dairy,OUT004,Medium,Tier 2,Supermarket Type2,15.83,0.113,127.93,2009.0,3781.36
FD1561,Low Sugar,Snack Foods,OUT004,Medium,Tier 2,Supermarket Type2,13.19,0.169,146.81,2009.0,3570.05
FD8343,Low Sugar,Baking Goods,OUT004,Medium,Tier 2,Supermarket Type2,13.84,0.089,135.04,2009.0,3475.33
FD7036,Regular,Snack Foods,OUT001,High,Tier 2,Supermarket Type1,15.61,0.034,171.59,1987.0,4624.57
FD7865,Low Sugar,Starchy Foods,OUT004,Medium,Tier 2,Supermarket Type2,14.16,0.01,139.42,2009.0,3638.13
FD879,Low Sugar,Fruits and Vegetables,OUT004,Medium,Tier 2,Supermarket Type2,15.11,0.185,123.26,2009.0,3522.3
FD2313,Low Sugar,Snack Foods,OUT004,Medium,Tier 2,Supermarket Type2,13.48,0.056,136.01,2009.0,3413.63
FD3154,Low Sugar,Breakfast,OUT004,Medium,Tier 2,Supermarket Type2,11.29,0.043,140.38,2009.0,3009.65
FD396,Low Sugar,Baking Goods,OUT002,Small,Tier 3,Food Mart,11.69,0.053,158.94,1998.0,1386.78
NC5751,No Sugar,Health and Hygiene,OUT004,Medium,Tier 2,Supermarket Type2,12.53,0.016,134.65,2009.0,3172.67
FD782,Regular,Snack Foods,OUT001,High,Tier 2,Supermarket Type1,15.09,0.133,185.61,1987.0,4794.28
NC7294,No Sugar,Household,OUT004,Medium,Tier 2,Supermarket Type2,10.24,0.067,146.43,2009.0,2895.01
FD3329,Regular,Fruits and Vegetables,OUT004,Medium,Tier 2,Supermarket Type2,12.64,0.093,168.4,2009.0,3888.81
FD5476,Low Sugar,Baking Goods,OUT002,Small,Tier 3,Food Mart,8.5,0.074,106.21,1998.0,1678.47
FD1191,Low Sugar,Meat,OUT004,Medium,Tier 2,Supermarket Type2,13.03,0.046,146.2,2009.0,3521.88
FD3398,Regular,Frozen Foods,OUT004,Medium,Tier 2,Supermarket Type2,12.57,0.036,172.0,2009.0,3946.24
FD5589,Regular,Dairy,OUT001,High,Tier 2,Supermarket Type1,15.61,0.031,145.71,1987.0,4094.24
FD7063,Low Sugar,Snack Foods,OUT004,Medium,Tier 2,Supermarket Type2,13.21,0.085,164.47,2009.0,3935.48
FD6617,Regular,Canned,OUT004,Medium,Tier 2,Supermarket Type2,13.75,0.033,121.15,2009.0,3172.28
FD4514,Low Sugar,Frozen Foods,OUT002,Small,Tier 3,Food Mart,7.96,0.027,126.91,1998.0,1980.89
FD1732,Regular,Seafood,OUT001,High,Tier 2,Supermarket Type1,11.09,0.036,110.69,1987.0,2357.24
FD1376,Low Sugar,Frozen Foods,OUT004,Medium,Tier 2,Supermarket Type2,13.69,0.096,117.1,2009.0,3075.49
FD2777,Low Sugar,Dairy,OUT004,Medium,Tier 2,Supermarket Type2,12.92,0.052,129.27,2009.0,3150.33
FD7407,Low Sugar,Frozen Foods,OUT001,High,Tier 2,Supermarket Type1,13.55,0.026,201.53,1987.0,4770.38
FD1848,Regular,Frozen Foods,OUT004,Medium,Tier 2,Supermarket Type2,11.53,0.2,154.69,2009.0,3356.56
NC8754,No Sugar,Household,OUT004,Medium,Tier 2,Supermarket Type2,13.38,0.03,130.7,2009.0,3282.76
FD6930,Low Sugar,Dairy,OUT004,Medium,Tier 2,Supermarket Type2,13.31,0.019,145.26,2009.0,3564.91
FD1578,Low Sugar,Canned,OUT001,High,Tier 2,Supermarket Type1,14.66,0.14,153.72,1987.0,4044.51
FD7931,Low Sugar,Fruits and Vegetables,OUT004,Medium,Tier 2,Supermarket Type2,10.97,0.02,127.49,2009.0,2673.83
FD5283,Low Sugar,Baking Goods,OUT004,Medium,Tier 2,Supermarket Type2,13.53,0.018,106.76,2009.0,2826.44
FD168,Low Sugar,Frozen Foods,OUT004,Medium,Tier 2,Supermarket Type2,9.99,0.007,137.08,2009.0,2452.31
NC3493,No Sugar,Health and Hygiene,OUT004,Medium,Tier 2,Supermarket Type2,10.43,0.025,130.29,2009.0,2607.58
NC8691,No Sugar,Household,OUT004,Medium,Tier 2,Supermarket Type2,14.2,0.032,122.57,2009.0,3301.93
FD4327,Low Sugar,Dairy,OUT001,High,Tier 2,Supermarket Type1,15.41,0.121,181.15,1987.0,4774.06
NC8025,No Sugar,Health and Hygiene,OUT004,Medium,Tier 2,Supermarket Type2,10.23,0.015,169.62,2009.0,3368.51
FD3922,Low Sugar,Snack Foods,OUT004,Medium,Tier 2,Supermarket Type2,10.84,0.025,140.61,2009.0,2911.41
DR7126,Low Sugar,Soft Drinks,OUT004,Medium,Tier 2,Supermarket Type2,9.76,0.014,135.3,2009.0,2559.69
FD6028,reg,Meat,OUT004,Medium,Tier 2,Supermarket Type2,13.48,0.076,101.66,2009.0,2711.06
FD7024,Low Sugar,Fruits and Vegetables,OUT004,Medium,Tier 2,Supermarket Type2,11.01,0.125,190.92,2009.0,3980.23
FD363,Regular,Breads,OUT001,High,Tier 2,Supermarket Type1,12.72,0.022,187.9,1987.0,4920.35
NC1869,No Sugar,Household,OUT001,High,Tier 2,Supermarket Type1,10.76,0.073,115.85,1987.0,2388.62
FD2179,Low Sugar,Canned,OUT004,Medium,Tier 2,Supermarket Type2,12.63,0.176,160.53,2009.0,3724.49
FD6083,Low Sugar,Dairy,OUT001,High,Tier 2,Supermarket Type1,10.24,0.077,123.65,1987.0,2428.58
NC2438,No Sugar,Household,OUT004,Medium,Tier 2,Supermarket Type2,13.01,0.082,163.52,2009.0,3871.49
FD6415,Low Sugar,Frozen Foods,OUT002,Small,Tier 3,Food Mart,10.6,0.039,110.61,1998.0,2243.02
FD3811,Low Sugar,Canned,OUT002,Small,Tier 3,Food Mart,7.78,0.033,84.71,1998.0,1076.32
NC6489,No Sugar,Health and Hygiene,OUT004,Medium,Tier 2,Supermarket Type2,12.71,0.044,139.48,2009.0,3311.06
NC847,No Sugar,Health and Hygiene,OUT004,Medium,Tier 2,Supermarket Type2,13.88,0.023,116.7,2009.0,3110.29
DR3835,Low Sugar,Soft Drinks,OUT001,High,Tier 2,Supermarket Type1,14.63,0.054,178.27,1987.0,4539.73
DR8562,Regular,Soft Drinks,OUT004,Medium,Tier 2,Supermarket Type2,14.36,0.012,128.07,2009.0,3451.9
FD6876,Low Sugar,Meat,OUT001,High,Tier 2,Supermarket Type1,15.09,0.057,154.83,1987.0,4164.61
FD564,Low Sugar,Baking Goods,OUT004,Medium,Tier 2,Supermarket Type2,14.22,0.077,148.2,2009.0,2403.57
NC4508,No Sugar,Household,OUT001,High,Tier 2,Supermarket Type1,12.28,0.012,206.85,1987.0,4593.12
NC7419,No Sugar,Household,OUT001,High,Tier 2,Supermarket Type1,15.6,0.072,144.06,1987.0,4058.0
FD8295,Regular,Meat,OUT004,Medium,Tier 2,Supermarket Type2,13.15,0.062,131.62,2009.0,3249.17
FD415,Regular,Meat,OUT004,Medium,Tier 2,Supermarket Type2,12.57,0.027,136.22,2009.0,5117.7
FD8256,Low Sugar,Baking Goods,OUT004,Medium,Tier 2,Supermarket Type2,13.56,0.033,105.73,2009.0,2812.81
FD937,Low Sugar,Canned,OUT004,Medium,Tier 2,Supermarket Type2,12.01,0.099,119.46,2009.0,2744.33
FD2386,Low Sugar,Fruits and Vegetables,OUT004,Medium,Tier 2,Supermarket Type2,14.34,0.177,134.41,2009.0,3577.03
FD8682,Regular,Fruits and Vegetables,OUT001,High,Tier 2,Supermarket Type1,15.86,0.054,174.17,1987.0,4733.84
FD2773,Low Sugar,Meat,OUT001,High,Tier 2,Supermarket Type1,14.57,0.018,179.19,1987.0,4544.33
FD4339,Low Sugar,Canned,OUT001,High,Tier 2,Supermarket Type1,13.14,0.131,170.49,1987.0,4043.7
NC369,No Sugar,Health and Hygiene,OUT002,Small,Tier 3,Food Mart,9.36,0.073,113.66,1998.0,2053.13
FD3862,Low Sugar,Baking Goods,OUT004,Medium,Tier 2,Supermarket Type2,11.11,0.026,155.19,2009.0,3271.72
FD685,Regular,Baking Goods,OUT001,High,Tier 2,Supermarket Type1,15.76,0.121,172.81,1987.0,4682.28
FD2242,Regular,Snack Foods,OUT004,Medium,Tier 2,Supermarket Type2,10.93,0.049,136.0,2009.0,2837.42
NC3361,No Sugar,Health and Hygiene,OUT001,High,Tier 2,Supermarket Type1,13.34,0.052,170.71,1987.0,4093.95
FD7920,Regular,Baking Goods,OUT004,Medium,Tier 2,Supermarket Type2,13.24,0.046,114.53,2009.0,2919.89
FD3654,Regular,Frozen Foods,OUT004,Medium,Tier 2,Supermarket Type2,9.1,0.055,139.96,2009.0,2506.57
FD6321,Low Sugar,Meat,OUT004,Medium,Tier 2,Supermarket Type2,13.67,0.055,125.03,2009.0,3233.44
FD1483,Low Sugar,Snack Foods,OUT001,High,Tier 2,Supermarket Type1,15.51,0.013,176.89,1987.0,4709.62
NC563,No Sugar,Others,OUT001,High,Tier 2,Supermarket Type1,15.52,0.044,185.24,1987.0,4870.75
FD8659,Low Sugar,Snack Foods,OUT004,Medium,Tier 2,Supermarket Type2,14.53,0.071,138.65,2009.0,3705.06
FD6368,Regular,Baking Goods,OUT001,High,Tier 2,Supermarket Type1,9.85,0.018,126.73,1987.0,2405.44
FD6563,Low Sugar,Snack Foods,OUT004,Medium,Tier 2,Supermarket Type2,12.8,0.066,154.24,2009.0,3633.75
FD7531,Regular,Fruits and Vegetables,OUT004,Medium,Tier 2,Supermarket Type2,9.75,0.128,138.87,2009.0,2630.68
FD3989,Low Sugar,Fruits and Vegetables,OUT004,Medium,Tier 2,Supermarket Type2,11.2,0.104,143.69,2009.0,3055.59
FD6955,Low Sugar,Baking Goods,OUT004,Medium,Tier 2,Supermarket Type2,14.04,0.156,118.63,2009.0,3185.66
FD5013,Low Sugar,Meat,OUT004,Medium,Tier 2,Supermarket Type2,12.16,0.017,123.61,2009.0,2862.12
FD1770,Low Sugar,Fruits and Vegetables,OUT004,Medium,Tier 2,Supermarket Type2,10.09,0.071,156.72,2009.0,3073.14
FD680,Low Sugar,Canned,OUT001,High,Tier 2,Supermarket Type1,14.16,0.017,197.89,1987.0,4834.46
FD6931,Low Sugar,Fruits and Vegetables,OUT004,Medium,Tier 2,Supermarket Type2,15.69,0.158,137.22,2009.0,3938.59
FD109,Low Sugar,Fruits and Vegetables,OUT004,Medium,Tier 2,Supermarket Type2,11.11,0.074,126.6,2009.0,2474.62
FD3843,Regular,Frozen Foods,OUT004,Medium,Tier 2,Supermarket Type2,13.38,0.042,162.95,2009.0,3943.21
FD3378,Low Sugar,Snack Foods,OUT004,Medium,Tier 2,Supermarket Type2,10.57,0.09,139.77,2009.0,2835.02
FD284,Regular,Dairy,OUT004,Medium,Tier 2,Supermarket Type2,13.71,0.117,142.45,2009.0,1852.12
NC4119,No Sugar,Health and Hygiene,OUT004,Medium,Tier 2,Supermarket Type2,12.07,0.045,151.82,2009.0,3419.12
FD7826,Low Sugar,Baking Goods,OUT004,Medium,Tier 2,Supermarket Type2,12.4,0.041,141.18,2009.0,3275.98
FD1077,Regular,Dairy,OUT001,High,Tier 2,Supermarket Type1,15.75,0.076,144.77,1987.0,4107.19
FD953,Low Sugar,Snack Foods,OUT001,High,Tier 2,Supermarket Type1,13.32,0.025,92.42,1987.0,2485.93
FD1641,Low Sugar,Dairy,OUT004,Medium,Tier 2,Supermarket Type2,10.01,0.123,142.25,2009.0,2758.9
FD2754,Low Sugar,Canned,OUT001,High,Tier 2,Supermarket Type1,13.25,0.184,168.65,1987.0,4029.59
NC5709,No Sugar,Household,OUT001,High,Tier 2,Supermarket Type1,10.93,0.052,116.4,1987.0,2436.27
FD5756,reg,Fruits and Vegetables,OUT002,Small,Tier 3,Food Mart,10.02,0.184,89.92,1998.0,1688.81
NC5070,No Sugar,Health and Hygiene,OUT004,Medium,Tier 2,Supermarket Type2,13.95,0.021,111.9,2009.0,3027.72
FD1978,Low Sugar,Fruits and Vegetables,OUT004,Medium,Tier 2,Supermarket Type2,13.33,0.129,154.17,2009.0,3752.72
FD7706,Regular,Snack Foods,OUT004,Medium,Tier 2,Supermarket Type2,12.22,0.038,162.19,2009.0,3664.75
FD7685,Low Sugar,Dairy,OUT001,High,Tier 2,Supermarket Type1,15.01,0.033,190.45,1987.0,4875.01
FD4776,Low Sugar,Breads,OUT004,Medium,Tier 2,Supermarket Type2,14.48,0.027,140.08,2009.0,3723.28
FD20,Regular,Baking Goods,OUT002,Small,Tier 3,Food Mart,11.07,0.102,96.39,1998.0,1756.35
NC5387,No Sugar,Others,OUT002,Small,Tier 3,Food Mart,9.02,0.082,125.38,1998.0,2188.28
FD6191,Low Sugar,Meat,OUT001,High,Tier 2,Supermarket Type1,11.68,0.067,185.12,1987.0,4011.75
FD1163,Low Sugar,Dairy,OUT001,High,Tier 2,Supermarket Type1,14.33,0.076,180.41,1987.0,4516.09
FD7520,Regular,Baking Goods,OUT004,Medium,Tier 2,Supermarket Type2,11.07,0.101,154.86,2009.0,3255.23
FD390,Low Sugar,Fruits and Vegetables,OUT002,Small,Tier 3,Food Mart,10.89,0.173,105.54,1998.0,1793.55
FD3467,Low Sugar,Fruits and Vegetables,OUT004,Medium,Tier 2,Supermarket Type2,13.5,0.066,125.21,2009.0,3199.4
NC6218,No Sugar,Household,OUT004,Medium,Tier 2,Supermarket Type2,13.64,0.071,157.1,2009.0,3882.69
FD4945,Regular,Canned,OUT001,High,Tier 2,Supermarket Type1,13.82,0.016,161.04,1987.0,4002.95
FD8236,Regular,Meat,OUT004,Medium,Tier 2,Supermarket Type2,10.13,0.114,163.85,2009.0,3227.91
NC574,No Sugar,Health and Hygiene,OUT004,Medium,Tier 2,Supermarket Type2,10.71,0.073,142.14,2009.0,5105.44
FD7761,Low Sugar,Breads,OUT004,Medium,Tier 2,Supermarket Type2,13.67,0.028,150.05,2009.0,3744.63
FD8478,Regular,Fruits and Vegetables,OUT004,Medium,Tier 2,Supermarket Type2,12.63,0.109,102.16,2009.0,2529.62
FD4682,Low Sugar,Meat,OUT001,High,Tier 2,Supermarket Type1,8.81,0.015,142.71,1987.0,2495.59
FD4955,Low Sugar,Snack Foods,OUT002,Small,Tier 3,Food Mart,11.4,0.047,101.58,1998.0,2240.26
FD8568,Regular,Baking Goods,OUT001,High,Tier 2,Supermarket Type1,14.54,0.162,191.76,1987.0,4795.43
FD3514,Regular,Canned,OUT004,Medium,Tier 2,Supermarket Type2,13.3,0.066,150.81,2009.0,3676.38
NC7357,No Sugar,Household,OUT002,Small,Tier 3,Food Mart,9.44,0.067,117.62,1998.0,2124.37
FD4337,Regular,Starchy Foods,OUT004,Medium,Tier 2,Supermarket Type2,11.37,0.027,156.26,2009.0,3352.86
FD5552,Regular,Fruits and Vegetables,OUT004,Medium,Tier 2,Supermarket Type2,14.47,0.023,146.44,2009.0,3852.16
FD5961,Regular,Dairy,OUT001,High,Tier 2,Supermarket Type1,12.74,0.087,177.62,1987.0,4098.94
DR3959,Low Sugar,Soft Drinks,OUT001,High,Tier 2,Supermarket Type1,12.39,0.073,102.87,1987.0,2491.18
FD6259,Low Sugar,Fruits and Vegetables,OUT004,Medium,Tier 2,Supermarket Type2,9.66,0.108,177.44,2009.0,3399.78
FD7769,Low Sugar,Meat,OUT004,Medium,Tier 2,Supermarket Type2,14.03,0.039,121.62,2009.0,3244.95
FD8660,Low Sugar,Frozen Foods,OUT004,Medium,Tier 2,Supermarket Type2,11.49,0.077,148.29,2009.0,3216.17
FD1656,Low Sugar,Snack Foods,OUT002,Small,Tier 3,Food Mart,9.49,0.007,110.12,1998.0,1983.84
DR4278,Low Sugar,Soft Drinks,OUT001,High,Tier 2,Supermarket Type1,10.35,0.044,121.94,1987.0,2418.61
FD4542,Low Sugar,Canned,OUT004,Medium,Tier 2,Supermarket Type2,10.77,0.141,122.49,2009.0,2524.71
NC2006,No Sugar,Health and Hygiene,OUT004,Medium,Tier 2,Supermarket Type2,11.45,0.014,119.93,2009.0,2627.94
DR913,Low Sugar,Hard Drinks,OUT004,Medium,Tier 2,Supermarket Type2,11.41,0.029,136.83,2009.0,2963.88
FD4248,Regular,Breakfast,OUT004,Medium,Tier 2,Supermarket Type2,11.65,0.084,169.04,2009.0,3676.75
FD3605,Low Sugar,Starchy Foods,OUT004,Medium,Tier 2,Supermarket Type2,12.74,0.058,112.05,2009.0,2756.8
FD907,Regular,Snack Foods,OUT004,Medium,Tier 2,Supermarket Type2,10.78,0.031,149.71,2009.0,3084.48
NC5258,No Sugar,Health and Hygiene,OUT004,Medium,Tier 2,Supermarket Type2,12.13,0.067,171.71,2009.0,3840.72
FD6483,Low Sugar,Canned,OUT001,High,Tier 2,Supermarket Type1,15.76,0.036,147.44,1987.0,4164.22
NC513,No Sugar,Health and Hygiene,OUT004,Medium,Tier 2,Supermarket Type2,11.63,0.011,144.47,2009.0,2918.24
NC2891,No Sugar,Others,OUT004,Medium,Tier 2,Supermarket Type2,12.95,0.046,146.97,2009.0,3518.55
DR970,Regular,Soft Drinks,OUT004,Medium,Tier 2,Supermarket Type2,12.35,0.046,137.03,2009.0,3179.43
FD2533,Low Sugar,Baking Goods,OUT004,Medium,Tier 2,Supermarket Type2,12.7,0.06,121.86,2009.0,2948.86
FD1638,Regular,Fruits and Vegetables,OUT004,Medium,Tier 2,Supermarket Type2,14.17,0.064,142.1,2009.0,3694.24
FD5722,Low Sugar,Breads,OUT004,Medium,Tier 2,Supermarket Type2,12.48,0.035,158.46,2009.0,3647.26
FD333,Low Sugar,Seafood,OUT004,Medium,Tier 2,Supermarket Type2,11.42,0.072,131.2,2009.0,5081.46
FD3727,Regular,Canned,OUT004,Medium,Tier 2,Supermarket Type2,11.45,0.124,125.22,2009.0,2734.52
FD5042,Low Sugar,Dairy,OUT004,Medium,Tier 2,Supermarket Type2,13.31,0.041,130.39,2009.0,3260.25
NC3740,No Sugar,Health and Hygiene,OUT002,Small,Tier 3,Food Mart,8.53,0.089,132.08,1998.0,2216.56
DR7350,Low Sugar,Hard Drinks,OUT004,Medium,Tier 2,Supermarket Type2,14.46,0.038,129.92,2009.0,3510.88
FD1183,Low Sugar,Canned,OUT004,Medium,Tier 2,Supermarket Type2,12.15,0.16,164.63,2009.0,3700.67
FD7651,Low Sugar,Frozen Foods,OUT001,High,Tier 2,Supermarket Type1,11.84,0.108,211.87,1987.0,4595.28
FD7603,Low Sugar,Fruits and Vegetables,OUT001,High,Tier 2,Supermarket Type1,9.86,0.107,130.28,1987.0,2480.27
FD2035,Low Sugar,Dairy,OUT002,Small,Tier 3,Food Mart,6.07,0.054,127.78,1998.0,1572.46
FD4478,Low Sugar,Fruits and Vegetables,OUT002,Small,Tier 3,Food Mart,11.24,0.043,97.27,1998.0,2115.03
FD7234,Low Sugar,Baking Goods,OUT004,Medium,Tier 2,Supermarket Type2,13.37,0.113,137.21,2009.0,3414.5
FD5519,Regular,Snack Foods,OUT001,High,Tier 2,Supermarket Type1,12.97,0.064,177.78,1987.0,4155.09
FD1586,Low Sugar,Fruits and Vegetables,OUT004,Medium,Tier 2,Supermarket Type2,11.51,0.089,146.47,2009.0,3183.48
FD324,Low Sugar,Breakfast,OUT002,Small,Tier 3,Food Mart,13.43,0.14,141.86,1998.0,665.19
FD7592,Regular,Canned,OUT004,Medium,Tier 2,Supermarket Type2,13.12,0.029,142.39,2009.0,3463.33
FD2839,Low Sugar,Meat,OUT001,High,Tier 2,Supermarket Type1,15.97,0.011,169.76,1987.0,4668.59
NC1142,No Sugar,Health and Hygiene,OUT004,Medium,Tier 2,Supermarket Type2,12.76,0.042,140.2,2009.0,3337.52
FD283,Low Sugar,Fruits and Vegetables,OUT004,Medium,Tier 2,Supermarket Type2,10.73,0.014,153.79,2009.0,3347.48
DR4507,Low Sugar,Soft Drinks,OUT001,High,Tier 2,Supermarket Type1,14.19,0.093,198.31,1987.0,4849.99
NC1945,No Sugar,Household,OUT004,Medium,Tier 2,Supermarket Type2,14.16,0.046,120.08,2009.0,3242.93
NC7682,No Sugar,Others,OUT002,Small,Tier 3,Food Mart,7.75,0.029,90.53,1998.0,1189.64
FD3372,Regular,Breakfast,OUT004,Medium,Tier 2,Supermarket Type2,12.89,0.072,120.8,2009.0,2970.45
DR2998,Low Sugar,Hard Drinks,OUT001,High,Tier 2,Supermarket Type1,11.27,0.044,111.63,1987.0,2415.51
FD5488,Low Sugar,Snack Foods,OUT004,Medium,Tier 2,Supermarket Type2,13.61,0.026,96.63,2009.0,2637.62
FD4706,Low Sugar,Fruits and Vegetables,OUT004,Medium,Tier 2,Supermarket Type2,16.01,0.027,117.48,2009.0,3606.55
FD2874,Regular,Dairy,OUT001,High,Tier 2,Supermarket Type1,15.76,0.038,170.12,1987.0,4628.4
NC7753,No Sugar,Health and Hygiene,OUT001,High,Tier 2,Supermarket Type1,12.02,0.026,186.55,1987.0,4119.53
FD5725,Low Sugar,Fruits and Vegetables,OUT002,Small,Tier 3,Food Mart,10.03,0.017,104.65,1998.0,1993.94
FD8408,Regular,Breads,OUT004,Medium,Tier 2,Supermarket Type2,12.76,0.021,139.6,2009.0,3325.15
DR1285,Regular,Soft Drinks,OUT004,Medium,Tier 2,Supermarket Type2,12.85,0.071,149.41,2009.0,3546.23
FD1738,Regular,Fruits and Vegetables,OUT002,Small,Tier 3,Food Mart,10.01,0.038,103.43,1998.0,1964.7
FD8210,Regular,Frozen Foods,OUT002,Small,Tier 3,Food Mart,11.54,0.127,82.63,1998.0,1883.82
FD3643,Low Sugar,Fruits and Vegetables,OUT004,Medium,Tier 2,Supermarket Type2,11.02,0.072,124.03,2009.0,2614.68
FD3306,Low Sugar,Snack Foods,OUT001,High,Tier 2,Supermarket Type1,15.09,0.011,151.69,1987.0,4100.39
FD5371,Regular,Baking Goods,OUT004,Medium,Tier 2,Supermarket Type2,11.48,0.025,159.46,2009.0,3441.95
DR4775,Low Sugar,Soft Drinks,OUT001,High,Tier 2,Supermarket Type1,14.11,0.129,183.29,1987.0,4525.07
FD3273,Low Sugar,Frozen Foods,OUT002,Small,Tier 3,Food Mart,8.93,0.038,97.79,1998.0,1603.34
FD2408,Low Sugar,Fruits and Vegetables,OUT004,Medium,Tier 2,Supermarket Type2,13.63,0.021,156.67,2009.0,3872.19
FD7454,Regular,Baking Goods,OUT004,Medium,Tier 2,Supermarket Type2,15.66,0.044,134.56,2009.0,3878.79
FD6237,Low Sugar,Frozen Foods,OUT002,Small,Tier 3,Food Mart,10.72,0.03,99.41,1998.0,2042.05
FD2763,Low Sugar,Baking Goods,OUT004,Medium,Tier 2,Supermarket Type2,12.17,0.022,132.58,2009.0,3048.81
FD6108,Low Sugar,Baking Goods,OUT004,Medium,Tier 2,Supermarket Type2,11.98,0.16,160.48,2009.0,3576.33
NC7811,No Sugar,Household,OUT004,Medium,Tier 2,Supermarket Type2,10.32,0.09,151.9,2009.0,3026.48
FD834,Low Sugar,Fruits and Vegetables,OUT004,Medium,Tier 2,Supermarket Type2,12.93,0.026,144.85,2009.0,3472.09
FD8087,Low Sugar,Fruits and Vegetables,OUT004,Medium,Tier 2,Supermarket Type2,14.68,0.162,115.68,2009.0,3270.12
FD7774,Low Sugar,Fruits and Vegetables,OUT001,High,Tier 2,Supermarket Type1,11.31,0.036,112.2,1987.0,2437.51
FD772,Low Sugar,Fruits and Vegetables,OUT004,Medium,Tier 2,Supermarket Type2,11.14,0.01,145.88,2009.0,3088.7
FD4263,Low Sugar,Breakfast,OUT004,Medium,Tier 2,Supermarket Type2,14.06,0.026,126.24,2009.0,3346.16
FD5170,Low Sugar,Snack Foods,OUT004,Medium,Tier 2,Supermarket Type2,11.26,0.011,169.23,2009.0,3591.63
FD5149,Low Sugar,Meat,OUT001,High,Tier 2,Supermarket Type1,15.17,0.164,146.39,1987.0,4009.52
FD815,Low Sugar,Snack Foods,OUT004,Medium,Tier 2,Supermarket Type2,12.94,0.075,109.45,2009.0,2748.86
FD6833,Low Sugar,Snack Foods,OUT004,Medium,Tier 2,Supermarket Type2,11.16,0.04,126.22,2009.0,2689.49
FD8293,Low Sugar,Snack Foods,OUT002,Small,Tier 3,Food Mart,9.69,0.104,100.79,1998.0,1838.22
FD8501,Low Sugar,Meat,OUT001,High,Tier 2,Supermarket Type1,14.44,0.037,163.21,1987.0,4188.47
FD8750,Regular,Baking Goods,OUT004,Medium,Tier 2,Supermarket Type2,11.95,0.093,176.36,2009.0,3893.54
FD69,Low Sugar,Dairy,OUT001,High,Tier 2,Supermarket Type1,11.36,0.103,111.23,1987.0,4986.34
FD4544,Low Sugar,Meat,OUT001,High,Tier 2,Supermarket Type1,9.83,0.045,126.07,1987.0,2385.45
FD3147,reg,Snack Foods,OUT002,Small,Tier 3,Food Mart,8.43,0.073,135.37,1998.0,2259.49
FD729,Regular,Canned,OUT002,Small,Tier 3,Food Mart,7.55,0.126,99.63,1998.0,1330.14
DR5138,Low Sugar,Soft Drinks,OUT001,High,Tier 2,Supermarket Type1,15.21,0.044,177.95,1987.0,4662.98
FD8542,Low Sugar,Frozen Foods,OUT002,Small,Tier 3,Food Mart,6.47,0.111,82.45,1998.0,733.49
NC466,No Sugar,Household,OUT004,Medium,Tier 2,Supermarket Type2,12.56,0.042,141.34,2009.0,4922.38
FD3766,Low Sugar,Meat,OUT004,Medium,Tier 2,Supermarket Type2,12.38,0.039,145.95,2009.0,3369.76
FD6656,Regular,Snack Foods,OUT001,High,Tier 2,Supermarket Type1,15.11,0.053,183.43,1987.0,4752.54
FD2895,Low Sugar,Snack Foods,OUT002,Small,Tier 3,Food Mart,8.53,0.026,104.58,1998.0,1652.8
NC1048,No Sugar,Household,OUT001,High,Tier 2,Supermarket Type1,13.19,0.051,171.04,1987.0,4066.43
FD1891,Low Sugar,Breads,OUT004,Medium,Tier 2,Supermarket Type2,13.61,0.059,112.22,2009.0,2958.07
FD3422,Low Sugar,Snack Foods,OUT004,Medium,Tier 2,Supermarket Type2,13.43,0.107,139.13,2009.0,3468.09
FD3453,Low Sugar,Fruits and Vegetables,OUT004,Medium,Tier 2,Supermarket Type2,11.82,0.175,110.51,2009.0,2517.47
FD5628,Low Sugar,Dairy,OUT002,Small,Tier 3,Food Mart,8.96,0.01,96.35,1998.0,1581.19
FD1521,Low Sugar,Fruits and Vegetables,OUT001,High,Tier 2,Supermarket Type1,12.92,0.089,91.38,1987.0,2374.73
DR7712,Low Sugar,Soft Drinks,OUT004,Medium,Tier 2,Supermarket Type2,12.0,0.085,128.95,2009.0,2936.09
DR7648,Low Sugar,Soft Drinks,OUT004,Medium,Tier 2,Supermarket Type2,12.64,0.12,103.88,2009.0,2567.56
FD2909,Regular,Snack Foods,OUT004,Medium,Tier 2,Supermarket Type2,11.2,0.1,143.59,2009.0,3055.57
FD2582,Regular,Fruits and Vegetables,OUT001,High,Tier 2,Supermarket Type1,10.43,0.047,118.94,1987.0,2376.66
NC6085,No Sugar,Health and Hygiene,OUT001,High,Tier 2,Supermarket Type1,14.83,0.078,195.94,1987.0,4945.96
FD8288,Regular,Baking Goods,OUT001,High,Tier 2,Supermarket Type1,15.64,0.06,183.21,1987.0,4867.54
NC7827,No Sugar,Household,OUT004,Medium,Tier 2,Supermarket Type2,12.08,0.118,162.84,2009.0,3647.21
FD1489,Low Sugar,Snack Foods,OUT004,Medium,Tier 2,Supermarket Type2,11.55,0.128,178.19,2009.0,3842.14
FD1527,Low Sugar,Snack Foods,OUT002,Small,Tier 3,Food Mart,9.39,0.149,116.56,1998.0,2093.1
FD2552,Low Sugar,Fruits and Vegetables,OUT004,Medium,Tier 2,Supermarket Type2,10.32,0.043,137.9,2009.0,2739.44
DR6878,Low Sugar,Soft Drinks,OUT002,Small,Tier 3,Food Mart,10.93,0.013,66.73,1998.0,1421.47
FD4757,Low Sugar,Fruits and Vegetables,OUT002,Small,Tier 3,Food Mart,9.11,0.016,93.27,1998.0,1553.3
NC2046,No Sugar,Household,OUT004,Medium,Tier 2,Supermarket Type2,10.71,0.082,136.94,2009.0,2807.33
DR3108,reg,Hard Drinks,OUT001,High,Tier 2,Supermarket Type1,14.36,0.024,160.21,1987.0,4109.15
FD942,Low Sugar,Fruits and Vegetables,OUT004,Medium,Tier 2,Supermarket Type2,13.43,0.016,142.04,2009.0,3526.53
FD6052,Low Sugar,Canned,OUT004,Medium,Tier 2,Supermarket Type2,12.27,0.043,133.74,2009.0,3094.74
NC1585,No Sugar,Health and Hygiene,OUT004,Medium,Tier 2,Supermarket Type2,13.72,0.056,142.14,2009.0,3594.15
DR8653,Low Sugar,Soft Drinks,OUT001,High,Tier 2,Supermarket Type1,10.53,0.085,120.15,1987.0,2423.82
FD4693,Low Sugar,Dairy,OUT001,High,Tier 2,Supermarket Type1,14.28,0.055,200.43,1987.0,4914.64
NC5039,No Sugar,Household,OUT001,High,Tier 2,Supermarket Type1,14.93,0.064,148.93,1987.0,4007.69
FD6531,Low Sugar,Fruits and Vegetables,OUT004,Medium,Tier 2,Supermarket Type2,11.39,0.034,137.21,2009.0,2966.09
NC5516,No Sugar,Others,OUT001,High,Tier 2,Supermarket Type1,13.16,0.125,193.17,1987.0,4511.97
DR4704,Regular,Hard Drinks,OUT004,Medium,Tier 2,Supermarket Type2,13.89,0.044,151.6,2009.0,3826.81
FD7526,Regular,Canned,OUT004,Medium,Tier 2,Supermarket Type2,11.19,0.043,130.27,2009.0,2780.34
FD5924,Regular,Breakfast,OUT004,Medium,Tier 2,Supermarket Type2,12.53,0.014,110.43,2009.0,2676.63
DR981,Low Sugar,Soft Drinks,OUT004,Medium,Tier 2,Supermarket Type2,12.59,0.036,137.42,2009.0,3243.06
NC6850,No Sugar,Health and Hygiene,OUT004,Medium,Tier 2,Supermarket Type2,12.64,0.061,160.89,2009.0,3734.73
FD2875,Low Sugar,Dairy,OUT004,Medium,Tier 2,Supermarket Type2,12.71,0.085,114.22,2009.0,2794.23
FD4160,Low Sugar,Snack Foods,OUT004,Medium,Tier 2,Supermarket Type2,11.28,0.032,159.45,2009.0,3396.59
FD7394,Low Sugar,Baking Goods,OUT002,Small,Tier 3,Food Mart,9.52,0.113,85.56,1998.0,1486.47
FD3928,Low Sugar,Baking Goods,OUT001,High,Tier 2,Supermarket Type1,9.04,0.208,137.25,1987.0,2436.48
DR1339,Low Sugar,Soft Drinks,OUT004,Medium,Tier 2,Supermarket Type2,12.37,0.039,124.24,2009.0,2922.52
DR7211,Low Sugar,Soft Drinks,OUT004,Medium,Tier 2,Supermarket Type2,12.65,0.031,143.48,2009.0,3379.42
NC6664,No Sugar,Others,OUT004,Medium,Tier 2,Supermarket Type2,11.41,0.028,116.59,2009.0,2548.46
NC3307,No Sugar,Health and Hygiene,OUT002,Small,Tier 3,Food Mart,6.8,0.191,85.64,1998.0,875.08
DR8701,Low Sugar,Soft Drinks,OUT004,Medium,Tier 2,Supermarket Type2,13.37,0.045,127.97,2009.0,3225.96
FD788,Regular,Snack Foods,OUT004,Medium,Tier 2,Supermarket Type2,9.47,0.049,142.76,2009.0,2646.48
FD3163,Low Sugar,Fruits and Vegetables,OUT004,Medium,Tier 2,Supermarket Type2,12.35,0.017,120.43,2009.0,2840.28
FD10,Low Sugar,Snack Foods,OUT004,Medium,Tier 2,Supermarket Type2,10.48,0.04,141.43,2009.0,2469.23
FD7798,Regular,Baking Goods,OUT001,High,Tier 2,Supermarket Type1,11.89,0.028,108.68,1987.0,2495.17
FD6529,Low Sugar,Baking Goods,OUT002,Small,Tier 3,Food Mart,10.77,0.12,99.48,1998.0,2055.18
FD2432,Regular,Snack Foods,OUT004,Medium,Tier 2,Supermarket Type2,12.75,0.007,146.47,2009.0,3463.73
FD2319,Low Sugar,Dairy,OUT001,High,Tier 2,Supermarket Type1,14.69,0.043,181.42,1987.0,4617.15
NC3830,No Sugar,Household,OUT004,Medium,Tier 2,Supermarket Type2,10.04,0.063,147.01,2009.0,2862.54
FD5168,Low Sugar,Fruits and Vegetables,OUT004,Medium,Tier 2,Supermarket Type2,14.1,0.026,154.98,2009.0,3943.0
FD6030,Regular,Fruits and Vegetables,OUT004,Medium,Tier 2,Supermarket Type2,13.48,0.044,105.11,2009.0,2782.74
FD1041,Low Sugar,Dairy,OUT002,Small,Tier 3,Food Mart,9.75,0.116,117.8,1998.0,2200.33
FD3141,Low Sugar,Snack Foods,OUT004,Medium,Tier 2,Supermarket Type2,14.21,0.078,123.73,2009.0,3328.86
NC393,No Sugar,Household,OUT002,Small,Tier 3,Food Mart,13.42,0.056,192.68,1998.0,661.87
FD2,Regular,Snack Foods,OUT004,Medium,Tier 2,Supermarket Type2,12.0,0.126,150.89,2009.0,1863.66
FD7763,Low Sugar,Snack Foods,OUT002,Small,Tier 3,Food Mart,8.09,0.034,107.18,1998.0,1607.61
FD1540,Low Sugar,Meat,OUT004,Medium,Tier 2,Supermarket Type2,13.26,0.054,103.43,2009.0,2699.05
FD3272,Low Sugar,Dairy,OUT001,High,Tier 2,Supermarket Type1,15.11,0.046,188.96,1987.0,4867.31
FD4541,Regular,Breakfast,OUT004,Medium,Tier 2,Supermarket Type2,10.51,0.078,132.72,2009.0,2676.02
DR4991,Low Sugar,Soft Drinks,OUT001,High,Tier 2,Supermarket Type1,15.0,0.081,175.22,1987.0,4561.51
FD7718,Regular,Frozen Foods,OUT002,Small,Tier 3,Food Mart,7.99,0.016,135.44,1998.0,2163.22
DR4578,Low Sugar,Soft Drinks,OUT004,Medium,Tier 2,Supermarket Type2,14.71,0.034,140.78,2009.0,3789.36
FD3688,Low Sugar,Dairy,OUT004,Medium,Tier 2,Supermarket Type2,14.07,0.103,125.86,2009.0,3339.39
FD938,Low Sugar,Fruits and Vegetables,OUT002,Small,Tier 3,Food Mart,7.39,0.013,119.24,1998.0,1695.67
FD1733,Regular,Starchy Foods,OUT002,Small,Tier 3,Food Mart,5.91,0.159,90.33,1998.0,769.28
FD3525,Low Sugar,Fruits and Vegetables,OUT004,Medium,Tier 2,Supermarket Type2,13.2,0.124,159.31,2009.0,3828.79
NC5668,No Sugar,Household,OUT001,High,Tier 2,Supermarket Type1,14.58,0.061,156.21,1987.0,4077.74
FD3718,Low Sugar,Fruits and Vegetables,OUT001,High,Tier 2,Supermarket Type1,14.5,0.172,156.08,1987.0,4055.52
FD3666,Low Sugar,Snack Foods,OUT004,Medium,Tier 2,Supermarket Type2,14.3,0.084,153.77,2009.0,3962.92
FD3160,Low Sugar,Canned,OUT004,Medium,Tier 2,Supermarket Type2,13.8,0.021,130.88,2009.0,3381.43
FD6309,Low Sugar,Fruits and Vegetables,OUT002,Small,Tier 3,Food Mart,9.19,0.058,85.26,1998.0,1406.21
FD3064,Low Sugar,Breakfast,OUT004,Medium,Tier 2,Supermarket Type2,13.95,0.133,155.4,2009.0,3917.55
FD3182,Low Sugar,Fruits and Vegetables,OUT001,High,Tier 2,Supermarket Type1,14.02,0.042,201.63,1987.0,4880.03
NC6491,No Sugar,Health and Hygiene,OUT001,High,Tier 2,Supermarket Type1,15.45,0.073,174.69,1987.0,4651.98
FD2263,Low Sugar,Frozen Foods,OUT001,High,Tier 2,Supermarket Type1,14.46,0.086,180.33,1987.0,4542.0
FD8160,Low Sugar,Baking Goods,OUT004,Medium,Tier 2,Supermarket Type2,12.05,0.027,145.13,2009.0,3277.64
FD2701,Regular,Frozen Foods,OUT004,Medium,Tier 2,Supermarket Type2,15.67,0.076,135.36,2009.0,3897.08
DR8464,Low Sugar,Soft Drinks,OUT004,Medium,Tier 2,Supermarket Type2,13.49,0.022,151.62,2009.0,3735.53
NC1602,No Sugar,Household,OUT002,Small,Tier 3,Food Mart,10.08,0.028,104.89,1998.0,2009.67
FD2649,Regular,Frozen Foods,OUT002,Small,Tier 3,Food Mart,9.53,0.017,124.97,1998.0,2296.65
DR2334,Regular,Soft Drinks,OUT001,High,Tier 2,Supermarket Type1,14.23,0.057,156.52,1987.0,4004.4
FD759,Low Sugar,Fruits and Vegetables,OUT004,Medium,Tier 2,Supermarket Type2,12.02,0.163,123.66,2009.0,2831.06
FD3333,Low Sugar,Fruits and Vegetables,OUT004,Medium,Tier 2,Supermarket Type2,10.58,0.016,144.73,2009.0,2938.62
FD7087,Regular,Meat,OUT001,High,Tier 2,Supermarket Type1,13.74,0.098,164.13,1987.0,4048.94
FD4948,Low Sugar,Meat,OUT004,Medium,Tier 2,Supermarket Type2,11.93,0.032,148.77,2009.0,3325.74
FD7235,Regular,Frozen Foods,OUT001,High,Tier 2,Supermarket Type1,10.81,0.04,117.47,1987.0,2433.02
FD845,Regular,Fruits and Vegetables,OUT004,Medium,Tier 2,Supermarket Type2,13.84,0.118,153.96,2009.0,3863.96
FD7508,Low Sugar,Canned,OUT001,High,Tier 2,Supermarket Type1,15.35,0.109,148.09,1987.0,4083.99
DR8277,Low Sugar,Soft Drinks,OUT002,Small,Tier 3,Food Mart,9.11,0.022,97.82,1998.0,1646.53
FD6556,Low Sugar,Breads,OUT004,Medium,Tier 2,Supermarket Type2,14.8,0.014,115.71,2009.0,3298.19
FD2620,Low Sugar,Meat,OUT004,Medium,Tier 2,Supermarket Type2,12.75,0.038,103.29,2009.0,2579.95
FD3413,Low Sugar,Canned,OUT001,High,Tier 2,Supermarket Type1,15.34,0.029,188.03,1987.0,4899.16
FD6310,Low Sugar,Breakfast,OUT002,Small,Tier 3,Food Mart,12.24,0.065,87.91,1998.0,2151.04
FD8262,Regular,Fruits and Vegetables,OUT004,Medium,Tier 2,Supermarket Type2,12.14,0.125,165.59,2009.0,3717.79
FD4000,Regular,Canned,OUT004,Medium,Tier 2,Supermarket Type2,10.49,0.027,138.04,2009.0,2781.03
FD7882,Low Sugar,Snack Foods,OUT004,Medium,Tier 2,Supermarket Type2,10.06,0.066,138.78,2009.0,2698.59
FD831,Low Sugar,Fruits and Vegetables,OUT004,Medium,Tier 2,Supermarket Type2,11.53,0.037,159.86,2009.0,3462.27
FD2637,reg,Meat,OUT004,Medium,Tier 2,Supermarket Type2,10.57,0.104,139.54,2009.0,2828.88
DR4730,Regular,Soft Drinks,OUT002,Small,Tier 3,Food Mart,8.03,0.076,77.05,1998.0,976.77
FD2484,Low Sugar,Baking Goods,OUT001,High,Tier 2,Supermarket Type1,14.55,0.08,186.12,1987.0,4681.45
NC213,No Sugar,Household,OUT002,Small,Tier 3,Food Mart,13.41,0.015,132.67,1998.0,1000.39
FD7195,Low Sugar,Snack Foods,OUT004,Medium,Tier 2,Supermarket Type2,16.79,0.013,111.26,2009.0,3656.74
FD157,Regular,Dairy,OUT002,Small,Tier 3,Food Mart,14.31,0.083,165.0,1998.0,850.93
FD4252,Low Sugar,Snack Foods,OUT002,Small,Tier 3,Food Mart,8.62,0.11,74.28,1998.0,1052.83
NC1919,No Sugar,Health and Hygiene,OUT004,Medium,Tier 2,Supermarket Type2,12.89,0.021,158.2,2009.0,3735.98
NC3689,No Sugar,Health and Hygiene,OUT001,High,Tier 2,Supermarket Type1,15.02,0.033,187.98,1987.0,4827.09
FD1102,Low Sugar,Meat,OUT001,High,Tier 2,Supermarket Type1,13.52,0.066,167.92,1987.0,4076.94
FD7143,Low Sugar,Fruits and Vegetables,OUT004,Medium,Tier 2,Supermarket Type2,12.71,0.079,136.62,2009.0,3252.0
FD5290,Low Sugar,Frozen Foods,OUT004,Medium,Tier 2,Supermarket Type2,12.38,0.071,136.45,2009.0,3175.4
NC5752,No Sugar,Household,OUT004,Medium,Tier 2,Supermarket Type2,11.01,0.007,150.01,2009.0,3143.02
FD2574,reg,Frozen Foods,OUT004,Medium,Tier 2,Supermarket Type2,14.4,0.024,148.95,2009.0,3887.02
NC3044,No Sugar,Household,OUT004,Medium,Tier 2,Supermarket Type2,13.2,0.033,160.93,2009.0,3861.35
NC8758,No Sugar,Household,OUT001,High,Tier 2,Supermarket Type1,14.02,0.064,166.37,1987.0,4157.66
FD1556,Low Sugar,Fruits and Vegetables,OUT001,High,Tier 2,Supermarket Type1,11.28,0.161,114.78,1987.0,2482.92
FD2940,Low Sugar,Fruits and Vegetables,OUT004,Medium,Tier 2,Supermarket Type2,11.75,0.076,148.84,2009.0,3287.37
FD7485,Regular,Fruits and Vegetables,OUT004,Medium,Tier 2,Supermarket Type2,12.35,0.015,152.86,2009.0,3503.96
FD8381,Low Sugar,Baking Goods,OUT002,Small,Tier 3,Food Mart,10.79,0.026,109.02,1998.0,2255.11
FD137,Low Sugar,Dairy,OUT002,Small,Tier 3,Food Mart,10.72,0.045,130.79,1998.0,1276.0
FD8620,Low Sugar,Dairy,OUT004,Medium,Tier 2,Supermarket Type2,10.9,0.151,142.18,2009.0,2956.97
FD1386,Low Sugar,Snack Foods,OUT001,High,Tier 2,Supermarket Type1,10.02,0.022,119.78,1987.0,2300.58
DR4091,Low Sugar,Hard Drinks,OUT001,High,Tier 2,Supermarket Type1,14.25,0.022,188.67,1987.0,4665.76
FD3606,Regular,Snack Foods,OUT001,High,Tier 2,Supermarket Type1,14.91,0.038,149.75,1987.0,4019.09
DR1249,Low Sugar,Soft Drinks,OUT004,Medium,Tier 2,Supermarket Type2,13.21,0.059,151.87,2009.0,3677.56
FD7777,Low Sugar,Baking Goods,OUT004,Medium,Tier 2,Supermarket Type2,13.61,0.195,103.32,2009.0,2775.51
FD5305,Regular,Snack Foods,OUT001,High,Tier 2,Supermarket Type1,16.02,0.049,177.08,1987.0,4828.82
FD4685,Low Sugar,Meat,OUT002,Small,Tier 3,Food Mart,11.38,0.007,84.18,1998.0,1879.76
DR7451,Regular,Hard Drinks,OUT002,Small,Tier 3,Food Mart,10.62,0.123,94.13,1998.0,1910.97
FD3484,Low Sugar,Frozen Foods,OUT001,High,Tier 2,Supermarket Type1,12.02,0.161,106.83,1987.0,2486.55
NC3769,No Sugar,Health and Hygiene,OUT004,Medium,Tier 2,Supermarket Type2,11.48,0.025,130.03,2009.0,2840.88
FD8626,Low Sugar,Dairy,OUT004,Medium,Tier 2,Supermarket Type2,12.08,0.185,110.34,2009.0,2573.24
FD5949,Low Sugar,Fruits and Vegetables,OUT001,High,Tier 2,Supermarket Type1,13.81,0.017,164.81,1987.0,4079.48
FD5617,Low Sugar,Snack Foods,OUT004,Medium,Tier 2,Supermarket Type2,12.48,0.191,118.01,2009.0,2821.42
FD8506,Regular,Meat,OUT001,High,Tier 2,Supermarket Type1,14.19,0.126,157.81,1987.0,4022.32
FD7686,Regular,Snack Foods,OUT004,Medium,Tier 2,Supermarket Type2,12.61,0.042,132.58,2009.0,3147.59
NC1208,No Sugar,Household,OUT001,High,Tier 2,Supermarket Type1,14.49,0.042,194.46,1987.0,4839.18
DR3293,Regular,Soft Drinks,OUT004,Medium,Tier 2,Supermarket Type2,14.5,0.026,146.7,2009.0,3864.66
DR2026,Low Sugar,Soft Drinks,OUT002,Small,Tier 3,Food Mart,11.12,0.16,90.55,1998.0,1951.66
DR8728,Low Sugar,Soft Drinks,OUT002,Small,Tier 3,Food Mart,7.85,0.017,78.26,1998.0,960.36
FD2243,Regular,Seafood,OUT004,Medium,Tier 2,Supermarket Type2,13.15,0.226,125.91,2009.0,3133.05
FD2847,Regular,Baking Goods,OUT004,Medium,Tier 2,Supermarket Type2,13.39,0.072,125.38,2009.0,3177.17
FD5128,Low Sugar,Meat,OUT002,Small,Tier 3,Food Mart,6.85,0.098,112.86,1998.0,1442.31
FD3976,Low Sugar,Frozen Foods,OUT004,Medium,Tier 2,Supermarket Type2,12.39,0.114,175.47,2009.0,3975.65
FD2440,Low Sugar,Canned,OUT004,Medium,Tier 2,Supermarket Type2,12.92,0.092,165.69,2009.0,3895.3
NC7370,No Sugar,Health and Hygiene,OUT004,Medium,Tier 2,Supermarket Type2,13.47,0.108,141.79,2009.0,3530.79
FD7959,Low Sugar,Baking Goods,OUT004,Medium,Tier 2,Supermarket Type2,11.53,0.082,144.04,2009.0,3137.88
DR6721,Low Sugar,Soft Drinks,OUT004,Medium,Tier 2,Supermarket Type2,10.93,0.073,145.92,2009.0,3040.05
DR4674,Low Sugar,Soft Drinks,OUT004,Medium,Tier 2,Supermarket Type2,13.8,0.122,142.85,2009.0,3626.11
FD1175,Low Sugar,Snack Foods,OUT001,High,Tier 2,Supermarket Type1,16.32,0.033,173.95,1987.0,4833.88
FD6815,Regular,Fruits and Vegetables,OUT004,Medium,Tier 2,Supermarket Type2,10.25,0.133,129.67,2009.0,2554.47
NC6716,No Sugar,Health and Hygiene,OUT004,Medium,Tier 2,Supermarket Type2,10.33,0.042,140.23,2009.0,2788.35
FD2656,Low Sugar,Frozen Foods,OUT004,Medium,Tier 2,Supermarket Type2,10.65,0.046,160.56,2009.0,3276.31
NC6326,No Sugar,Household,OUT004,Medium,Tier 2,Supermarket Type2,12.99,0.123,155.05,2009.0,3692.48
NC8375,No Sugar,Household,OUT002,Small,Tier 3,Food Mart,9.38,0.009,96.4,1998.0,1676.69
NC7359,No Sugar,Others,OUT004,Medium,Tier 2,Supermarket Type2,13.36,0.022,104.11,2009.0,2735.27
FD3502,Regular,Fruits and Vegetables,OUT004,Medium,Tier 2,Supermarket Type2,11.9,0.067,118.8,2009.0,2704.29
FD3080,Low Sugar,Breads,OUT001,High,Tier 2,Supermarket Type1,11.09,0.076,111.05,1987.0,2363.7
FD5558,Low Sugar,Fruits and Vegetables,OUT002,Small,Tier 3,Food Mart,7.39,0.012,113.4,1998.0,1576.61
FD276,Low Sugar,Canned,OUT001,High,Tier 2,Supermarket Type1,15.26,0.039,185.39,1987.0,2574.26
NC4199,No Sugar,Health and Hygiene,OUT004,Medium,Tier 2,Supermarket Type2,9.6,0.041,164.6,2009.0,3123.57
FD3572,Low Sugar,Fruits and Vegetables,OUT002,Small,Tier 3,Food Mart,10.87,0.047,103.68,1998.0,2164.29
DR5044,Low Sugar,Hard Drinks,OUT004,Medium,Tier 2,Supermarket Type2,12.51,0.093,172.55,2009.0,3942.89
FD2834,Low Sugar,Fruits and Vegetables,OUT004,Medium,Tier 2,Supermarket Type2,11.8,0.064,139.51,2009.0,3107.73
FD5588,Low Sugar,Dairy,OUT004,Medium,Tier 2,Supermarket Type2,11.26,0.104,133.62,2009.0,2862.91
FD1806,Low Sugar,Fruits and Vegetables,OUT004,Medium,Tier 2,Supermarket Type2,13.77,0.015,155.54,2009.0,3879.32
NC4385,No Sugar,Household,OUT004,Medium,Tier 2,Supermarket Type2,12.16,0.21,173.09,2009.0,3875.63
FD6937,Low Sugar,Fruits and Vegetables,OUT004,Medium,Tier 2,Supermarket Type2,10.91,0.129,120.67,2009.0,2519.88
FD7665,Regular,Canned,OUT001,High,Tier 2,Supermarket Type1,15.61,0.044,172.4,1987.0,4640.98
FD1209,Regular,Fruits and Vegetables,OUT004,Medium,Tier 2,Supermarket Type2,15.74,0.092,138.21,2009.0,3971.46
FD2544,Low Sugar,Baking Goods,OUT004,Medium,Tier 2,Supermarket Type2,10.41,0.122,148.13,2009.0,2967.93
FD3943,Low Sugar,Dairy,OUT004,Medium,Tier 2,Supermarket Type2,12.48,0.143,129.02,2009.0,3044.65
FD940,Low Sugar,Baking Goods,OUT004,Medium,Tier 2,Supermarket Type2,12.57,0.017,143.12,2009.0,3353.55
FD4968,Regular,Canned,OUT004,Medium,Tier 2,Supermarket Type2,12.84,0.035,136.82,2009.0,3286.01
FD5530,Low Sugar,Snack Foods,OUT004,Medium,Tier 2,Supermarket Type2,13.62,0.061,97.14,2009.0,2650.98
NC1882,No Sugar,Others,OUT004,Medium,Tier 2,Supermarket Type2,12.03,0.032,168.48,2009.0,3750.96
NC6145,No Sugar,Health and Hygiene,OUT004,Medium,Tier 2,Supermarket Type2,12.05,0.046,124.5,2009.0,2856.63
FD4981,Low Sugar,Frozen Foods,OUT001,High,Tier 2,Supermarket Type1,13.93,0.021,200.09,1987.0,4827.94
FD4350,Regular,Fruits and Vegetables,OUT002,Small,Tier 3,Food Mart,8.41,0.012,134.61,1998.0,2239.9
FD2840,Regular,Starchy Foods,OUT004,Medium,Tier 2,Supermarket Type2,11.5,0.1,178.23,2009.0,3832.19
NC8474,No Sugar,Health and Hygiene,OUT004,Medium,Tier 2,Supermarket Type2,10.88,0.052,124.46,2009.0,2591.06
FD6032,Low Sugar,Baking Goods,OUT004,Medium,Tier 2,Supermarket Type2,10.89,0.085,122.89,2009.0,2561.39
FD2417,Low Sugar,Frozen Foods,OUT001,High,Tier 2,Supermarket Type1,16.47,0.055,164.85,1987.0,4680.36
FD5515,Low Sugar,Fruits and Vegetables,OUT004,Medium,Tier 2,Supermarket Type2,12.77,0.068,140.79,2009.0,3351.09
FD259,Low Sugar,Dairy,OUT004,Medium,Tier 2,Supermarket Type2,12.52,0.011,126.79,2009.0,2964.71
NC3081,No Sugar,Household,OUT004,Medium,Tier 2,Supermarket Type2,10.99,0.053,152.08,2009.0,3181.78
FD2688,Regular,Breads,OUT002,Small,Tier 3,Food Mart,10.42,0.032,98.53,1998.0,1955.4
FD865,Regular,Meat,OUT004,Medium,Tier 2,Supermarket Type2,9.87,0.06,162.34,2009.0,3137.52
FD7011,Regular,Dairy,OUT004,Medium,Tier 2,Supermarket Type2,11.38,0.14,126.15,2009.0,2738.02
FD6950,Low Sugar,Snack Foods,OUT004,Medium,Tier 2,Supermarket Type2,12.81,0.094,118.6,2009.0,2906.6
FD195,Low Sugar,Fruits and Vegetables,OUT002,Small,Tier 3,Food Mart,13.22,0.143,176.83,1998.0,571.37
FD3813,Low Sugar,Frozen Foods,OUT001,High,Tier 2,Supermarket Type1,11.57,0.009,109.25,1987.0,2436.35
FD3593,Regular,Dairy,OUT004,Medium,Tier 2,Supermarket Type2,13.44,0.035,156.55,2009.0,3825.0
NC3842,No Sugar,Household,OUT004,Medium,Tier 2,Supermarket Type2,11.91,0.052,139.42,2009.0,3130.11
FD5222,Low Sugar,Fruits and Vegetables,OUT004,Medium,Tier 2,Supermarket Type2,11.94,0.044,142.26,2009.0,3195.54
FD6749,Low Sugar,Fruits and Vegetables,OUT004,Medium,Tier 2,Supermarket Type2,11.89,0.1,165.2,2009.0,3653.78
FD6118,Low Sugar,Dairy,OUT002,Small,Tier 3,Food Mart,9.3,0.024,102.53,1998.0,1785.14
FD7847,Low Sugar,Baking Goods,OUT004,Medium,Tier 2,Supermarket Type2,13.55,0.021,133.29,2009.0,3375.08
DR4795,Low Sugar,Soft Drinks,OUT001,High,Tier 2,Supermarket Type1,14.23,0.128,160.44,1987.0,4084.04
FD5923,Regular,Canned,OUT004,Medium,Tier 2,Supermarket Type2,12.94,0.072,163.06,2009.0,3847.27
NC8752,No Sugar,Others,OUT004,Medium,Tier 2,Supermarket Type2,15.27,0.061,142.14,2009.0,3945.36
FD2585,Low Sugar,Fruits and Vegetables,OUT004,Medium,Tier 2,Supermarket Type2,12.84,0.118,114.47,2009.0,2828.48
DR3067,Low Sugar,Soft Drinks,OUT001,High,Tier 2,Supermarket Type1,15.47,0.029,175.2,1987.0,4666.43
FD1630,Regular,Canned,OUT001,High,Tier 2,Supermarket Type1,11.59,0.024,108.4,1987.0,2422.4
FD3103,Low Sugar,Canned,OUT001,High,Tier 2,Supermarket Type1,9.58,0.03,131.72,1987.0,2446.41
NC4128,No Sugar,Household,OUT001,High,Tier 2,Supermarket Type1,14.43,0.099,160.51,1987.0,4131.59
FD6185,Low Sugar,Dairy,OUT004,Medium,Tier 2,Supermarket Type2,11.95,0.122,155.01,2009.0,3457.77
FD3262,Low Sugar,Dairy,OUT001,High,Tier 2,Supermarket Type1,13.12,0.177,206.69,1987.0,4779.32
NC4622,No Sugar,Household,OUT004,Medium,Tier 2,Supermarket Type2,11.95,0.062,168.29,2009.0,3728.5
FD1624,Low Sugar,Dairy,OUT004,Medium,Tier 2,Supermarket Type2,12.66,0.013,134.81,2009.0,3204.8
FD1280,Low Sugar,Canned,OUT002,Small,Tier 3,Food Mart,9.39,0.025,99.3,1998.0,1738.91
FD468,Regular,Canned,OUT004,Medium,Tier 2,Supermarket Type2,14.59,0.026,149.84,2009.0,3948.42
FD1024,Low Sugar,Breakfast,OUT004,Medium,Tier 2,Supermarket Type2,12.46,0.082,161.42,2009.0,3704.11
NC1023,No Sugar,Health and Hygiene,OUT004,Medium,Tier 2,Supermarket Type2,12.65,0.145,134.69,2009.0,3201.1
NC6948,No Sugar,Household,OUT002,Small,Tier 3,Food Mart,7.21,0.035,147.23,1998.0,2226.9
NC8017,No Sugar,Health and Hygiene,OUT001,High,Tier 2,Supermarket Type1,13.37,0.156,168.63,1987.0,4058.06
FD4440,Low Sugar,Baking Goods,OUT004,Medium,Tier 2,Supermarket Type2,12.58,0.023,114.69,2009.0,2774.86
FD1297,Low Sugar,Fruits and Vegetables,OUT004,Medium,Tier 2,Supermarket Type2,11.38,0.095,122.09,2009.0,2655.15
FD1187,Low Sugar,Baking Goods,OUT004,Medium,Tier 2,Supermarket Type2,8.95,0.082,144.3,2009.0,2561.21
NC6524,No Sugar,Household,OUT004,Medium,Tier 2,Supermarket Type2,10.66,0.017,131.07,2009.0,2675.79
FD6572,Low Sugar,Baking Goods,OUT004,Medium,Tier 2,Supermarket Type2,12.85,0.086,148.49,2009.0,3526.64
FD37,Low Sugar,Baking Goods,OUT002,Small,Tier 3,Food Mart,10.29,0.068,151.58,1998.0,865.96
FD2882,Low Sugar,Baking Goods,OUT002,Small,Tier 3,Food Mart,9.2,0.085,109.8,1998.0,1910.16
FD1940,Regular,Snack Foods,OUT004,Medium,Tier 2,Supermarket Type2,10.3,0.134,137.82,2009.0,2732.78
FD5902,Low Sugar,Meat,OUT004,Medium,Tier 2,Supermarket Type2,10.68,0.043,131.72,2009.0,2693.46
FD7025,Low Sugar,Snack Foods,OUT002,Small,Tier 3,Food Mart,11.29,0.067,103.72,1998.0,2260.09
DR7956,Low Sugar,Hard Drinks,OUT002,Small,Tier 3,Food Mart,9.16,0.016,97.23,1998.0,1645.96
FD8221,Low Sugar,Dairy,OUT004,Medium,Tier 2,Supermarket Type2,13.84,0.28,113.31,2009.0,3031.13
FD4190,Regular,Canned,OUT004,Medium,Tier 2,Supermarket Type2,13.65,0.038,143.94,2009.0,3614.76
NC6702,No Sugar,Health and Hygiene,OUT004,Medium,Tier 2,Supermarket Type2,10.72,0.031,168.18,2009.0,3448.24
FD594,Low Sugar,Dairy,OUT004,Medium,Tier 2,Supermarket Type2,12.2,0.038,122.87,2009.0,2686.72
FD8615,Regular,Seafood,OUT001,High,Tier 2,Supermarket Type1,10.56,0.043,121.36,1987.0,2454.94
FD1372,Regular,Fruits and Vegetables,OUT004,Medium,Tier 2,Supermarket Type2,11.13,0.105,126.25,2009.0,2682.76
FD7800,Low Sugar,Frozen Foods,OUT001,High,Tier 2,Supermarket Type1,15.16,0.14,193.25,1987.0,4965.8
FD6242,Low Sugar,Starchy Foods,OUT004,Medium,Tier 2,Supermarket Type2,13.56,0.184,136.92,2009.0,3452.36
DR1493,Low Sugar,Hard Drinks,OUT002,Small,Tier 3,Food Mart,10.11,0.026,118.72,1998.0,2299.63
FD4634,Low Sugar,Fruits and Vegetables,OUT002,Small,Tier 3,Food Mart,9.5,0.05,80.23,1998.0,1375.0
FD4176,Low Sugar,Snack Foods,OUT004,Medium,Tier 2,Supermarket Type2,13.94,0.011,122.09,2009.0,3234.32
DR5860,Low Sugar,Soft Drinks,OUT004,Medium,Tier 2,Supermarket Type2,14.56,0.082,130.92,2009.0,3555.43
FD5566,Regular,Breads,OUT001,High,Tier 2,Supermarket Type1,15.44,0.031,184.62,1987.0,4851.79
DR8322,Low Sugar,Soft Drinks,OUT004,Medium,Tier 2,Supermarket Type2,12.61,0.085,163.98,2009.0,3789.5
FD2718,Low Sugar,Fruits and Vegetables,OUT001,High,Tier 2,Supermarket Type1,9.87,0.033,123.13,1987.0,2334.74
FD8503,Low Sugar,Seafood,OUT004,Medium,Tier 2,Supermarket Type2,10.18,0.103,135.38,2009.0,2656.36
FD6803,Low Sugar,Starchy Foods,OUT001,High,Tier 2,Supermarket Type1,13.58,0.113,87.17,1987.0,2437.49
NC6238,No Sugar,Health and Hygiene,OUT001,High,Tier 2,Supermarket Type1,9.14,0.082,131.77,1987.0,2347.43
FD2580,Regular,Dairy,OUT004,Medium,Tier 2,Supermarket Type2,13.26,0.28,137.37,2009.0,3393.59
NC1236,No Sugar,Health and Hygiene,OUT002,Small,Tier 3,Food Mart,7.24,0.058,61.15,1998.0,472.43
DR3127,Low Sugar,Soft Drinks,OUT004,Medium,Tier 2,Supermarket Type2,12.11,0.129,124.48,2009.0,2868.42
NC5547,No Sugar,Health and Hygiene,OUT001,High,Tier 2,Supermarket Type1,15.69,0.022,179.95,1987.0,4812.74
FD8540,Low Sugar,Fruits and Vegetables,OUT001,High,Tier 2,Supermarket Type1,13.94,0.185,160.21,1987.0,4012.84
DR362,Regular,Hard Drinks,OUT004,Medium,Tier 2,Supermarket Type2,13.45,0.038,133.56,2009.0,2499.89
FD1995,Low Sugar,Starchy Foods,OUT004,Medium,Tier 2,Supermarket Type2,10.15,0.128,133.89,2009.0,2618.98
NC5154,No Sugar,Others,OUT001,High,Tier 2,Supermarket Type1,13.75,0.161,196.25,1987.0,4708.31
FD8185,Low Sugar,Fruits and Vegetables,OUT002,Small,Tier 3,Food Mart,7.22,0.093,123.14,1998.0,1736.1
FD8722,Low Sugar,Fruits and Vegetables,OUT002,Small,Tier 3,Food Mart,9.14,0.098,117.87,1998.0,2061.73
NC6992,No Sugar,Health and Hygiene,OUT004,Medium,Tier 2,Supermarket Type2,14.04,0.167,145.76,2009.0,3740.05
NC4016,No Sugar,Others,OUT001,High,Tier 2,Supermarket Type1,11.9,0.151,207.46,1987.0,4519.09
FD30,Regular,Dairy,OUT001,High,Tier 2,Supermarket Type1,15.47,0.07,196.0,1987.0,2379.21
FD8604,Regular,Fruits and Vegetables,OUT004,Medium,Tier 2,Supermarket Type2,12.87,0.089,133.63,2009.0,3227.45
FD2672,Low Sugar,Snack Foods,OUT001,High,Tier 2,Supermarket Type1,10.96,0.056,112.35,1987.0,2360.33
NC7960,No Sugar,Health and Hygiene,OUT004,Medium,Tier 2,Supermarket Type2,11.42,0.031,116.53,2009.0,2551.6
DR3027,Low Sugar,Hard Drinks,OUT001,High,Tier 2,Supermarket Type1,13.52,0.046,86.63,1987.0,2413.77
NC5661,No Sugar,Household,OUT004,Medium,Tier 2,Supermarket Type2,14.9,0.018,145.98,2009.0,3938.73
FD3196,Low Sugar,Fruits and Vegetables,OUT004,Medium,Tier 2,Supermarket Type2,11.86,0.025,113.84,2009.0,2593.93
NC4109,No Sugar,Health and Hygiene,OUT001,High,Tier 2,Supermarket Type1,11.89,0.061,188.17,1987.0,4122.94
DR1800,Low Sugar,Hard Drinks,OUT004,Medium,Tier 2,Supermarket Type2,11.37,0.046,133.52,2009.0,2887.6
FD8570,Low Sugar,Fruits and Vegetables,OUT001,High,Tier 2,Supermarket Type1,15.15,0.035,147.73,1987.0,4032.27
FD959,Low Sugar,Snack Foods,OUT004,Medium,Tier 2,Supermarket Type2,12.05,0.09,152.19,2009.0,3422.84
FD1607,Low Sugar,Frozen Foods,OUT004,Medium,Tier 2,Supermarket Type2,11.99,0.031,128.57,2009.0,2925.62
FD961,Low Sugar,Fruits and Vegetables,OUT004,Medium,Tier 2,Supermarket Type2,13.32,0.092,129.5,2009.0,3245.63
FD1453,Low Sugar,Canned,OUT004,Medium,Tier 2,Supermarket Type2,13.83,0.052,122.34,2009.0,3213.74
FD6340,Low Sugar,Dairy,OUT004,Medium,Tier 2,Supermarket Type2,13.8,0.173,159.88,2009.0,3974.78
FD8567,Low Sugar,Seafood,OUT004,Medium,Tier 2,Supermarket Type2,12.23,0.058,164.15,2009.0,3708.81
FD1260,Low Sugar,Meat,OUT004,Medium,Tier 2,Supermarket Type2,11.54,0.037,157.41,2009.0,3414.84
NC6277,No Sugar,Health and Hygiene,OUT004,Medium,Tier 2,Supermarket Type2,12.84,0.028,135.56,2009.0,3259.84
FD3576,Low Sugar,Snack Foods,OUT004,Medium,Tier 2,Supermarket Type2,10.18,0.08,139.93,2009.0,2749.29
FD2488,Low Sugar,Frozen Foods,OUT004,Medium,Tier 2,Supermarket Type2,12.55,0.033,145.81,2009.0,3404.93
FD2679,Regular,Snack Foods,OUT004,Medium,Tier 2,Supermarket Type2,10.01,0.052,171.37,2009.0,3354.07
FD8304,Low Sugar,Snack Foods,OUT004,Medium,Tier 2,Supermarket Type2,13.22,0.164,123.76,2009.0,3105.09
FD8520,Regular,Snack Foods,OUT002,Small,Tier 3,Food Mart,7.25,0.009,145.16,1998.0,2193.16
FD6520,Low Sugar,Dairy,OUT004,Medium,Tier 2,Supermarket Type2,13.09,0.041,134.57,2009.0,3296.43
FD7773,Regular,Baking Goods,OUT001,High,Tier 2,Supermarket Type1,8.59,0.057,144.68,1987.0,2487.05
FD1025,Low Sugar,Dairy,OUT001,High,Tier 2,Supermarket Type1,10.31,0.07,122.61,1987.0,2423.71
FD1741,Low Sugar,Breads,OUT004,Medium,Tier 2,Supermarket Type2,11.25,0.034,121.47,2009.0,2612.79
FD7750,Low Sugar,Seafood,OUT001,High,Tier 2,Supermarket Type1,14.25,0.055,190.69,1987.0,4706.76
FD2555,Low Sugar,Meat,OUT001,High,Tier 2,Supermarket Type1,16.2,0.087,174.04,1987.0,4807.54
FD5453,Low Sugar,Fruits and Vegetables,OUT004,Medium,Tier 2,Supermarket Type2,12.23,0.054,152.83,2009.0,3477.12
FD635,Low Sugar,Dairy,OUT004,Medium,Tier 2,Supermarket Type2,9.48,0.133,150.23,2009.0,2801.96
FD933,Low Sugar,Snack Foods,OUT002,Small,Tier 3,Food Mart,9.58,0.039,78.71,1998.0,1361.51
FD5557,Low Sugar,Dairy,OUT002,Small,Tier 3,Food Mart,9.88,0.11,94.05,1998.0,1741.57
FD2641,Regular,Dairy,OUT004,Medium,Tier 2,Supermarket Type2,12.83,0.079,169.12,2009.0,3944.15
FD7162,Low Sugar,Dairy,OUT001,High,Tier 2,Supermarket Type1,14.46,0.044,159.0,1987.0,4105.94
FD6787,Regular,Baking Goods,OUT004,Medium,Tier 2,Supermarket Type2,13.87,0.085,141.25,2009.0,3610.55
FD3600,Low Sugar,Dairy,OUT004,Medium,Tier 2,Supermarket Type2,13.79,0.124,133.55,2009.0,3434.67
FD5068,Low Sugar,Fruits and Vegetables,OUT004,Medium,Tier 2,Supermarket Type2,10.36,0.042,154.75,2009.0,3092.11
FD2063,Regular,Snack Foods,OUT001,High,Tier 2,Supermarket Type1,15.51,0.052,178.74,1987.0,4748.07
FD5723,Low Sugar,Dairy,OUT004,Medium,Tier 2,Supermarket Type2,13.79,0.118,125.94,2009.0,3277.81
FD80,Regular,Meat,OUT004,Medium,Tier 2,Supermarket Type2,13.54,0.025,149.17,2009.0,3268.01
NC2707,No Sugar,Household,OUT004,Medium,Tier 2,Supermarket Type2,9.74,0.148,136.46,2009.0,2577.84
NC6211,No Sugar,Health and Hygiene,OUT004,Medium,Tier 2,Supermarket Type2,14.22,0.098,129.29,2009.0,3443.99
FD6732,Low Sugar,Fruits and Vegetables,OUT001,High,Tier 2,Supermarket Type1,11.47,0.052,194.64,1987.0,4160.54
FD5592,Regular,Dairy,OUT001,High,Tier 2,Supermarket Type1,15.66,0.104,170.31,1987.0,4609.63
FD5427,Regular,Snack Foods,OUT001,High,Tier 2,Supermarket Type1,10.69,0.055,117.61,1987.0,2408.33
FD2289,Low Sugar,Baking Goods,OUT001,High,Tier 2,Supermarket Type1,15.53,0.024,184.27,1987.0,4866.29
DR4064,Low Sugar,Soft Drinks,OUT004,Medium,Tier 2,Supermarket Type2,11.36,0.069,165.22,2009.0,3534.35
FD3712,Regular,Frozen Foods,OUT004,Medium,Tier 2,Supermarket Type2,12.85,0.076,107.58,2009.0,2690.09
FD4393,Low Sugar,Breakfast,OUT002,Small,Tier 3,Food Mart,9.65,0.066,82.08,1998.0,1444.64
FD2413,Low Sugar,Starchy Foods,OUT001,High,Tier 2,Supermarket Type1,9.93,0.045,124.12,1987.0,2368.6
FD866,Low Sugar,Snack Foods,OUT004,Medium,Tier 2,Supermarket Type2,12.77,0.052,148.67,2009.0,3512.39
FD8323,Low Sugar,Snack Foods,OUT002,Small,Tier 3,Food Mart,12.17,0.173,79.19,1998.0,1956.14
FD6459,Low Sugar,Fruits and Vegetables,OUT004,Medium,Tier 2,Supermarket Type2,11.0,0.107,131.4,2009.0,2759.76
FD4406,Low Sugar,Fruits and Vegetables,OUT002,Small,Tier 3,Food Mart,10.89,0.02,100.18,1998.0,2095.86
DR5861,Low Sugar,Soft Drinks,OUT004,Medium,Tier 2,Supermarket Type2,15.13,0.026,128.72,2009.0,3638.51
FD2068,Regular,Frozen Foods,OUT001,High,Tier 2,Supermarket Type1,10.71,0.096,119.7,1987.0,2453.9
FD7397,Low Sugar,Snack Foods,OUT004,Medium,Tier 2,Supermarket Type2,12.64,0.155,133.48,2009.0,3174.12
NC965,No Sugar,Others,OUT004,Medium,Tier 2,Supermarket Type2,12.59,0.02,146.65,2009.0,3430.89
DR7481,reg,Hard Drinks,OUT001,High,Tier 2,Supermarket Type1,15.58,0.052,182.11,1987.0,4832.82
FD8131,Regular,Meat,OUT001,High,Tier 2,Supermarket Type1,13.24,0.046,192.96,1987.0,4524.86
FD8241,Regular,Breakfast,OUT002,Small,Tier 3,Food Mart,9.54,0.077,89.16,1998.0,1566.79
DR3489,Low Sugar,Soft Drinks,OUT004,Medium,Tier 2,Supermarket Type2,13.07,0.068,155.38,2009.0,3718.13
FD5238,Low Sugar,Snack Foods,OUT002,Small,Tier 3,Food Mart,9.34,0.026,87.95,1998.0,1495.95
FD8383,Regular,Fruits and Vegetables,OUT001,High,Tier 2,Supermarket Type1,14.92,0.053,157.72,1987.0,4184.88
FD1580,Low Sugar,Snack Foods,OUT004,Medium,Tier 2,Supermarket Type2,13.06,0.009,156.35,2009.0,3735.19
FD6121,Low Sugar,Snack Foods,OUT004,Medium,Tier 2,Supermarket Type2,12.78,0.169,152.33,2009.0,3589.82
FD7155,Low Sugar,Canned,OUT004,Medium,Tier 2,Supermarket Type2,13.16,0.176,122.52,2009.0,3066.82
DR5877,Regular,Hard Drinks,OUT001,High,Tier 2,Supermarket Type1,13.48,0.113,166.99,1987.0,4048.07
NC3436,No Sugar,Household,OUT004,Medium,Tier 2,Supermarket Type2,11.43,0.042,179.39,2009.0,3839.75
FD4034,Regular,Meat,OUT002,Small,Tier 3,Food Mart,10.81,0.14,106.93,1998.0,2216.68
NC3189,No Sugar,Household,OUT004,Medium,Tier 2,Supermarket Type2,13.61,0.03,146.14,2009.0,3652.07
NC4769,No Sugar,Health and Hygiene,OUT001,High,Tier 2,Supermarket Type1,14.39,0.113,155.48,1987.0,4017.84
FD3567,Regular,Snack Foods,OUT004,Medium,Tier 2,Supermarket Type2,12.18,0.12,125.96,2009.0,2916.01
FD5123,Low Sugar,Breads,OUT004,Medium,Tier 2,Supermarket Type2,14.07,0.1,138.43,2009.0,3598.36
FD1423,Regular,Dairy,OUT004,Medium,Tier 2,Supermarket Type2,12.55,0.175,170.58,2009.0,3912.55
FD8717,Low Sugar,Frozen Foods,OUT004,Medium,Tier 2,Supermarket Type2,12.09,0.152,130.63,2009.0,2990.29
FD5302,Low Sugar,Dairy,OUT004,Medium,Tier 2,Supermarket Type2,11.3,0.022,133.51,2009.0,2870.61
FD2076,Low Sugar,Starchy Foods,OUT004,Medium,Tier 2,Supermarket Type2,14.49,0.006,132.28,2009.0,3566.64
FD3524,Low Sugar,Fruits and Vegetables,OUT004,Medium,Tier 2,Supermarket Type2,12.23,0.081,138.72,2009.0,3187.99
FD3023,Low Sugar,Canned,OUT004,Medium,Tier 2,Supermarket Type2,11.73,0.015,168.33,2009.0,3680.91
NC7972,No Sugar,Household,OUT004,Medium,Tier 2,Supermarket Type2,11.17,0.028,129.35,2009.0,2756.73
FD2864,Low Sugar,Snack Foods,OUT001,High,Tier 2,Supermarket Type1,14.57,0.06,161.93,1987.0,4191.84
FD3153,Low Sugar,Fruits and Vegetables,OUT004,Medium,Tier 2,Supermarket Type2,14.12,0.151,140.95,2009.0,3659.99
FD4811,Low Sugar,Snack Foods,OUT004,Medium,Tier 2,Supermarket Type2,7.76,0.076,172.81,2009.0,2875.96
NC7951,No Sugar,Health and Hygiene,OUT001,High,Tier 2,Supermarket Type1,13.29,0.124,174.98,1987.0,4169.06
FD617,Regular,Baking Goods,OUT004,Medium,Tier 2,Supermarket Type2,10.89,0.032,147.02,2009.0,3053.74
FD827,Regular,Baking Goods,OUT004,Medium,Tier 2,Supermarket Type2,12.22,0.064,151.05,2009.0,3437.02
FD3587,Low Sugar,Meat,OUT004,Medium,Tier 2,Supermarket Type2,12.9,0.078,138.44,2009.0,3333.76
FD5014,Regular,Seafood,OUT001,High,Tier 2,Supermarket Type1,13.27,0.069,194.1,1987.0,4556.64
FD6517,Low Sugar,Snack Foods,OUT001,High,Tier 2,Supermarket Type1,12.78,0.058,181.08,1987.0,4177.68
DR4580,Low Sugar,Soft Drinks,OUT004,Medium,Tier 2,Supermarket Type2,11.05,0.112,120.27,2009.0,2543.44
NC8115,No Sugar,Household,OUT004,Medium,Tier 2,Supermarket Type2,12.82,0.083,128.5,2009.0,3111.82
FD2192,Low Sugar,Fruits and Vegetables,OUT004,Medium,Tier 2,Supermarket Type2,13.73,0.04,157.71,2009.0,3915.56
FD7699,Regular,Snack Foods,OUT004,Medium,Tier 2,Supermarket Type2,12.45,0.03,137.85,2009.0,3220.32
FD5092,Low Sugar,Canned,OUT004,Medium,Tier 2,Supermarket Type2,13.03,0.041,141.02,2009.0,3416.16
FD2297,Low Sugar,Dairy,OUT004,Medium,Tier 2,Supermarket Type2,9.79,0.027,136.67,2009.0,2593.29
FD4680,Low Sugar,Fruits and Vegetables,OUT004,Medium,Tier 2,Supermarket Type2,11.04,0.121,142.88,2009.0,3003.75
FD4879,Low Sugar,Breakfast,OUT004,Medium,Tier 2,Supermarket Type2,13.64,0.016,140.7,2009.0,3547.44
FD6314,Low Sugar,Fruits and Vegetables,OUT004,Medium,Tier 2,Supermarket Type2,13.63,0.147,157.43,2009.0,3887.29
FD5351,Regular,Meat,OUT004,Medium,Tier 2,Supermarket Type2,10.88,0.031,138.9,2009.0,2886.87
DR6273,Low Sugar,Hard Drinks,OUT002,Small,Tier 3,Food Mart,6.35,0.042,99.53,1998.0,1057.1
NC3142,No Sugar,Health and Hygiene,OUT004,Medium,Tier 2,Supermarket Type2,14.41,0.019,143.79,2009.0,3783.88
FD4878,Low Sugar,Snack Foods,OUT004,Medium,Tier 2,Supermarket Type2,13.72,0.057,120.09,2009.0,3143.55
FD2498,Low Sugar,Baking Goods,OUT004,Medium,Tier 2,Supermarket Type2,11.3,0.282,173.55,2009.0,3690.66
FD5443,Regular,Frozen Foods,OUT004,Medium,Tier 2,Supermarket Type2,11.53,0.083,158.53,2009.0,3435.06
FD5935,Regular,Frozen Foods,OUT004,Medium,Tier 2,Supermarket Type2,11.94,0.074,126.12,2009.0,2864.2
FD3284,Low Sugar,Fruits and Vegetables,OUT004,Medium,Tier 2,Supermarket Type2,12.95,0.057,148.26,2009.0,3546.03
FD47,Low Sugar,Snack Foods,OUT001,High,Tier 2,Supermarket Type1,15.2,0.061,190.59,1987.0,4566.56
NC1365,No Sugar,Health and Hygiene,OUT001,High,Tier 2,Supermarket Type1,16.43,0.128,158.69,1987.0,4546.04
FD721,Regular,Fruits and Vegetables,OUT004,Medium,Tier 2,Supermarket Type2,11.67,0.103,134.73,2009.0,2979.27
FD2762,Low Sugar,Baking Goods,OUT004,Medium,Tier 2,Supermarket Type2,10.36,0.021,139.05,2009.0,2771.99
FD8718,Low Sugar,Meat,OUT004,Medium,Tier 2,Supermarket Type2,12.23,0.019,133.93,2009.0,3090.41
FD6472,Low Sugar,Frozen Foods,OUT004,Medium,Tier 2,Supermarket Type2,11.97,0.004,116.15,2009.0,2666.55
FD1553,Low Sugar,Snack Foods,OUT002,Small,Tier 3,Food Mart,9.82,0.086,95.63,1998.0,1762.29
FD1318,Low Sugar,Snack Foods,OUT004,Medium,Tier 2,Supermarket Type2,14.42,0.132,118.52,2009.0,3268.22
NC5093,No Sugar,Health and Hygiene,OUT004,Medium,Tier 2,Supermarket Type2,15.75,0.031,131.43,2009.0,3834.57
NC8338,No Sugar,Health and Hygiene,OUT004,Medium,Tier 2,Supermarket Type2,12.26,0.094,157.71,2009.0,3582.84
FD4147,Low Sugar,Frozen Foods,OUT004,Medium,Tier 2,Supermarket Type2,10.09,0.038,129.34,2009.0,2511.29
FD55,Low Sugar,Snack Foods,OUT004,Medium,Tier 2,Supermarket Type2,11.24,0.046,149.78,2009.0,2335.73
FD8177,Low Sugar,Fruits and Vegetables,OUT004,Medium,Tier 2,Supermarket Type2,14.27,0.124,152.42,2009.0,3929.58
FD2275,Low Sugar,Meat,OUT004,Medium,Tier 2,Supermarket Type2,10.57,0.042,125.25,2009.0,2537.74
DR8097,Low Sugar,Soft Drinks,OUT004,Medium,Tier 2,Supermarket Type2,11.03,0.093,132.08,2009.0,2780.72
FD110,Low Sugar,Meat,OUT001,High,Tier 2,Supermarket Type1,15.13,0.099,148.98,1987.0,4914.05
NC50,No Sugar,Health and Hygiene,OUT004,Medium,Tier 2,Supermarket Type2,11.05,0.12,147.05,2009.0,3506.4
FD4800,Low Sugar,Dairy,OUT004,Medium,Tier 2,Supermarket Type2,11.38,0.021,140.64,2009.0,3034.9
FD654,Low Sugar,Snack Foods,OUT004,Medium,Tier 2,Supermarket Type2,12.15,0.055,144.7,2009.0,3292.92
FD6959,Low Sugar,Breakfast,OUT004,Medium,Tier 2,Supermarket Type2,9.24,0.049,140.77,2009.0,2554.71
FD7124,Regular,Dairy,OUT002,Small,Tier 3,Food Mart,7.12,0.009,57.41,1998.0,368.72
FD345,Low Sugar,Snack Foods,OUT002,Small,Tier 3,Food Mart,14.07,0.111,185.51,1998.0,1489.42
FD7088,Low Sugar,Fruits and Vegetables,OUT004,Medium,Tier 2,Supermarket Type2,14.31,0.161,110.16,2009.0,3073.8
FD1388,Low Sugar,Canned,OUT004,Medium,Tier 2,Supermarket Type2,10.74,0.128,132.21,2009.0,2716.76
FD3246,Low Sugar,Dairy,OUT004,Medium,Tier 2,Supermarket Type2,9.7,0.098,153.88,2009.0,2925.31
FD2577,Low Sugar,Frozen Foods,OUT004,Medium,Tier 2,Supermarket Type2,13.48,0.01,143.92,2009.0,3577.24
FD1321,Low Sugar,Snack Foods,OUT002,Small,Tier 3,Food Mart,4.0,0.077,75.44,1998.0,33.0
NC2988,No Sugar,Others,OUT004,Medium,Tier 2,Supermarket Type2,13.31,0.12,132.37,2009.0,3301.78
FD1900,Low Sugar,Fruits and Vegetables,OUT002,Small,Tier 3,Food Mart,9.16,0.026,86.38,1998.0,1423.14
FD3932,Low Sugar,Fruits and Vegetables,OUT004,Medium,Tier 2,Supermarket Type2,13.96,0.01,132.21,2009.0,3445.19
FD1105,Low Sugar,Frozen Foods,OUT004,Medium,Tier 2,Supermarket Type2,10.53,0.007,137.05,2009.0,2769.18
FD3880,Low Sugar,Canned,OUT001,High,Tier 2,Supermarket Type1,15.03,0.089,148.1,1987.0,4011.61
DR3678,Low Sugar,Soft Drinks,OUT004,Medium,Tier 2,Supermarket Type2,12.03,0.029,148.61,2009.0,3345.85
NC2741,No Sugar,Household,OUT004,Medium,Tier 2,Supermarket Type2,13.98,0.025,143.1,2009.0,3672.74
NC5457,No Sugar,Household,OUT004,Medium,Tier 2,Supermarket Type2,12.29,0.037,129.26,2009.0,3007.15
FD6909,Low Sugar,Frozen Foods,OUT004,Medium,Tier 2,Supermarket Type2,15.04,0.04,131.2,2009.0,3669.0
FD1167,Regular,Canned,OUT004,Medium,Tier 2,Supermarket Type2,10.27,0.031,141.78,2009.0,2808.26
FD5765,Regular,Canned,OUT004,Medium,Tier 2,Supermarket Type2,12.44,0.292,125.43,2009.0,2963.87
FD3859,Low Sugar,Canned,OUT004,Medium,Tier 2,Supermarket Type2,11.71,0.054,168.98,2009.0,3688.46
FD2175,Low Sugar,Snack Foods,OUT002,Small,Tier 3,Food Mart,8.59,0.096,92.6,1998.0,1421.24
NC2457,No Sugar,Household,OUT001,High,Tier 2,Supermarket Type1,13.82,0.104,197.84,1987.0,4757.76
FD844,Regular,Meat,OUT004,Medium,Tier 2,Supermarket Type2,13.28,0.146,128.82,2009.0,3223.45
FD597,Low Sugar,Baking Goods,OUT004,Medium,Tier 2,Supermarket Type2,12.73,0.027,144.29,2009.0,5462.86
FD7340,Regular,Frozen Foods,OUT001,High,Tier 2,Supermarket Type1,13.42,0.154,166.81,1987.0,4032.41
FD2570,Low Sugar,Canned,OUT002,Small,Tier 3,Food Mart,8.72,0.08,100.94,1998.0,1621.05
DR7541,Low Sugar,Soft Drinks,OUT004,Medium,Tier 2,Supermarket Type2,11.09,0.052,149.17,2009.0,3144.5
FD5054,Regular,Frozen Foods,OUT001,High,Tier 2,Supermarket Type1,14.18,0.144,161.28,1987.0,4090.87
FD7947,Regular,Baking Goods,OUT004,Medium,Tier 2,Supermarket Type2,12.75,0.073,132.21,2009.0,3171.68
NC8756,No Sugar,Health and Hygiene,OUT002,Small,Tier 3,Food Mart,11.12,0.137,99.28,1998.0,2129.23
FD4430,Regular,Fruits and Vegetables,OUT001,High,Tier 2,Supermarket Type1,14.55,0.092,197.58,1987.0,4917.22
FD7338,Low Sugar,Meat,OUT004,Medium,Tier 2,Supermarket Type2,14.35,0.116,145.74,2009.0,3809.87
DR4764,Low Sugar,Hard Drinks,OUT004,Medium,Tier 2,Supermarket Type2,10.95,0.063,173.24,2009.0,3605.53
NC5364,No Sugar,Health and Hygiene,OUT004,Medium,Tier 2,Supermarket Type2,12.76,0.157,146.07,2009.0,3458.42
FD5100,Low Sugar,Snack Foods,OUT004,Medium,Tier 2,Supermarket Type2,11.08,0.031,174.83,2009.0,3666.53
FD4026,Low Sugar,Snack Foods,OUT004,Medium,Tier 2,Supermarket Type2,14.25,0.147,142.02,2009.0,3712.25
FD3323,Low Sugar,Baking Goods,OUT004,Medium,Tier 2,Supermarket Type2,12.1,0.147,166.09,2009.0,3719.31
FD3767,Regular,Dairy,OUT004,Medium,Tier 2,Supermarket Type2,11.43,0.05,149.27,2009.0,3223.49
FD6447,Low Sugar,Snack Foods,OUT001,High,Tier 2,Supermarket Type1,14.09,0.064,187.21,1987.0,4600.44
FD5058,Low Sugar,Dairy,OUT001,High,Tier 2,Supermarket Type1,14.18,0.179,161.86,1987.0,4102.79
FD7192,Low Sugar,Dairy,OUT004,Medium,Tier 2,Supermarket Type2,12.81,0.144,166.58,2009.0,3887.95
FD5102,Low Sugar,Dairy,OUT002,Small,Tier 3,Food Mart,11.12,0.111,97.35,1998.0,2091.07
FD6162,Regular,Fruits and Vegetables,OUT004,Medium,Tier 2,Supermarket Type2,12.45,0.025,166.5,2009.0,3805.5
FD1221,Low Sugar,Frozen Foods,OUT004,Medium,Tier 2,Supermarket Type2,12.32,0.01,160.78,2009.0,3659.31
NC1606,No Sugar,Household,OUT004,Medium,Tier 2,Supermarket Type2,12.35,0.039,166.19,2009.0,3778.07
FD1126,Regular,Dairy,OUT001,High,Tier 2,Supermarket Type1,11.82,0.186,109.6,1987.0,2499.78
FD2774,Regular,Frozen Foods,OUT004,Medium,Tier 2,Supermarket Type2,13.56,0.017,150.12,2009.0,3721.56
DR8440,Low Sugar,Hard Drinks,OUT004,Medium,Tier 2,Supermarket Type2,10.97,0.024,144.32,2009.0,3016.47
NC4283,No Sugar,Household,OUT004,Medium,Tier 2,Supermarket Type2,14.0,0.066,136.94,2009.0,3551.29
NC1267,No Sugar,Household,OUT004,Medium,Tier 2,Supermarket Type2,13.35,0.149,150.59,2009.0,3683.78
NC3402,No Sugar,Household,OUT001,High,Tier 2,Supermarket Type1,9.51,0.053,126.58,1987.0,2324.75
NC6262,No Sugar,Household,OUT001,High,Tier 2,Supermarket Type1,13.53,0.023,196.65,1987.0,4665.89
FD3158,Low Sugar,Dairy,OUT001,High,Tier 2,Supermarket Type1,14.62,0.027,184.18,1987.0,4658.55
FD6754,Regular,Snack Foods,OUT001,High,Tier 2,Supermarket Type1,14.85,0.013,195.45,1987.0,4939.56
FD924,Low Sugar,Canned,OUT004,Medium,Tier 2,Supermarket Type2,12.51,0.069,154.31,2009.0,3570.35
FD1636,Low Sugar,Meat,OUT004,Medium,Tier 2,Supermarket Type2,15.92,0.14,96.04,2009.0,3147.34
FD4170,Low Sugar,Dairy,OUT001,High,Tier 2,Supermarket Type1,13.46,0.014,192.81,1987.0,4571.47
FD6717,Low Sugar,Meat,OUT001,High,Tier 2,Supermarket Type1,14.7,0.03,175.92,1987.0,4506.03
FD1764,Regular,Frozen Foods,OUT004,Medium,Tier 2,Supermarket Type2,12.43,0.044,160.44,2009.0,3676.83
FD6863,Low Sugar,Snack Foods,OUT004,Medium,Tier 2,Supermarket Type2,10.59,0.086,148.3,2009.0,3013.06
FD6808,Low Sugar,Canned,OUT004,Medium,Tier 2,Supermarket Type2,11.7,0.032,155.57,2009.0,3413.37
FD7762,Regular,Fruits and Vegetables,OUT002,Small,Tier 3,Food Mart,9.58,0.136,123.6,1998.0,2279.58
FD1412,Low Sugar,Fruits and Vegetables,OUT001,High,Tier 2,Supermarket Type1,10.77,0.104,114.96,1987.0,2371.56
FD1198,Low Sugar,Canned,OUT004,Medium,Tier 2,Supermarket Type2,10.95,0.12,121.71,2009.0,2550.16
FD5835,Low Sugar,Snack Foods,OUT004,Medium,Tier 2,Supermarket Type2,14.26,0.039,141.34,2009.0,3700.78
FD948,Low Sugar,Fruits and Vegetables,OUT004,Medium,Tier 2,Supermarket Type2,10.92,0.053,146.88,2009.0,3058.47
NC4037,No Sugar,Household,OUT001,High,Tier 2,Supermarket Type1,12.36,0.098,102.01,1987.0,2466.62
FD6084,Low Sugar,Baking Goods,OUT004,Medium,Tier 2,Supermarket Type2,9.64,0.094,160.96,2009.0,3058.0
FD5665,Low Sugar,Breakfast,OUT002,Small,Tier 3,Food Mart,11.74,0.03,90.7,1998.0,2094.27
FD1705,Low Sugar,Canned,OUT004,Medium,Tier 2,Supermarket Type2,13.1,0.078,145.5,2009.0,3523.76
FD7904,Regular,Meat,OUT001,High,Tier 2,Supermarket Type1,13.61,0.139,168.22,1987.0,4103.73
FD650,Low Sugar,Meat,OUT004,Medium,Tier 2,Supermarket Type2,15.07,0.043,135.09,2009.0,3754.54
NC8123,No Sugar,Health and Hygiene,OUT004,Medium,Tier 2,Supermarket Type2,10.67,0.177,135.05,2009.0,2760.61
NC5771,No Sugar,Others,OUT004,Medium,Tier 2,Supermarket Type2,15.04,0.018,135.55,2009.0,3757.4
NC2079,No Sugar,Health and Hygiene,OUT002,Small,Tier 3,Food Mart,9.91,0.038,68.04,1998.0,1216.1
FD7502,Regular,Meat,OUT002,Small,Tier 3,Food Mart,9.19,0.046,108.36,1998.0,1879.58
FD6043,Low Sugar,Baking Goods,OUT001,High,Tier 2,Supermarket Type1,13.68,0.018,163.02,1987.0,4012.35
DR3082,Low Sugar,Soft Drinks,OUT004,Medium,Tier 2,Supermarket Type2,12.43,0.233,161.15,2009.0,3691.03
FD3986,Low Sugar,Fruits and Vegetables,OUT002,Small,Tier 3,Food Mart,9.49,0.01,109.57,1998.0,1972.99
FD8411,Low Sugar,Dairy,OUT001,High,Tier 2,Supermarket Type1,15.78,0.033,180.1,1987.0,4837.14
FD1758,Low Sugar,Snack Foods,OUT001,High,Tier 2,Supermarket Type1,15.02,0.044,193.24,1987.0,4934.83
NC5950,No Sugar,Household,OUT002,Small,Tier 3,Food Mart,9.8,0.096,111.52,1998.0,2082.24
NC3827,No Sugar,Health and Hygiene,OUT004,Medium,Tier 2,Supermarket Type2,13.59,0.089,128.45,2009.0,3284.47
NC4895,No Sugar,Health and Hygiene,OUT004,Medium,Tier 2,Supermarket Type2,12.11,0.033,175.29,2009.0,3908.14
FD5521,Low Sugar,Dairy,OUT004,Medium,Tier 2,Supermarket Type2,10.2,0.073,152.0,2009.0,3000.24
FD1912,Regular,Fruits and Vegetables,OUT004,Medium,Tier 2,Supermarket Type2,11.17,0.039,176.59,2009.0,3722.47
FD7919,Regular,Fruits and Vegetables,OUT001,High,Tier 2,Supermarket Type1,14.55,0.009,179.65,1987.0,4549.13
FD979,Low Sugar,Fruits and Vegetables,OUT004,Medium,Tier 2,Supermarket Type2,12.24,0.14,127.3,2009.0,2956.53
FD2130,Regular,Snack Foods,OUT002,Small,Tier 3,Food Mart,8.2,0.078,126.68,1998.0,2030.27
FD198,Low Sugar,Frozen Foods,OUT004,Medium,Tier 2,Supermarket Type2,11.64,0.029,182.5,2009.0,2585.94
NC7934,No Sugar,Household,OUT004,Medium,Tier 2,Supermarket Type2,11.43,0.079,133.54,2009.0,2900.24
FD1917,Regular,Baking Goods,OUT002,Small,Tier 3,Food Mart,8.95,0.016,108.2,1998.0,1821.4
FD1552,Regular,Fruits and Vegetables,OUT002,Small,Tier 3,Food Mart,9.6,0.042,123.66,1998.0,2284.46
NC3527,No Sugar,Health and Hygiene,OUT001,High,Tier 2,Supermarket Type1,15.96,0.08,176.87,1987.0,4810.74
FD1582,Low Sugar,Baking Goods,OUT001,High,Tier 2,Supermarket Type1,14.27,0.123,164.77,1987.0,4181.46
DR1957,Low Sugar,Soft Drinks,OUT002,Small,Tier 3,Food Mart,10.23,0.129,54.23,1998.0,1005.98
FD1335,Low Sugar,Canned,OUT004,Medium,Tier 2,Supermarket Type2,10.94,0.147,157.42,2009.0,3278.64
FD2841,Low Sugar,Baking Goods,OUT001,High,Tier 2,Supermarket Type1,10.49,0.047,122.86,1987.0,2468.94
NC8487,No Sugar,Others,OUT001,High,Tier 2,Supermarket Type1,11.43,0.057,104.83,1987.0,2314.66
FD8695,Low Sugar,Dairy,OUT001,High,Tier 2,Supermarket Type1,16.76,0.177,156.14,1987.0,4568.26
FD5148,Low Sugar,Dairy,OUT002,Small,Tier 3,Food Mart,11.49,0.06,94.19,1998.0,2110.46
FD2870,Low Sugar,Baking Goods,OUT004,Medium,Tier 2,Supermarket Type2,14.23,0.079,123.07,2009.0,3320.06
FD8710,Low Sugar,Dairy,OUT004,Medium,Tier 2,Supermarket Type2,11.71,0.031,143.47,2009.0,3167.46
FD5253,Regular,Meat,OUT001,High,Tier 2,Supermarket Type1,15.93,0.01,168.69,1987.0,4636.72
FD3357,Low Sugar,Breakfast,OUT004,Medium,Tier 2,Supermarket Type2,10.7,0.007,134.68,2009.0,2758.43
FD8543,Low Sugar,Fruits and Vegetables,OUT004,Medium,Tier 2,Supermarket Type2,13.82,0.098,149.84,2009.0,3773.69
FD1611,Regular,Fruits and Vegetables,OUT004,Medium,Tier 2,Supermarket Type2,13.88,0.035,124.77,2009.0,3275.64
NC573,No Sugar,Health and Hygiene,OUT001,High,Tier 2,Supermarket Type1,12.98,0.007,194.72,1987.0,4805.01
FD1425,Regular,Fruits and Vegetables,OUT004,Medium,Tier 2,Supermarket Type2,9.54,0.046,136.88,2009.0,2541.53
DR4947,Regular,Hard Drinks,OUT004,Medium,Tier 2,Supermarket Type2,14.26,0.087,147.37,2009.0,3823.3
FD1870,Low Sugar,Snack Foods,OUT001,High,Tier 2,Supermarket Type1,14.45,0.049,202.59,1987.0,4995.61
DR6024,Low Sugar,Soft Drinks,OUT004,Medium,Tier 2,Supermarket Type2,10.22,0.175,136.32,2009.0,2684.44
FD3409,Regular,Breads,OUT004,Medium,Tier 2,Supermarket Type2,15.01,0.141,146.88,2009.0,3982.14
FD7698,Low Sugar,Baking Goods,OUT004,Medium,Tier 2,Supermarket Type2,12.49,0.027,130.06,2009.0,3069.39
FD3761,Low Sugar,Snack Foods,OUT004,Medium,Tier 2,Supermarket Type2,11.76,0.021,158.84,2009.0,3493.01
NC1565,No Sugar,Others,OUT004,Medium,Tier 2,Supermarket Type2,11.84,0.122,140.23,2009.0,3129.85
FD4882,Low Sugar,Canned,OUT002,Small,Tier 3,Food Mart,9.35,0.049,102.96,1998.0,1804.36
FD6140,Low Sugar,Seafood,OUT004,Medium,Tier 2,Supermarket Type2,14.7,0.103,148.61,2009.0,3948.31
FD8606,Regular,Meat,OUT004,Medium,Tier 2,Supermarket Type2,14.1,0.031,155.49,2009.0,3953.57
FD2670,Low Sugar,Dairy,OUT004,Medium,Tier 2,Supermarket Type2,12.38,0.039,153.98,2009.0,3533.3
FD1871,Regular,Breakfast,OUT004,Medium,Tier 2,Supermarket Type2,12.98,0.043,137.31,2009.0,3328.49
FD3631,Low Sugar,Fruits and Vegetables,OUT004,Medium,Tier 2,Supermarket Type2,13.91,0.162,110.35,2009.0,2986.62
FD5750,Low Sugar,Fruits and Vegetables,OUT004,Medium,Tier 2,Supermarket Type2,13.46,0.011,142.12,2009.0,3534.96
FD3768,Low Sugar,Canned,OUT004,Medium,Tier 2,Supermarket Type2,11.05,0.081,119.87,2009.0,2535.28
NC7422,No Sugar,Health and Hygiene,OUT004,Medium,Tier 2,Supermarket Type2,11.51,0.064,161.13,2009.0,3483.35
FD7617,Regular,Canned,OUT004,Medium,Tier 2,Supermarket Type2,11.51,0.05,133.21,2009.0,2912.59
FD1670,Regular,Meat,OUT001,High,Tier 2,Supermarket Type1,14.26,0.026,181.37,1987.0,4519.54
FD4043,Low Sugar,Frozen Foods,OUT002,Small,Tier 3,Food Mart,9.67,0.035,120.82,1998.0,2241.67
FD2312,Low Sugar,Dairy,OUT004,Medium,Tier 2,Supermarket Type2,11.09,0.033,118.67,2009.0,2519.6
DR4116,Low Sugar,Soft Drinks,OUT002,Small,Tier 3,Food Mart,8.26,0.014,62.9,1998.0,738.97
FD3867,Low Sugar,Seafood,OUT004,Medium,Tier 2,Supermarket Type2,12.36,0.017,167.0,2009.0,3795.84
FD3902,Low Sugar,Canned,OUT002,Small,Tier 3,Food Mart,9.94,0.029,116.89,1998.0,2222.45
FD8280,Low Sugar,Snack Foods,OUT004,Medium,Tier 2,Supermarket Type2,10.66,0.1,160.32,2009.0,3275.36
FD376,Regular,Canned,OUT001,High,Tier 2,Supermarket Type1,15.21,0.035,159.27,1987.0,3629.33
FD3570,Regular,Baking Goods,OUT001,High,Tier 2,Supermarket Type1,12.88,0.026,89.6,1987.0,2329.47
FD6789,Regular,Frozen Foods,OUT004,Medium,Tier 2,Supermarket Type2,11.67,0.098,139.09,2009.0,3068.4
FD5532,Regular,Meat,OUT004,Medium,Tier 2,Supermarket Type2,9.72,0.029,142.16,2009.0,2690.35
DR6070,Regular,Soft Drinks,OUT004,Medium,Tier 2,Supermarket Type2,12.51,0.058,154.73,2009.0,3579.68
FD4843,Regular,Breads,OUT004,Medium,Tier 2,Supermarket Type2,12.74,0.048,162.51,2009.0,3790.61
FD1649,Low Sugar,Fruits and Vegetables,OUT004,Medium,Tier 2,Supermarket Type2,14.13,0.04,138.56,2009.0,3613.13
FD5124,Low Sugar,Baking Goods,OUT004,Medium,Tier 2,Supermarket Type2,10.15,0.108,131.3,2009.0,2564.81
FD3041,Low Sugar,Snack Foods,OUT004,Medium,Tier 2,Supermarket Type2,16.16,0.029,120.95,2009.0,3711.26
FD7555,Regular,Baking Goods,OUT004,Medium,Tier 2,Supermarket Type2,12.88,0.037,152.5,2009.0,3615.68
FD5561,Low Sugar,Snack Foods,OUT004,Medium,Tier 2,Supermarket Type2,10.7,0.068,169.33,2009.0,3467.96
FD2948,Low Sugar,Fruits and Vegetables,OUT004,Medium,Tier 2,Supermarket Type2,13.8,0.081,139.15,2009.0,3551.38
FD3011,Regular,Dairy,OUT004,Medium,Tier 2,Supermarket Type2,11.85,0.034,165.75,2009.0,3654.69
FD4604,Low Sugar,Fruits and Vegetables,OUT002,Small,Tier 3,Food Mart,9.19,0.023,101.21,1998.0,1734.26
DR2049,Low Sugar,Hard Drinks,OUT001,High,Tier 2,Supermarket Type1,12.94,0.028,174.83,1987.0,4086.83
FD4497,Regular,Fruits and Vegetables,OUT004,Medium,Tier 2,Supermarket Type2,13.17,0.034,122.91,2009.0,3077.27
FD4969,Low Sugar,Dairy,OUT004,Medium,Tier 2,Supermarket Type2,12.58,0.028,157.84,2009.0,3658.4
FD1402,Low Sugar,Meat,OUT001,High,Tier 2,Supermarket Type1,14.5,0.062,180.97,1987.0,4566.21
FD4898,Low Sugar,Canned,OUT004,Medium,Tier 2,Supermarket Type2,11.39,0.066,153.58,2009.0,3302.46
FD1107,Low Sugar,Fruits and Vegetables,OUT002,Small,Tier 3,Food Mart,7.96,0.034,86.72,1998.0,1159.75
DR2863,Low Sugar,Hard Drinks,OUT001,High,Tier 2,Supermarket Type1,14.59,0.183,161.64,1987.0,4189.17
FD6828,Low Sugar,Breads,OUT004,Medium,Tier 2,Supermarket Type2,13.65,0.011,159.29,2009.0,3929.81
NC629,No Sugar,Household,OUT004,Medium,Tier 2,Supermarket Type2,14.13,0.049,130.21,2009.0,3442.55
FD610,Regular,Baking Goods,OUT004,Medium,Tier 2,Supermarket Type2,10.64,0.025,144.63,2009.0,2948.97
NC823,No Sugar,Health and Hygiene,OUT004,Medium,Tier 2,Supermarket Type2,12.73,0.016,112.75,2009.0,2768.4
FD3536,Low Sugar,Baking Goods,OUT004,Medium,Tier 2,Supermarket Type2,14.6,0.015,147.56,2009.0,3903.07
NC3164,No Sugar,Health and Hygiene,OUT004,Medium,Tier 2,Supermarket Type2,12.47,0.017,174.78,2009.0,3980.71
DR6130,Regular,Soft Drinks,OUT004,Medium,Tier 2,Supermarket Type2,12.39,0.102,164.12,2009.0,3743.0
FD5038,Low Sugar,Snack Foods,OUT004,Medium,Tier 2,Supermarket Type2,17.24,0.091,104.03,2009.0,3610.59
FD922,Low Sugar,Frozen Foods,OUT004,Medium,Tier 2,Supermarket Type2,14.19,0.028,155.48,2009.0,3972.98
FD5905,Low Sugar,Dairy,OUT004,Medium,Tier 2,Supermarket Type2,11.29,0.071,154.96,2009.0,3307.82
FD5331,Low Sugar,Breads,OUT004,Medium,Tier 2,Supermarket Type2,13.35,0.137,153.74,2009.0,3748.06
FD5471,Regular,Dairy,OUT004,Medium,Tier 2,Supermarket Type2,14.51,0.111,118.48,2009.0,3289.17
FD796,Low Sugar,Snack Foods,OUT004,Medium,Tier 2,Supermarket Type2,15.34,0.076,123.15,2009.0,3571.23
DR7855,Low Sugar,Soft Drinks,OUT004,Medium,Tier 2,Supermarket Type2,11.76,0.128,132.95,2009.0,2962.38
FD1144,Low Sugar,Fruits and Vegetables,OUT002,Small,Tier 3,Food Mart,9.95,0.115,91.46,1998.0,1705.16
NC2300,No Sugar,Household,OUT002,Small,Tier 3,Food Mart,9.86,0.034,113.58,1998.0,2138.25
FD4418,Low Sugar,Frozen Foods,OUT004,Medium,Tier 2,Supermarket Type2,12.17,0.053,120.79,2009.0,2807.19
FD5157,Low Sugar,Snack Foods,OUT004,Medium,Tier 2,Supermarket Type2,12.96,0.076,149.13,2009.0,3564.55
FD2447,Regular,Meat,OUT002,Small,Tier 3,Food Mart,10.07,0.006,104.49,1998.0,1999.45
DR6635,Low Sugar,Hard Drinks,OUT004,Medium,Tier 2,Supermarket Type2,13.45,0.092,153.92,2009.0,3774.1
FD2138,Low Sugar,Dairy,OUT004,Medium,Tier 2,Supermarket Type2,10.7,0.021,136.6,2009.0,2799.52
NC7058,No Sugar,Health and Hygiene,OUT001,High,Tier 2,Supermarket Type1,10.29,0.023,123.32,1987.0,2434.95
DR2090,Regular,Soft Drinks,OUT001,High,Tier 2,Supermarket Type1,15.17,0.019,154.26,1987.0,4170.95
FD265,Low Sugar,Frozen Foods,OUT004,Medium,Tier 2,Supermarket Type2,12.34,0.04,145.92,2009.0,4169.21
FD5635,Regular,Fruits and Vegetables,OUT004,Medium,Tier 2,Supermarket Type2,12.34,0.085,145.17,2009.0,3344.33
FD7782,Low Sugar,Canned,OUT004,Medium,Tier 2,Supermarket Type2,11.44,0.042,153.91,2009.0,3320.72
NC1366,No Sugar,Health and Hygiene,OUT004,Medium,Tier 2,Supermarket Type2,12.32,0.042,138.03,2009.0,3192.75
FD6001,Low Sugar,Snack Foods,OUT001,High,Tier 2,Supermarket Type1,13.12,0.097,175.61,1987.0,4143.01
FD5732,Low Sugar,Frozen Foods,OUT002,Small,Tier 3,Food Mart,11.08,0.125,95.69,1998.0,2046.23
FD1851,Low Sugar,Dairy,OUT004,Medium,Tier 2,Supermarket Type2,10.87,0.122,130.32,2009.0,2708.12
FD1776,Low Sugar,Dairy,OUT004,Medium,Tier 2,Supermarket Type2,12.07,0.107,118.99,2009.0,2747.61
DR6917,Low Sugar,Hard Drinks,OUT004,Medium,Tier 2,Supermarket Type2,13.72,0.051,144.15,2009.0,3636.68
FD2599,Regular,Frozen Foods,OUT004,Medium,Tier 2,Supermarket Type2,12.1,0.006,108.13,2009.0,2533.09
DR6286,Low Sugar,Soft Drinks,OUT002,Small,Tier 3,Food Mart,9.37,0.049,94.63,1998.0,1638.08
FD8404,Regular,Snack Foods,OUT004,Medium,Tier 2,Supermarket Type2,16.52,0.121,111.49,2009.0,3599.12
NC6670,No Sugar,Health and Hygiene,OUT004,Medium,Tier 2,Supermarket Type2,12.69,0.022,150.53,2009.0,3533.01
DR3,Low Sugar,Hard Drinks,OUT002,Small,Tier 3,Food Mart,12.89,0.026,152.4,1998.0,1290.81
FD8206,Low Sugar,Meat,OUT002,Small,Tier 3,Food Mart,8.09,0.007,118.46,1998.0,1837.38
NC5119,No Sugar,Household,OUT001,High,Tier 2,Supermarket Type1,13.29,0.055,192.75,1987.0,4532.72
FD2406,Low Sugar,Baking Goods,OUT004,Medium,Tier 2,Supermarket Type2,12.54,0.077,135.28,2009.0,3187.17
NC888,No Sugar,Others,OUT001,High,Tier 2,Supermarket Type1,16.66,0.119,168.63,1987.0,4801.09
FD2655,Low Sugar,Starchy Foods,OUT004,Medium,Tier 2,Supermarket Type2,12.38,0.046,138.81,2009.0,3223.27
FD7317,Low Sugar,Frozen Foods,OUT004,Medium,Tier 2,Supermarket Type2,14.14,0.06,146.62,2009.0,3780.95
FD1241,Low Sugar,Frozen Foods,OUT002,Small,Tier 3,Food Mart,8.29,0.093,114.4,1998.0,1799.78
FD3019,Regular,Baking Goods,OUT004,Medium,Tier 2,Supermarket Type2,12.76,0.016,168.41,2009.0,3915.18
DR912,Low Sugar,Soft Drinks,OUT002,Small,Tier 3,Food Mart,10.98,0.122,107.51,1998.0,2266.26
FD4806,Low Sugar,Snack Foods,OUT004,Medium,Tier 2,Supermarket Type2,11.16,0.039,171.62,2009.0,3619.1
FD7635,Regular,Frozen Foods,OUT001,High,Tier 2,Supermarket Type1,14.5,0.06,192.2,1987.0,4794.54
FD2815,Low Sugar,Breads,OUT002,Small,Tier 3,Food Mart,8.38,0.064,109.73,1998.0,1725.49
NC704,No Sugar,Health and Hygiene,OUT004,Medium,Tier 2,Supermarket Type2,11.76,0.091,132.54,2009.0,2955.04
FD4666,Regular,Fruits and Vegetables,OUT004,Medium,Tier 2,Supermarket Type2,13.44,0.045,146.29,2009.0,3617.14
DR8292,Regular,Hard Drinks,OUT004,Medium,Tier 2,Supermarket Type2,11.2,0.014,181.94,2009.0,3840.12
FD4238,Low Sugar,Frozen Foods,OUT004,Medium,Tier 2,Supermarket Type2,12.21,0.045,132.91,2009.0,3065.05
FD5862,Low Sugar,Baking Goods,OUT004,Medium,Tier 2,Supermarket Type2,13.44,0.063,150.64,2009.0,3703.97
FD6966,Low Sugar,Breads,OUT004,Medium,Tier 2,Supermarket Type2,11.81,0.058,111.58,2009.0,2537.41
FD2278,Low Sugar,Frozen Foods,OUT004,Medium,Tier 2,Supermarket Type2,14.08,0.077,128.96,2009.0,3405.24
FD3679,Regular,Frozen Foods,OUT004,Medium,Tier 2,Supermarket Type2,12.24,0.139,145.07,2009.0,3320.95
FD282,Low Sugar,Fruits and Vegetables,OUT004,Medium,Tier 2,Supermarket Type2,13.49,0.017,150.9,2009.0,1990.61
FD6595,Regular,Dairy,OUT004,Medium,Tier 2,Supermarket Type2,12.21,0.019,176.25,2009.0,3951.99
FD66,Low Sugar,Frozen Foods,OUT001,High,Tier 2,Supermarket Type1,13.89,0.032,162.95,1987.0,4795.14
FD5497,Low Sugar,Fruits and Vegetables,OUT004,Medium,Tier 2,Supermarket Type2,13.43,0.07,146.63,2009.0,3619.93
FD184,Low Sugar,Dairy,OUT001,High,Tier 2,Supermarket Type1,11.18,0.042,115.08,1987.0,4047.09
FD3166,Regular,Baking Goods,OUT004,Medium,Tier 2,Supermarket Type2,10.96,0.08,124.72,2009.0,2615.11
FD26,Low Sugar,Frozen Foods,OUT001,High,Tier 2,Supermarket Type1,16.68,0.171,163.9,1987.0,3152.31
FD2095,Low Sugar,Frozen Foods,OUT004,Medium,Tier 2,Supermarket Type2,12.19,0.039,143.54,2009.0,3278.4
FD1811,Low Sugar,Meat,OUT004,Medium,Tier 2,Supermarket Type2,13.61,0.033,117.34,2009.0,3062.47
FD2855,Low Sugar,Meat,OUT004,Medium,Tier 2,Supermarket Type2,12.31,0.168,170.72,2009.0,3860.36
FD1706,Low Sugar,Fruits and Vegetables,OUT001,High,Tier 2,Supermarket Type1,14.01,0.158,194.58,1987.0,4732.96
FD5786,Regular,Baking Goods,OUT001,High,Tier 2,Supermarket Type1,12.59,0.057,208.93,1987.0,4706.24
FD1625,Low Sugar,Fruits and Vegetables,OUT004,Medium,Tier 2,Supermarket Type2,11.43,0.108,141.98,2009.0,3073.45
NC7285,No Sugar,Health and Hygiene,OUT004,Medium,Tier 2,Supermarket Type2,13.49,0.032,100.65,2009.0,2692.76
FD6793,Low Sugar,Snack Foods,OUT004,Medium,Tier 2,Supermarket Type2,11.61,0.062,140.06,2009.0,3073.93
NC2134,No Sugar,Household,OUT004,Medium,Tier 2,Supermarket Type2,13.39,0.056,151.59,2009.0,3712.95
FD4853,Low Sugar,Snack Foods,OUT004,Medium,Tier 2,Supermarket Type2,13.17,0.085,147.32,2009.0,3576.32
FD6571,Low Sugar,Dairy,OUT004,Medium,Tier 2,Supermarket Type2,14.63,0.044,110.11,2009.0,3143.6
FD4136,Regular,Frozen Foods,OUT001,High,Tier 2,Supermarket Type1,16.01,0.085,163.0,1987.0,4537.79
FD4770,Low Sugar,Dairy,OUT001,High,Tier 2,Supermarket Type1,14.64,0.053,152.11,1987.0,4006.94
NC4226,No Sugar,Household,OUT004,Medium,Tier 2,Supermarket Type2,11.12,0.071,173.06,2009.0,3639.43
FD6597,Low Sugar,Fruits and Vegetables,OUT004,Medium,Tier 2,Supermarket Type2,12.99,0.043,125.58,2009.0,3090.09
FD1538,Low Sugar,Fruits and Vegetables,OUT004,Medium,Tier 2,Supermarket Type2,11.37,0.042,148.76,2009.0,3199.75
DR6663,Regular,Hard Drinks,OUT001,High,Tier 2,Supermarket Type1,14.47,0.037,191.5,1987.0,4773.96
DR128,Low Sugar,Soft Drinks,OUT002,Small,Tier 3,Food Mart,9.76,0.044,118.38,1998.0,734.52
FD5235,Regular,Snack Foods,OUT002,Small,Tier 3,Food Mart,7.9,0.131,120.62,1998.0,1839.64
FD6896,Low Sugar,Fruits and Vegetables,OUT004,Medium,Tier 2,Supermarket Type2,13.99,0.058,122.83,2009.0,3259.16
NC1033,No Sugar,Household,OUT001,High,Tier 2,Supermarket Type1,14.73,0.031,194.18,1987.0,4888.66
DR840,Regular,Soft Drinks,OUT004,Medium,Tier 2,Supermarket Type2,11.01,0.016,136.7,2009.0,2870.86
FD4374,Low Sugar,Fruits and Vegetables,OUT004,Medium,Tier 2,Supermarket Type2,10.91,0.094,136.29,2009.0,2839.23
FD4423,Low Sugar,Starchy Foods,OUT004,Medium,Tier 2,Supermarket Type2,13.09,0.013,148.95,2009.0,3592.1
NC1147,No Sugar,Others,OUT002,Small,Tier 3,Food Mart,9.57,0.019,124.26,1998.0,2291.34
DR3104,Low Sugar,Soft Drinks,OUT004,Medium,Tier 2,Supermarket Type2,10.9,0.048,140.8,2009.0,2929.21
FD2509,Low Sugar,Frozen Foods,OUT001,High,Tier 2,Supermarket Type1,7.91,0.033,152.02,1987.0,2482.89
FD6847,Low Sugar,Dairy,OUT004,Medium,Tier 2,Supermarket Type2,11.37,0.04,161.5,2009.0,3460.0
FD8243,Low Sugar,Dairy,OUT004,Medium,Tier 2,Supermarket Type2,14.28,0.019,150.42,2009.0,3890.89
FD7346,Low Sugar,Dairy,OUT004,Medium,Tier 2,Supermarket Type2,10.19,0.036,196.33,2009.0,3904.73
FD3169,Low Sugar,Canned,OUT004,Medium,Tier 2,Supermarket Type2,10.89,0.021,134.76,2009.0,2803.56
FD6453,Low Sugar,Snack Foods,OUT004,Medium,Tier 2,Supermarket Type2,9.41,0.055,139.67,2009.0,2569.44
FD3504,Regular,Meat,OUT001,High,Tier 2,Supermarket Type1,14.42,0.07,155.14,1987.0,4017.75
FD409,Regular,Meat,OUT001,High,Tier 2,Supermarket Type1,14.33,0.098,194.7,1987.0,3721.52
DR3521,Low Sugar,Soft Drinks,OUT001,High,Tier 2,Supermarket Type1,14.9,0.083,152.82,1987.0,4079.52
FD3092,Regular,Frozen Foods,OUT002,Small,Tier 3,Food Mart,8.88,0.061,127.76,1998.0,2207.15
FD579,Regular,Baking Goods,OUT004,Medium,Tier 2,Supermarket Type2,10.41,0.032,189.38,2009.0,2549.72
NC1708,No Sugar,Health and Hygiene,OUT004,Medium,Tier 2,Supermarket Type2,12.64,0.015,163.81,2009.0,3794.48
NC619,No Sugar,Health and Hygiene,OUT001,High,Tier 2,Supermarket Type1,13.07,0.054,171.1,1987.0,4040.57
NC1846,No Sugar,Health and Hygiene,OUT004,Medium,Tier 2,Supermarket Type2,11.93,0.177,143.47,2009.0,3216.17
FD4713,Regular,Seafood,OUT001,High,Tier 2,Supermarket Type1,13.73,0.057,165.03,1987.0,4065.79
FD2818,Regular,Frozen Foods,OUT001,High,Tier 2,Supermarket Type1,16.7,0.129,134.75,1987.0,4116.93
FD5176,Low Sugar,Canned,OUT004,Medium,Tier 2,Supermarket Type2,11.7,0.032,156.24,2009.0,3425.48
DR2947,Low Sugar,Soft Drinks,OUT004,Medium,Tier 2,Supermarket Type2,11.62,0.184,135.03,2009.0,2974.58
NC490,No Sugar,Household,OUT002,Small,Tier 3,Food Mart,15.02,0.072,174.62,1998.0,2238.73
NC1600,No Sugar,Household,OUT001,High,Tier 2,Supermarket Type1,13.47,0.089,174.12,1987.0,4193.18
FD7689,Low Sugar,Dairy,OUT004,Medium,Tier 2,Supermarket Type2,11.57,0.116,131.07,2009.0,2880.87
NC3838,No Sugar,Others,OUT002,Small,Tier 3,Food Mart,9.63,0.03,101.46,1998.0,1837.94
FD760,Low Sugar,Canned,OUT002,Small,Tier 3,Food Mart,7.36,0.011,130.79,1998.0,1925.81
FD4231,Low Sugar,Meat,OUT004,Medium,Tier 2,Supermarket Type2,11.18,0.066,168.5,2009.0,3560.4
NC2033,No Sugar,Household,OUT001,High,Tier 2,Supermarket Type1,15.94,0.121,179.68,1987.0,4863.11
FD1568,Regular,Meat,OUT002,Small,Tier 3,Food Mart,8.19,0.03,121.32,1998.0,1917.51
FD7550,Low Sugar,Fruits and Vegetables,OUT004,Medium,Tier 2,Supermarket Type2,14.58,0.116,121.32,2009.0,3363.09
FD6203,Regular,Meat,OUT004,Medium,Tier 2,Supermarket Type2,11.1,0.018,154.97,2009.0,3264.05
FD129,Low Sugar,Meat,OUT002,Small,Tier 3,Food Mart,10.84,0.049,124.93,1998.0,1215.18
FD4872,Low Sugar,Frozen Foods,OUT004,Medium,Tier 2,Supermarket Type2,13.96,0.035,155.03,2009.0,3911.82
FD1237,reg,Fruits and Vegetables,OUT004,Medium,Tier 2,Supermarket Type2,12.2,0.067,161.51,2009.0,3646.72
FD5689,Low Sugar,Frozen Foods,OUT004,Medium,Tier 2,Supermarket Type2,11.98,0.052,141.31,2009.0,3183.95
FD8433,Low Sugar,Fruits and Vegetables,OUT002,Small,Tier 3,Food Mart,11.1,0.082,92.2,1998.0,1980.24
NC596,No Sugar,Health and Hygiene,OUT004,Medium,Tier 2,Supermarket Type2,14.12,0.041,156.9,2009.0,3313.58
FD4349,Low Sugar,Snack Foods,OUT004,Medium,Tier 2,Supermarket Type2,10.46,0.022,139.16,2009.0,2795.87
FD1880,Low Sugar,Canned,OUT001,High,Tier 2,Supermarket Type1,15.67,0.038,168.16,1987.0,4566.43
FD2001,Regular,Canned,OUT001,High,Tier 2,Supermarket Type1,14.22,0.083,158.94,1987.0,4050.02
FD7423,Low Sugar,Frozen Foods,OUT004,Medium,Tier 2,Supermarket Type2,15.62,0.164,133.28,2009.0,3843.39
FD8502,Low Sugar,Baking Goods,OUT004,Medium,Tier 2,Supermarket Type2,11.5,0.081,142.71,2009.0,3103.4
FD2856,Low Sugar,Fruits and Vegetables,OUT004,Medium,Tier 2,Supermarket Type2,11.11,0.123,160.23,2009.0,3375.53
DR4602,Low Sugar,Hard Drinks,OUT001,High,Tier 2,Supermarket Type1,13.93,0.037,164.37,1987.0,4097.06
FD8197,Low Sugar,Fruits and Vegetables,OUT004,Medium,Tier 2,Supermarket Type2,12.84,0.055,146.43,2009.0,3482.97
FD7576,Low Sugar,Starchy Foods,OUT004,Medium,Tier 2,Supermarket Type2,11.75,0.03,161.68,2009.0,3549.16
FD733,Low Sugar,Canned,OUT004,Medium,Tier 2,Supermarket Type2,12.17,0.057,132.28,2009.0,3041.4
FD4939,Low Sugar,Canned,OUT004,Medium,Tier 2,Supermarket Type2,12.39,0.026,160.13,2009.0,3661.32
FD8365,Low Sugar,Baking Goods,OUT004,Medium,Tier 2,Supermarket Type2,12.25,0.061,164.38,2009.0,3716.68
FD8393,Low Sugar,Breakfast,OUT004,Medium,Tier 2,Supermarket Type2,12.95,0.008,144.94,2009.0,3477.81
FD215,Low Sugar,Dairy,OUT004,Medium,Tier 2,Supermarket Type2,11.72,0.023,169.4,2009.0,3984.14
FD8213,Low Sugar,Dairy,OUT004,Medium,Tier 2,Supermarket Type2,11.4,0.016,118.04,2009.0,2577.08
FD4956,Regular,Frozen Foods,OUT004,Medium,Tier 2,Supermarket Type2,11.03,0.185,183.66,2009.0,3835.57
FD4887,Low Sugar,Frozen Foods,OUT001,High,Tier 2,Supermarket Type1,15.87,0.006,142.35,1987.0,4083.6
FD5706,Regular,Fruits and Vegetables,OUT004,Medium,Tier 2,Supermarket Type2,12.54,0.066,156.38,2009.0,3620.0
DR8240,Low Sugar,Soft Drinks,OUT004,Medium,Tier 2,Supermarket Type2,13.28,0.024,148.87,2009.0,3632.12
FD634,Low Sugar,Breads,OUT004,Medium,Tier 2,Supermarket Type2,12.87,0.029,160.47,2009.0,3778.34
FD7296,Regular,Canned,OUT004,Medium,Tier 2,Supermarket Type2,11.8,0.016,156.64,2009.0,3456.59
FD6005,Regular,Baking Goods,OUT004,Medium,Tier 2,Supermarket Type2,13.61,0.044,130.29,2009.0,3327.13
FD2636,Regular,Snack Foods,OUT004,Medium,Tier 2,Supermarket Type2,11.43,0.079,156.09,2009.0,3363.3
FD8181,Low Sugar,Dairy,OUT001,High,Tier 2,Supermarket Type1,12.91,0.049,172.4,1987.0,4029.86
DR5163,Regular,Hard Drinks,OUT004,Medium,Tier 2,Supermarket Type2,12.25,0.025,151.93,2009.0,3461.41
FD477,Low Sugar,Dairy,OUT001,High,Tier 2,Supermarket Type1,10.19,0.021,113.5,1987.0,2576.85
FD4101,Low Sugar,Fruits and Vegetables,OUT001,High,Tier 2,Supermarket Type1,15.78,0.024,176.85,1987.0,4769.29
FD8249,Low Sugar,Dairy,OUT004,Medium,Tier 2,Supermarket Type2,14.68,0.041,144.79,2009.0,3864.63
FD7295,Low Sugar,Meat,OUT004,Medium,Tier 2,Supermarket Type2,10.86,0.041,154.43,2009.0,3198.65
FD8248,Low Sugar,Snack Foods,OUT002,Small,Tier 3,Food Mart,9.5,0.033,118.06,1998.0,2146.99
FD7937,Regular,Snack Foods,OUT004,Medium,Tier 2,Supermarket Type2,10.93,0.179,125.73,2009.0,2627.43
FD2658,Low Sugar,Fruits and Vegetables,OUT002,Small,Tier 3,Food Mart,10.66,0.046,107.51,1998.0,2194.07
FD7193,Low Sugar,Snack Foods,OUT004,Medium,Tier 2,Supermarket Type2,13.05,0.168,137.46,2009.0,3347.38
FD3460,Regular,Canned,OUT004,Medium,Tier 2,Supermarket Type2,12.93,0.015,156.76,2009.0,3713.83
FD7373,Regular,Meat,OUT004,Medium,Tier 2,Supermarket Type2,11.17,0.085,166.17,2009.0,3509.94
NC3994,No Sugar,Household,OUT004,Medium,Tier 2,Supermarket Type2,11.41,0.113,143.49,2009.0,3099.47
FD8300,Low Sugar,Canned,OUT004,Medium,Tier 2,Supermarket Type2,9.72,0.114,146.37,2009.0,2776.24
FD1207,Low Sugar,Snack Foods,OUT004,Medium,Tier 2,Supermarket Type2,12.04,0.185,114.88,2009.0,2656.24
FD1982,Low Sugar,Baking Goods,OUT004,Medium,Tier 2,Supermarket Type2,13.04,0.044,143.05,2009.0,3459.64
FD861,Low Sugar,Snack Foods,OUT004,Medium,Tier 2,Supermarket Type2,12.88,0.044,98.09,2009.0,2503.26
FD1668,Regular,Frozen Foods,OUT004,Medium,Tier 2,Supermarket Type2,12.57,0.026,128.95,2009.0,3064.04
NC8173,No Sugar,Household,OUT002,Small,Tier 3,Food Mart,6.89,0.035,117.48,1998.0,1545.55
FD6918,Regular,Breads,OUT004,Medium,Tier 2,Supermarket Type2,14.36,0.085,150.85,2009.0,3916.43
FD4632,Low Sugar,Canned,OUT001,High,Tier 2,Supermarket Type1,10.39,0.172,122.25,1987.0,2435.61
FD793,Low Sugar,Dairy,OUT004,Medium,Tier 2,Supermarket Type2,11.95,0.081,154.0,2009.0,3436.69
NC5671,No Sugar,Household,OUT004,Medium,Tier 2,Supermarket Type2,10.23,0.012,128.13,2009.0,2517.99
FD4200,Low Sugar,Dairy,OUT004,Medium,Tier 2,Supermarket Type2,11.95,0.017,147.26,2009.0,3299.09
FD6062,Low Sugar,Snack Foods,OUT004,Medium,Tier 2,Supermarket Type2,13.23,0.191,129.25,2009.0,3219.22
FD4771,Low Sugar,Canned,OUT001,High,Tier 2,Supermarket Type1,11.69,0.068,101.83,1987.0,2309.79
FD1100,Regular,Dairy,OUT002,Small,Tier 3,Food Mart,10.72,0.129,106.39,1998.0,2185.42
FD3177,Low Sugar,Snack Foods,OUT004,Medium,Tier 2,Supermarket Type2,11.85,0.027,143.52,2009.0,3200.69
NC7369,No Sugar,Household,OUT004,Medium,Tier 2,Supermarket Type2,9.92,0.035,164.32,2009.0,3189.4
DR6306,reg,Soft Drinks,OUT004,Medium,Tier 2,Supermarket Type2,10.3,0.174,179.08,2009.0,3576.7
FD2523,Low Sugar,Baking Goods,OUT004,Medium,Tier 2,Supermarket Type2,11.49,0.12,129.33,2009.0,2829.07
DR1590,Low Sugar,Soft Drinks,OUT004,Medium,Tier 2,Supermarket Type2,14.2,0.049,149.21,2009.0,3847.88
FD489,Low Sugar,Snack Foods,OUT004,Medium,Tier 2,Supermarket Type2,12.0,0.048,148.72,2009.0,2089.06
NC1520,No Sugar,Health and Hygiene,OUT004,Medium,Tier 2,Supermarket Type2,13.08,0.019,97.93,2009.0,2545.17
FD2559,Low Sugar,Snack Foods,OUT004,Medium,Tier 2,Supermarket Type2,13.17,0.167,148.17,2009.0,3592.84
FD3779,Regular,Fruits and Vegetables,OUT004,Medium,Tier 2,Supermarket Type2,13.84,0.035,132.15,2009.0,3417.82
DR607,Regular,Soft Drinks,OUT004,Medium,Tier 2,Supermarket Type2,12.61,0.033,122.1,2009.0,2933.41
FD2019,Low Sugar,Fruits and Vegetables,OUT004,Medium,Tier 2,Supermarket Type2,12.91,0.047,163.6,2009.0,3851.34
FD2993,Regular,Frozen Foods,OUT004,Medium,Tier 2,Supermarket Type2,14.48,0.095,152.25,2009.0,3972.42
FD1223,Low Sugar,Dairy,OUT004,Medium,Tier 2,Supermarket Type2,11.79,0.009,114.28,2009.0,2587.35
NC559,No Sugar,Health and Hygiene,OUT004,Medium,Tier 2,Supermarket Type2,10.31,0.054,138.16,2009.0,4955.51
FD3258,Regular,Baking Goods,OUT004,Medium,Tier 2,Supermarket Type2,11.09,0.039,129.84,2009.0,2747.25
FD1385,Low Sugar,Fruits and Vegetables,OUT004,Medium,Tier 2,Supermarket Type2,11.79,0.079,151.57,2009.0,3351.46
DR8186,Low Sugar,Soft Drinks,OUT002,Small,Tier 3,Food Mart,11.16,0.042,89.14,1998.0,1930.81
NC7408,No Sugar,Household,OUT004,Medium,Tier 2,Supermarket Type2,11.95,0.052,112.04,2009.0,2578.75
FD8538,Regular,Fruits and Vegetables,OUT004,Medium,Tier 2,Supermarket Type2,13.65,0.014,157.15,2009.0,3886.7
FD3810,Regular,Snack Foods,OUT004,Medium,Tier 2,Supermarket Type2,11.96,0.05,147.06,2009.0,3297.14
FD8618,Regular,Fruits and Vegetables,OUT004,Medium,Tier 2,Supermarket Type2,12.49,0.047,124.68,2009.0,2958.3
FD3736,Low Sugar,Frozen Foods,OUT004,Medium,Tier 2,Supermarket Type2,13.08,0.044,114.66,2009.0,2888.39
NC5078,No Sugar,Health and Hygiene,OUT002,Small,Tier 3,Food Mart,11.08,0.016,106.32,1998.0,2264.96
FD3213,Low Sugar,Baking Goods,OUT004,Medium,Tier 2,Supermarket Type2,12.84,0.046,144.7,2009.0,3448.32
NC826,No Sugar,Others,OUT004,Medium,Tier 2,Supermarket Type2,14.53,0.095,147.44,2009.0,3886.34
FD5898,Regular,Dairy,OUT004,Medium,Tier 2,Supermarket Type2,11.33,0.043,121.44,2009.0,2630.34
FD8621,Low Sugar,Snack Foods,OUT004,Medium,Tier 2,Supermarket Type2,12.79,0.129,158.23,2009.0,3712.56
FD1104,Low Sugar,Fruits and Vegetables,OUT002,Small,Tier 3,Food Mart,10.24,0.056,114.45,1998.0,2240.86
FD8732,Low Sugar,Frozen Foods,OUT004,Medium,Tier 2,Supermarket Type2,12.05,0.05,170.25,2009.0,3791.25
FD2128,Low Sugar,Frozen Foods,OUT004,Medium,Tier 2,Supermarket Type2,9.3,0.009,142.03,2009.0,2593.56
FD4286,Low Sugar,Snack Foods,OUT004,Medium,Tier 2,Supermarket Type2,12.98,0.116,165.88,2009.0,3912.06
FD4040,Low Sugar,Frozen Foods,OUT004,Medium,Tier 2,Supermarket Type2,11.09,0.006,140.83,2009.0,2972.53
NC1114,No Sugar,Health and Hygiene,OUT004,Medium,Tier 2,Supermarket Type2,12.49,0.021,127.31,2009.0,3014.04
FD5625,Low Sugar,Canned,OUT004,Medium,Tier 2,Supermarket Type2,11.82,0.189,160.05,2009.0,3531.68
FD3523,Low Sugar,Dairy,OUT004,Medium,Tier 2,Supermarket Type2,15.03,0.066,117.04,2009.0,3376.82
NC5132,No Sugar,Household,OUT004,Medium,Tier 2,Supermarket Type2,9.06,0.023,142.99,2009.0,2559.58
DR1006,Low Sugar,Soft Drinks,OUT004,Medium,Tier 2,Supermarket Type2,13.31,0.14,165.0,2009.0,3969.56
FD6103,Low Sugar,Starchy Foods,OUT004,Medium,Tier 2,Supermarket Type2,13.94,0.036,121.2,2009.0,3216.47
FD8665,Low Sugar,Dairy,OUT004,Medium,Tier 2,Supermarket Type2,13.59,0.069,150.54,2009.0,3735.87
FD3997,Low Sugar,Snack Foods,OUT004,Medium,Tier 2,Supermarket Type2,12.03,0.044,126.03,2009.0,2883.92
NC2885,No Sugar,Others,OUT004,Medium,Tier 2,Supermarket Type2,8.9,0.076,145.36,2009.0,2571.72
DR5540,Low Sugar,Soft Drinks,OUT004,Medium,Tier 2,Supermarket Type2,12.89,0.153,170.29,2009.0,3983.47
FD8725,Low Sugar,Frozen Foods,OUT004,Medium,Tier 2,Supermarket Type2,13.52,0.019,137.98,2009.0,3463.59
NC3747,No Sugar,Household,OUT004,Medium,Tier 2,Supermarket Type2,12.81,0.067,153.02,2009.0,3611.34
FD6779,Low Sugar,Fruits and Vegetables,OUT002,Small,Tier 3,Food Mart,10.37,0.061,110.76,1998.0,2195.72
NC5421,No Sugar,Household,OUT004,Medium,Tier 2,Supermarket Type2,11.0,0.038,139.71,2009.0,2929.3
FD2418,Low Sugar,Snack Foods,OUT004,Medium,Tier 2,Supermarket Type2,11.64,0.05,126.35,2009.0,2801.59
FD1290,Low Sugar,Frozen Foods,OUT004,Medium,Tier 2,Supermarket Type2,11.59,0.065,139.67,2009.0,3063.39
NC2031,No Sugar,Household,OUT004,Medium,Tier 2,Supermarket Type2,12.64,0.065,115.04,2009.0,2796.34
FD6193,Low Sugar,Frozen Foods,OUT001,High,Tier 2,Supermarket Type1,14.2,0.049,162.54,1987.0,4119.73
FD2865,Regular,Canned,OUT001,High,Tier 2,Supermarket Type1,10.69,0.176,116.37,1987.0,2381.71
NC7529,No Sugar,Household,OUT001,High,Tier 2,Supermarket Type1,15.15,0.082,151.05,1987.0,4100.25
FD6157,Regular,Canned,OUT004,Medium,Tier 2,Supermarket Type2,11.84,0.072,116.18,2009.0,2638.99
FD6009,Low Sugar,Baking Goods,OUT004,Medium,Tier 2,Supermarket Type2,11.61,0.033,153.19,2009.0,3343.51
FD2667,Low Sugar,Snack Foods,OUT004,Medium,Tier 2,Supermarket Type2,9.76,0.07,153.64,2009.0,2934.21
FD3987,Regular,Dairy,OUT004,Medium,Tier 2,Supermarket Type2,10.28,0.069,130.75,2009.0,2584.82
FD5122,Low Sugar,Frozen Foods,OUT002,Small,Tier 3,Food Mart,8.57,0.061,120.74,1998.0,1991.81
FD4425,Low Sugar,Meat,OUT002,Small,Tier 3,Food Mart,10.31,0.133,114.65,1998.0,2261.67
FD6065,Low Sugar,Fruits and Vegetables,OUT004,Medium,Tier 2,Supermarket Type2,12.33,0.058,131.84,2009.0,3070.48
NC310,No Sugar,Health and Hygiene,OUT002,Small,Tier 3,Food Mart,9.11,0.031,122.34,1998.0,1082.24
FD1428,Low Sugar,Breads,OUT004,Medium,Tier 2,Supermarket Type2,13.03,0.151,129.73,2009.0,3183.78
NC5260,No Sugar,Health and Hygiene,OUT002,Small,Tier 3,Food Mart,9.82,0.009,103.11,1998.0,1913.25
FD4121,Regular,Baking Goods,OUT004,Medium,Tier 2,Supermarket Type2,10.0,0.006,160.82,2009.0,3135.2
FD3319,Low Sugar,Fruits and Vegetables,OUT004,Medium,Tier 2,Supermarket Type2,11.11,0.076,151.25,2009.0,3190.21
NC2805,No Sugar,Household,OUT001,High,Tier 2,Supermarket Type1,14.99,0.205,154.74,1987.0,4139.41
FD3242,Low Sugar,Fruits and Vegetables,OUT004,Medium,Tier 2,Supermarket Type2,10.61,0.007,146.33,2009.0,2976.26
FD2152,Low Sugar,Dairy,OUT002,Small,Tier 3,Food Mart,8.25,0.123,100.0,1998.0,1495.15
FD6039,Regular,Breads,OUT004,Medium,Tier 2,Supermarket Type2,11.99,0.091,176.49,2009.0,3906.85
FD612,Low Sugar,Baking Goods,OUT004,Medium,Tier 2,Supermarket Type2,14.12,0.099,126.73,2009.0,3369.64
FD5439,Low Sugar,Dairy,OUT002,Small,Tier 3,Food Mart,8.82,0.077,88.15,1998.0,1381.86
FD5423,Regular,Snack Foods,OUT004,Medium,Tier 2,Supermarket Type2,15.8,0.111,130.46,2009.0,3824.51
NC7347,No Sugar,Health and Hygiene,OUT004,Medium,Tier 2,Supermarket Type2,12.34,0.062,150.26,2009.0,3448.7
FD8546,Low Sugar,Meat,OUT004,Medium,Tier 2,Supermarket Type2,12.6,0.03,160.34,2009.0,3712.5
NC1050,No Sugar,Health and Hygiene,OUT001,High,Tier 2,Supermarket Type1,16.12,0.12,175.82,1987.0,4825.55
FD6413,Regular,Canned,OUT004,Medium,Tier 2,Supermarket Type2,9.74,0.065,183.82,2009.0,3547.38
FD8537,Low Sugar,Meat,OUT004,Medium,Tier 2,Supermarket Type2,12.27,0.036,134.43,2009.0,3110.1
DR2892,Regular,Soft Drinks,OUT001,High,Tier 2,Supermarket Type1,14.87,0.097,151.69,1987.0,4049.79
FD2963,Low Sugar,Fruits and Vegetables,OUT004,Medium,Tier 2,Supermarket Type2,13.31,0.041,153.11,2009.0,3726.57
FD2511,Low Sugar,Fruits and Vegetables,OUT004,Medium,Tier 2,Supermarket Type2,14.21,0.142,152.13,2009.0,3909.55
FD517,Regular,Frozen Foods,OUT004,Medium,Tier 2,Supermarket Type2,12.6,0.025,137.95,2009.0,4586.4
FD5309,Low Sugar,Baking Goods,OUT001,High,Tier 2,Supermarket Type1,14.85,0.13,182.46,1987.0,4675.62
FD1913,Low Sugar,Fruits and Vegetables,OUT004,Medium,Tier 2,Supermarket Type2,12.35,0.044,137.24,2009.0,3183.55
FD3963,Regular,Canned,OUT002,Small,Tier 3,Food Mart,11.15,0.032,101.23,1998.0,2177.2
NC5304,No Sugar,Household,OUT004,Medium,Tier 2,Supermarket Type2,12.12,0.076,117.73,2009.0,2733.98
FD5957,Low Sugar,Fruits and Vegetables,OUT001,High,Tier 2,Supermarket Type1,12.57,0.189,217.09,1987.0,4867.75
FD2401,Regular,Snack Foods,OUT004,Medium,Tier 2,Supermarket Type2,11.67,0.107,122.42,2009.0,2727.11
FD757,Regular,Canned,OUT004,Medium,Tier 2,Supermarket Type2,11.49,0.064,148.49,2009.0,3221.39
NC2448,No Sugar,Health and Hygiene,OUT004,Medium,Tier 2,Supermarket Type2,12.92,0.053,164.32,2009.0,3868.24
FD7073,Low Sugar,Canned,OUT004,Medium,Tier 2,Supermarket Type2,9.28,0.136,138.34,2009.0,2512.21
FD5336,Regular,Breakfast,OUT001,High,Tier 2,Supermarket Type1,14.43,0.108,159.35,1987.0,4106.38
FD2057,Low Sugar,Snack Foods,OUT004,Medium,Tier 2,Supermarket Type2,12.79,0.036,145.74,2009.0,3457.71
DR7367,Regular,Soft Drinks,OUT004,Medium,Tier 2,Supermarket Type2,11.17,0.031,128.6,2009.0,2740.16
FD1618,Low Sugar,Dairy,OUT001,High,Tier 2,Supermarket Type1,10.59,0.074,122.2,1987.0,2479.34
FD4522,Low Sugar,Canned,OUT002,Small,Tier 3,Food Mart,8.85,0.123,113.28,1998.0,1902.66
FD482,Regular,Baking Goods,OUT004,Medium,Tier 2,Supermarket Type2,14.84,0.054,112.86,2009.0,3155.42
DR1356,reg,Soft Drinks,OUT001,High,Tier 2,Supermarket Type1,15.51,0.073,170.86,1987.0,4585.58
FD5570,Regular,Baking Goods,OUT001,High,Tier 2,Supermarket Type1,14.25,0.076,158.34,1987.0,4046.16
FD4269,Low Sugar,Snack Foods,OUT001,High,Tier 2,Supermarket Type1,13.04,0.058,91.53,1987.0,2405.69
FD2890,Low Sugar,Snack Foods,OUT004,Medium,Tier 2,Supermarket Type2,11.41,0.061,137.23,2009.0,2971.04
FD6495,Low Sugar,Meat,OUT001,High,Tier 2,Supermarket Type1,14.32,0.058,156.33,1987.0,4020.89
FD6313,reg,Meat,OUT001,High,Tier 2,Supermarket Type1,14.47,0.024,191.08,1987.0,4764.56
FD626,Low Sugar,Fruits and Vegetables,OUT004,Medium,Tier 2,Supermarket Type2,12.81,0.066,157.7,2009.0,3706.67
NC1464,No Sugar,Health and Hygiene,OUT002,Small,Tier 3,Food Mart,8.96,0.022,129.98,1998.0,2269.34
FD3698,Regular,Dairy,OUT004,Medium,Tier 2,Supermarket Type2,11.72,0.09,144.77,2009.0,3196.44
NC2759,No Sugar,Health and Hygiene,OUT004,Medium,Tier 2,Supermarket Type2,11.83,0.045,162.44,2009.0,3582.89
DR6954,Regular,Soft Drinks,OUT004,Medium,Tier 2,Supermarket Type2,11.61,0.062,150.7,2009.0,3292.23
FD6152,Low Sugar,Snack Foods,OUT002,Small,Tier 3,Food Mart,9.37,0.068,104.81,1998.0,1847.26
FD1796,Low Sugar,Fruits and Vegetables,OUT004,Medium,Tier 2,Supermarket Type2,11.89,0.061,134.16,2009.0,3018.46
NC4874,No Sugar,Household,OUT004,Medium,Tier 2,Supermarket Type2,14.43,0.021,147.12,2009.0,3855.59
FD457,Regular,Canned,OUT002,Small,Tier 3,Food Mart,10.0,0.156,108.64,1998.0,1509.55
NC8539,No Sugar,Household,OUT001,High,Tier 2,Supermarket Type1,10.07,0.036,123.41,1987.0,2386.89
FD880,reg,Snack Foods,OUT001,High,Tier 2,Supermarket Type1,14.08,0.121,159.31,1987.0,4028.09
NC4951,No Sugar,Household,OUT004,Medium,Tier 2,Supermarket Type2,12.79,0.015,150.11,2009.0,3547.77
FD7463,Low Sugar,Dairy,OUT004,Medium,Tier 2,Supermarket Type2,14.41,0.125,141.15,2009.0,3730.7
FD4279,Low Sugar,Fruits and Vegetables,OUT002,Small,Tier 3,Food Mart,7.93,0.012,119.38,1998.0,1819.35
FD4543,Low Sugar,Frozen Foods,OUT001,High,Tier 2,Supermarket Type1,14.02,0.067,197.16,1987.0,4788.57
FD6956,Low Sugar,Fruits and Vegetables,OUT004,Medium,Tier 2,Supermarket Type2,12.5,0.009,152.62,2009.0,3533.15
FD4024,Low Sugar,Snack Foods,OUT002,Small,Tier 3,Food Mart,9.61,0.014,122.88,1998.0,2270.91
FD3243,Low Sugar,Dairy,OUT004,Medium,Tier 2,Supermarket Type2,12.53,0.153,138.85,2009.0,3257.83
FD1,Low Sugar,Meat,OUT002,Small,Tier 3,Food Mart,7.71,0.029,148.91,1998.0,2072.75
FD3088,Low Sugar,Frozen Foods,OUT002,Small,Tier 3,Food Mart,9.94,0.184,92.19,1998.0,1717.23
FD5523,Regular,Dairy,OUT002,Small,Tier 3,Food Mart,9.55,0.127,100.28,1998.0,1795.75
FD5032,Low Sugar,Baking Goods,OUT004,Medium,Tier 2,Supermarket Type2,12.09,0.1,140.01,2009.0,3183.12
NC5769,No Sugar,Household,OUT004,Medium,Tier 2,Supermarket Type2,10.62,0.046,148.78,2009.0,3029.36
FD6906,Low Sugar,Snack Foods,OUT004,Medium,Tier 2,Supermarket Type2,12.85,0.112,154.57,2009.0,3651.71
FD3248,Low Sugar,Snack Foods,OUT004,Medium,Tier 2,Supermarket Type2,12.19,0.137,140.54,2009.0,3214.91
FD6768,Regular,Canned,OUT004,Medium,Tier 2,Supermarket Type2,10.47,0.01,130.16,2009.0,2614.32
FD632,Low Sugar,Snack Foods,OUT002,Small,Tier 3,Food Mart,8.43,0.124,128.61,1998.0,2122.69
FD7606,Regular,Meat,OUT004,Medium,Tier 2,Supermarket Type2,13.19,0.062,160.97,2009.0,3859.03
FD8414,Low Sugar,Starchy Foods,OUT004,Medium,Tier 2,Supermarket Type2,12.77,0.046,165.71,2009.0,3861.91
DR6388,Regular,Soft Drinks,OUT004,Medium,Tier 2,Supermarket Type2,12.13,0.033,140.19,2009.0,3194.27
FD3798,Low Sugar,Dairy,OUT001,High,Tier 2,Supermarket Type1,16.28,0.047,136.19,1987.0,4050.33
NC3789,No Sugar,Health and Hygiene,OUT004,Medium,Tier 2,Supermarket Type2,13.36,0.037,133.38,2009.0,3333.65
FD2789,Regular,Canned,OUT004,Medium,Tier 2,Supermarket Type2,11.01,0.047,127.09,2009.0,2672.84
NC8099,No Sugar,Household,OUT002,Small,Tier 3,Food Mart,10.93,0.083,105.58,1998.0,2215.86
FD2976,Low Sugar,Frozen Foods,OUT001,High,Tier 2,Supermarket Type1,13.74,0.01,164.74,1987.0,4061.65
FD7836,Low Sugar,Dairy,OUT001,High,Tier 2,Supermarket Type1,11.73,0.017,104.99,1987.0,2385.32
FD3214,Low Sugar,Fruits and Vegetables,OUT004,Medium,Tier 2,Supermarket Type2,13.32,0.047,142.68,2009.0,3514.42
FD8195,Regular,Baking Goods,OUT001,High,Tier 2,Supermarket Type1,13.69,0.126,163.53,1987.0,4024.95
NC4407,No Sugar,Household,OUT004,Medium,Tier 2,Supermarket Type2,11.15,0.013,169.36,2009.0,3570.85
FD7974,Low Sugar,Dairy,OUT004,Medium,Tier 2,Supermarket Type2,10.52,0.045,153.92,2009.0,3111.69
NC2530,No Sugar,Health and Hygiene,OUT004,Medium,Tier 2,Supermarket Type2,13.41,0.078,150.61,2009.0,3698.86
NC378,No Sugar,Health and Hygiene,OUT001,High,Tier 2,Supermarket Type1,14.9,0.049,171.89,1987.0,4758.46
NC4493,No Sugar,Health and Hygiene,OUT001,High,Tier 2,Supermarket Type1,13.73,0.031,171.24,1987.0,4192.94
FD6746,Low Sugar,Dairy,OUT004,Medium,Tier 2,Supermarket Type2,13.85,0.146,151.4,2009.0,3812.51
DR1528,Low Sugar,Soft Drinks,OUT002,Small,Tier 3,Food Mart,7.73,0.022,136.35,1998.0,2123.33
FD1230,Low Sugar,Fruits and Vegetables,OUT004,Medium,Tier 2,Supermarket Type2,10.4,0.059,137.67,2009.0,2752.13
FD8151,Regular,Snack Foods,OUT004,Medium,Tier 2,Supermarket Type2,10.26,0.034,138.92,2009.0,2747.46
FD2261,Low Sugar,Breads,OUT004,Medium,Tier 2,Supermarket Type2,11.76,0.151,116.27,2009.0,2622.06
DR3298,Low Sugar,Soft Drinks,OUT004,Medium,Tier 2,Supermarket Type2,13.87,0.038,143.86,2009.0,3662.72
FD537,Regular,Canned,OUT004,Medium,Tier 2,Supermarket Type2,12.36,0.035,176.08,2009.0,4337.86
FD1138,Low Sugar,Fruits and Vegetables,OUT004,Medium,Tier 2,Supermarket Type2,12.19,0.026,106.44,2009.0,2518.5
FD6432,Low Sugar,Snack Foods,OUT004,Medium,Tier 2,Supermarket Type2,13.48,0.175,123.66,2009.0,3161.27
FD6652,Regular,Meat,OUT004,Medium,Tier 2,Supermarket Type2,8.12,0.038,167.21,2009.0,2842.08
FD2689,Low Sugar,Dairy,OUT004,Medium,Tier 2,Supermarket Type2,13.08,0.014,139.35,2009.0,3392.55
FD4556,Low Sugar,Dairy,OUT004,Medium,Tier 2,Supermarket Type2,9.29,0.043,139.78,2009.0,2545.34
FD2489,Regular,Baking Goods,OUT004,Medium,Tier 2,Supermarket Type2,11.72,0.101,116.19,2009.0,2610.53
DR5266,Low Sugar,Soft Drinks,OUT004,Medium,Tier 2,Supermarket Type2,9.37,0.086,157.13,2009.0,2917.94
FD5646,Low Sugar,Dairy,OUT001,High,Tier 2,Supermarket Type1,14.0,0.039,197.4,1987.0,4788.51
FD616,Regular,Fruits and Vegetables,OUT001,High,Tier 2,Supermarket Type1,13.61,0.038,189.27,1987.0,4534.59
FD2121,Low Sugar,Breads,OUT004,Medium,Tier 2,Supermarket Type2,11.43,0.138,143.95,2009.0,3113.63
FD167,Low Sugar,Baking Goods,OUT002,Small,Tier 3,Food Mart,12.95,0.027,168.21,1998.0,860.61
FD6287,Low Sugar,Dairy,OUT001,High,Tier 2,Supermarket Type1,15.29,0.082,189.49,1987.0,4918.47
FD4862,Low Sugar,Snack Foods,OUT004,Medium,Tier 2,Supermarket Type2,12.77,0.081,146.32,2009.0,3466.02
FD3281,Low Sugar,Fruits and Vegetables,OUT002,Small,Tier 3,Food Mart,8.0,0.009,105.61,1998.0,1554.62
FD6372,Regular,Fruits and Vegetables,OUT002,Small,Tier 3,Food Mart,8.72,0.076,120.93,1998.0,2029.95
FD103,Low Sugar,Dairy,OUT004,Medium,Tier 2,Supermarket Type2,13.62,0.074,129.19,2009.0,3827.27
FD6675,Low Sugar,Dairy,OUT004,Medium,Tier 2,Supermarket Type2,13.64,0.154,153.85,2009.0,3815.48
NC6672,No Sugar,Others,OUT004,Medium,Tier 2,Supermarket Type2,10.98,0.133,120.13,2009.0,2525.08
FD5890,reg,Dairy,OUT004,Medium,Tier 2,Supermarket Type2,13.57,0.044,121.38,2009.0,3135.0
NC273,No Sugar,Health and Hygiene,OUT004,Medium,Tier 2,Supermarket Type2,14.34,0.031,121.28,2009.0,5130.16
FD4271,Regular,Fruits and Vegetables,OUT004,Medium,Tier 2,Supermarket Type2,13.28,0.141,140.08,2009.0,3452.88
FD3893,Regular,Seafood,OUT004,Medium,Tier 2,Supermarket Type2,12.67,0.119,152.41,2009.0,3567.79
FD5099,reg,Breads,OUT001,High,Tier 2,Supermarket Type1,15.04,0.024,196.19,1987.0,4997.63
FD4735,Low Sugar,Breads,OUT004,Medium,Tier 2,Supermarket Type2,13.3,0.054,157.11,2009.0,3806.03
FD5878,Low Sugar,Fruits and Vegetables,OUT004,Medium,Tier 2,Supermarket Type2,12.16,0.034,156.17,2009.0,3529.72
FD4222,Low Sugar,Fruits and Vegetables,OUT001,High,Tier 2,Supermarket Type1,15.1,0.292,151.74,1987.0,4102.13
NC5897,No Sugar,Health and Hygiene,OUT001,High,Tier 2,Supermarket Type1,12.57,0.015,206.35,1987.0,4649.0
FD2105,Regular,Frozen Foods,OUT004,Medium,Tier 2,Supermarket Type2,12.51,0.132,155.12,2009.0,3586.27
FD689,Low Sugar,Dairy,OUT002,Small,Tier 3,Food Mart,10.05,0.014,109.17,1998.0,2091.17
NC3790,No Sugar,Health and Hygiene,OUT004,Medium,Tier 2,Supermarket Type2,14.44,0.04,152.21,2009.0,3962.13
FD6683,Low Sugar,Seafood,OUT002,Small,Tier 3,Food Mart,10.88,0.058,105.11,1998.0,2195.23
FD7945,Low Sugar,Snack Foods,OUT001,High,Tier 2,Supermarket Type1,10.01,0.062,122.51,1987.0,2355.26
FD4081,Regular,Baking Goods,OUT001,High,Tier 2,Supermarket Type1,14.67,0.062,157.49,1987.0,4123.39
FD77,Low Sugar,Dairy,OUT002,Small,Tier 3,Food Mart,6.44,0.007,79.33,1998.0,1323.04
FD3470,Low Sugar,Fruits and Vegetables,OUT004,Medium,Tier 2,Supermarket Type2,12.82,0.036,167.49,2009.0,3909.01
NC8103,No Sugar,Household,OUT002,Small,Tier 3,Food Mart,11.18,0.107,100.57,1998.0,2170.67
FD2318,Low Sugar,Fruits and Vegetables,OUT004,Medium,Tier 2,Supermarket Type2,13.75,0.054,148.99,2009.0,3740.76
FD1492,Low Sugar,Baking Goods,OUT004,Medium,Tier 2,Supermarket Type2,12.39,0.015,171.28,2009.0,3890.84
NC8609,No Sugar,Others,OUT004,Medium,Tier 2,Supermarket Type2,9.84,0.093,146.17,2009.0,2800.3
FD3332,Low Sugar,Meat,OUT004,Medium,Tier 2,Supermarket Type2,9.97,0.038,137.62,2009.0,2655.24
FD5440,Low Sugar,Fruits and Vegetables,OUT004,Medium,Tier 2,Supermarket Type2,12.51,0.019,123.78,2009.0,2946.0
DR2222,Regular,Soft Drinks,OUT002,Small,Tier 3,Food Mart,11.14,0.1,107.07,1998.0,2294.76
FD7690,Low Sugar,Snack Foods,OUT001,High,Tier 2,Supermarket Type1,14.41,0.12,202.29,1987.0,4980.02
FD5422,Low Sugar,Frozen Foods,OUT004,Medium,Tier 2,Supermarket Type2,13.73,0.031,121.84,2009.0,3180.54
FD3111,Regular,Fruits and Vegetables,OUT004,Medium,Tier 2,Supermarket Type2,12.14,0.047,132.51,2009.0,3041.1
FD1466,Low Sugar,Fruits and Vegetables,OUT004,Medium,Tier 2,Supermarket Type2,13.21,0.138,110.99,2009.0,2842.79
FD8178,Low Sugar,Baking Goods,OUT004,Medium,Tier 2,Supermarket Type2,11.5,0.021,131.1,2009.0,2866.1
NC3195,No Sugar,Household,OUT004,Medium,Tier 2,Supermarket Type2,12.1,0.076,113.74,2009.0,2647.78
NC5198,No Sugar,Household,OUT004,Medium,Tier 2,Supermarket Type2,12.02,0.133,172.95,2009.0,3840.93
FD1307,Low Sugar,Fruits and Vegetables,OUT004,Medium,Tier 2,Supermarket Type2,8.87,0.014,161.19,2009.0,2887.99
FD6574,Regular,Meat,OUT002,Small,Tier 3,Food Mart,9.55,0.137,80.61,1998.0,1392.26
FD8407,Low Sugar,Fruits and Vegetables,OUT001,High,Tier 2,Supermarket Type1,12.05,0.235,105.32,1987.0,2463.43
NC3168,No Sugar,Health and Hygiene,OUT001,High,Tier 2,Supermarket Type1,13.36,0.142,166.4,1987.0,4010.25
FD3438,Regular,Snack Foods,OUT004,Medium,Tier 2,Supermarket Type2,13.48,0.092,107.02,2009.0,2822.62
FD8122,Low Sugar,Meat,OUT004,Medium,Tier 2,Supermarket Type2,14.45,0.089,130.31,2009.0,3517.84
FD540,Regular,Fruits and Vegetables,OUT004,Medium,Tier 2,Supermarket Type2,13.41,0.029,159.99,2009.0,2495.13
DR8561,Regular,Soft Drinks,OUT001,High,Tier 2,Supermarket Type1,11.13,0.035,110.81,1987.0,2366.89
FD4920,Low Sugar,Starchy Foods,OUT002,Small,Tier 3,Food Mart,11.14,0.076,102.47,1998.0,2200.65
NC4448,No Sugar,Health and Hygiene,OUT001,High,Tier 2,Supermarket Type1,14.06,0.041,82.53,1987.0,2450.37
NC4928,No Sugar,Health and Hygiene,OUT002,Small,Tier 3,Food Mart,9.74,0.097,95.46,1998.0,1739.07
FD4856,Low Sugar,Frozen Foods,OUT002,Small,Tier 3,Food Mart,8.62,0.016,110.99,1998.0,1805.06
FD7178,Regular,Meat,OUT001,High,Tier 2,Supermarket Type1,12.25,0.031,102.71,1987.0,2456.43
FD1030,Low Sugar,Frozen Foods,OUT004,Medium,Tier 2,Supermarket Type2,11.95,0.12,127.05,2009.0,2886.22
FD3061,Regular,Baking Goods,OUT002,Small,Tier 3,Food Mart,8.49,0.052,108.7,1998.0,1728.74
NC7477,No Sugar,Household,OUT004,Medium,Tier 2,Supermarket Type2,11.59,0.039,123.02,2009.0,2721.28
FD370,Low Sugar,Snack Foods,OUT001,High,Tier 2,Supermarket Type1,11.37,0.014,191.25,1987.0,3727.97
FD7661,Low Sugar,Frozen Foods,OUT004,Medium,Tier 2,Supermarket Type2,9.81,0.05,156.67,2009.0,3008.65
NC7491,No Sugar,Household,OUT004,Medium,Tier 2,Supermarket Type2,10.99,0.112,127.18,2009.0,2670.65
FD5226,Regular,Meat,OUT004,Medium,Tier 2,Supermarket Type2,10.11,0.094,135.27,2009.0,2638.8
FD1993,Regular,Canned,OUT004,Medium,Tier 2,Supermarket Type2,10.72,0.119,127.9,2009.0,2626.22
FD2112,Regular,Frozen Foods,OUT004,Medium,Tier 2,Supermarket Type2,10.27,0.014,158.01,2009.0,3138.69
FD1709,Low Sugar,Meat,OUT004,Medium,Tier 2,Supermarket Type2,11.22,0.027,144.32,2009.0,3075.12
FD5145,Low Sugar,Baking Goods,OUT004,Medium,Tier 2,Supermarket Type2,13.17,0.032,147.65,2009.0,3582.18
NC7098,No Sugar,Household,OUT001,High,Tier 2,Supermarket Type1,12.4,0.092,183.95,1987.0,4152.28
FD5416,Low Sugar,Baking Goods,OUT004,Medium,Tier 2,Supermarket Type2,11.48,0.106,132.64,2009.0,2894.0
FD7768,Regular,Breads,OUT001,High,Tier 2,Supermarket Type1,13.27,0.074,202.24,1987.0,4722.32
FD7062,Regular,Dairy,OUT004,Medium,Tier 2,Supermarket Type2,16.01,0.032,135.05,2009.0,3967.88
FD4195,Regular,Frozen Foods,OUT004,Medium,Tier 2,Supermarket Type2,9.62,0.126,137.73,2009.0,2577.22
FD6585,Regular,Canned,OUT004,Medium,Tier 2,Supermarket Type2,14.3,0.02,138.49,2009.0,3650.65
FD3993,Low Sugar,Canned,OUT004,Medium,Tier 2,Supermarket Type2,11.0,0.053,135.31,2009.0,2839.28
FD4619,Regular,Meat,OUT004,Medium,Tier 2,Supermarket Type2,11.36,0.057,120.57,2009.0,2618.68
FD2588,Low Sugar,Snack Foods,OUT002,Small,Tier 3,Food Mart,11.81,0.049,91.15,1998.0,2118.65
FD6916,Low Sugar,Dairy,OUT004,Medium,Tier 2,Supermarket Type2,14.76,0.113,129.19,2009.0,3565.58
FD8702,Low Sugar,Dairy,OUT004,Medium,Tier 2,Supermarket Type2,12.01,0.016,131.45,2009.0,2989.68
FD7198,Low Sugar,Meat,OUT004,Medium,Tier 2,Supermarket Type2,14.68,0.063,115.49,2009.0,3266.3
FD4367,Regular,Baking Goods,OUT004,Medium,Tier 2,Supermarket Type2,10.98,0.048,156.24,2009.0,3264.52
FD2251,Low Sugar,Fruits and Vegetables,OUT004,Medium,Tier 2,Supermarket Type2,11.99,0.094,125.16,2009.0,2856.48
FD6638,Low Sugar,Snack Foods,OUT004,Medium,Tier 2,Supermarket Type2,13.94,0.084,153.75,2009.0,3882.8
NC5811,No Sugar,Household,OUT002,Small,Tier 3,Food Mart,11.25,0.031,105.49,1998.0,2285.7
FD5190,Regular,Baking Goods,OUT004,Medium,Tier 2,Supermarket Type2,13.28,0.137,157.24,2009.0,3804.07
FD5886,Low Sugar,Breads,OUT004,Medium,Tier 2,Supermarket Type2,10.55,0.188,130.38,2009.0,2637.17
FD5901,Regular,Baking Goods,OUT004,Medium,Tier 2,Supermarket Type2,11.54,0.175,178.34,2009.0,3842.54
DR3683,Regular,Soft Drinks,OUT004,Medium,Tier 2,Supermarket Type2,13.92,0.024,132.01,2009.0,3433.38
FD248,Regular,Meat,OUT001,High,Tier 2,Supermarket Type1,12.13,0.099,188.2,1987.0,3233.31
FD1306,Low Sugar,Fruits and Vegetables,OUT001,High,Tier 2,Supermarket Type1,16.65,0.027,166.25,1987.0,4749.28
FD5930,Regular,Fruits and Vegetables,OUT001,High,Tier 2,Supermarket Type1,12.98,0.228,171.48,1987.0,4026.28
FD657,Low Sugar,Snack Foods,OUT004,Medium,Tier 2,Supermarket Type2,10.55,0.077,150.88,2009.0,3057.49
DR4048,Low Sugar,Soft Drinks,OUT004,Medium,Tier 2,Supermarket Type2,11.18,0.027,147.62,2009.0,3133.03
FD3109,Low Sugar,Meat,OUT001,High,Tier 2,Supermarket Type1,15.28,0.029,151.04,1987.0,4128.57
NC6365,No Sugar,Others,OUT004,Medium,Tier 2,Supermarket Type2,12.36,0.106,106.18,2009.0,2552.24
FD5952,Regular,Fruits and Vegetables,OUT002,Small,Tier 3,Food Mart,9.63,0.035,62.64,1998.0,1044.19
FD1181,Low Sugar,Dairy,OUT001,High,Tier 2,Supermarket Type1,12.35,0.094,182.43,1987.0,4109.54
FD3295,Low Sugar,Baking Goods,OUT004,Medium,Tier 2,Supermarket Type2,11.5,0.025,134.27,2009.0,2931.39
FD5884,reg,Canned,OUT004,Medium,Tier 2,Supermarket Type2,12.91,0.031,146.91,2009.0,3508.26
FD3581,Low Sugar,Breads,OUT004,Medium,Tier 2,Supermarket Type2,13.24,0.085,153.86,2009.0,3725.29
FD151,Low Sugar,Snack Foods,OUT001,High,Tier 2,Supermarket Type1,15.15,0.066,196.83,1987.0,2769.49
FD6482,Low Sugar,Canned,OUT004,Medium,Tier 2,Supermarket Type2,12.51,0.014,133.07,2009.0,3136.42
FD2184,Regular,Snack Foods,OUT004,Medium,Tier 2,Supermarket Type2,12.75,0.038,114.56,2009.0,2811.88
FD5337,Low Sugar,Baking Goods,OUT001,High,Tier 2,Supermarket Type1,10.93,0.082,116.53,1987.0,2440.68
FD8060,Regular,Meat,OUT001,High,Tier 2,Supermarket Type1,12.68,0.031,180.39,1987.0,4141.13
FD2967,Low Sugar,Fruits and Vegetables,OUT004,Medium,Tier 2,Supermarket Type2,12.02,0.226,125.31,2009.0,2864.82
FD5720,Low Sugar,Dairy,OUT004,Medium,Tier 2,Supermarket Type2,11.07,0.058,147.38,2009.0,3102.27
FD4531,Regular,Fruits and Vegetables,OUT002,Small,Tier 3,Food Mart,10.2,0.055,117.14,1998.0,2287.85
FD558,Low Sugar,Fruits and Vegetables,OUT004,Medium,Tier 2,Supermarket Type2,12.42,0.058,131.64,2009.0,4178.26
FD16,Low Sugar,Canned,OUT004,Medium,Tier 2,Supermarket Type2,12.57,0.038,127.32,2009.0,2681.04
NC6047,No Sugar,Health and Hygiene,OUT001,High,Tier 2,Supermarket Type1,14.57,0.043,156.26,1987.0,4075.42
FD2094,Regular,Snack Foods,OUT004,Medium,Tier 2,Supermarket Type2,10.34,0.015,167.16,2009.0,3343.49
FD895,Regular,Breakfast,OUT001,High,Tier 2,Supermarket Type1,15.38,0.017,185.92,1987.0,4866.21
FD4942,Low Sugar,Fruits and Vegetables,OUT001,High,Tier 2,Supermarket Type1,14.16,0.071,194.9,1987.0,4773.88
FD6640,Low Sugar,Frozen Foods,OUT004,Medium,Tier 2,Supermarket Type2,14.95,0.042,141.04,2009.0,3849.96
FD5608,Low Sugar,Snack Foods,OUT001,High,Tier 2,Supermarket Type1,13.43,0.037,200.69,1987.0,4726.9
FD3640,Regular,Baking Goods,OUT004,Medium,Tier 2,Supermarket Type2,12.15,0.105,140.68,2009.0,3209.9
DR8485,Low Sugar,Soft Drinks,OUT004,Medium,Tier 2,Supermarket Type2,13.09,0.062,132.24,2009.0,3249.72
FD6312,Low Sugar,Snack Foods,OUT002,Small,Tier 3,Food Mart,10.56,0.1,92.82,1998.0,1871.6
NC8245,No Sugar,Others,OUT004,Medium,Tier 2,Supermarket Type2,11.29,0.058,142.82,2009.0,3059.34
FD5265,Low Sugar,Canned,OUT001,High,Tier 2,Supermarket Type1,13.95,0.055,190.17,1987.0,4628.81
FD4877,Low Sugar,Fruits and Vegetables,OUT004,Medium,Tier 2,Supermarket Type2,12.86,0.186,154.02,2009.0,3643.07
DR7779,Low Sugar,Soft Drinks,OUT004,Medium,Tier 2,Supermarket Type2,12.41,0.138,120.58,2009.0,2856.87
FD5654,Low Sugar,Canned,OUT004,Medium,Tier 2,Supermarket Type2,14.0,0.058,111.14,2009.0,3024.45
FD3344,Low Sugar,Fruits and Vegetables,OUT004,Medium,Tier 2,Supermarket Type2,12.24,0.136,147.39,2009.0,3366.85
FD2745,Regular,Snack Foods,OUT004,Medium,Tier 2,Supermarket Type2,14.88,0.056,144.87,2009.0,3911.89
FD4722,Regular,Fruits and Vegetables,OUT002,Small,Tier 3,Food Mart,9.02,0.033,127.08,1998.0,2224.43
FD2513,Regular,Fruits and Vegetables,OUT002,Small,Tier 3,Food Mart,10.21,0.026,88.16,1998.0,1697.43
FD8081,Low Sugar,Dairy,OUT004,Medium,Tier 2,Supermarket Type2,12.06,0.082,141.87,2009.0,3213.52
FD1767,Low Sugar,Fruits and Vegetables,OUT004,Medium,Tier 2,Supermarket Type2,12.7,0.038,170.48,2009.0,3944.7
FD4341,Regular,Snack Foods,OUT004,Medium,Tier 2,Supermarket Type2,13.75,0.034,144.12,2009.0,3642.88
FD4768,Low Sugar,Meat,OUT004,Medium,Tier 2,Supermarket Type2,11.56,0.055,153.11,2009.0,3330.23
NC6290,No Sugar,Household,OUT004,Medium,Tier 2,Supermarket Type2,9.47,0.065,177.81,2009.0,3362.6
FD4431,Regular,Frozen Foods,OUT004,Medium,Tier 2,Supermarket Type2,11.99,0.183,159.66,2009.0,3562.91
FD6661,Low Sugar,Meat,OUT004,Medium,Tier 2,Supermarket Type2,11.03,0.274,157.22,2009.0,3294.26
FD4472,Low Sugar,Frozen Foods,OUT004,Medium,Tier 2,Supermarket Type2,13.76,0.037,116.7,2009.0,3082.26
FD7789,Regular,Canned,OUT004,Medium,Tier 2,Supermarket Type2,12.15,0.053,156.65,2009.0,3536.88
FD2274,Regular,Meat,OUT001,High,Tier 2,Supermarket Type1,14.92,0.12,174.81,1987.0,4533.9
FD7977,Regular,Fruits and Vegetables,OUT002,Small,Tier 3,Food Mart,11.49,0.041,81.78,1998.0,1855.55
FD6594,Regular,Canned,OUT001,High,Tier 2,Supermarket Type1,11.52,0.105,188.44,1987.0,4043.5
FD6196,Low Sugar,Snack Foods,OUT002,Small,Tier 3,Food Mart,10.75,0.007,89.33,1998.0,1841.79
FD6861,Low Sugar,Fruits and Vegetables,OUT004,Medium,Tier 2,Supermarket Type2,11.45,0.013,166.86,2009.0,3588.2
FD8405,Low Sugar,Dairy,OUT004,Medium,Tier 2,Supermarket Type2,11.81,0.064,128.04,2009.0,2873.69
FD8432,Low Sugar,Canned,OUT004,Medium,Tier 2,Supermarket Type2,14.27,0.105,145.12,2009.0,3779.0
FD3785,Low Sugar,Meat,OUT004,Medium,Tier 2,Supermarket Type2,13.95,0.113,143.31,2009.0,3670.05
DR8490,Low Sugar,Soft Drinks,OUT004,Medium,Tier 2,Supermarket Type2,11.3,0.081,149.55,2009.0,3199.05
FD7875,Low Sugar,Baking Goods,OUT004,Medium,Tier 2,Supermarket Type2,10.76,0.007,171.82,2009.0,3532.18
NC7803,No Sugar,Health and Hygiene,OUT004,Medium,Tier 2,Supermarket Type2,13.99,0.083,145.92,2009.0,3733.52
FD7271,Low Sugar,Frozen Foods,OUT004,Medium,Tier 2,Supermarket Type2,15.35,0.067,132.16,2009.0,3758.85
FD7537,Low Sugar,Snack Foods,OUT001,High,Tier 2,Supermarket Type1,10.13,0.037,127.12,1987.0,2475.94
FD5638,Low Sugar,Meat,OUT004,Medium,Tier 2,Supermarket Type2,14.3,0.044,145.52,2009.0,3795.54
FD7876,Regular,Baking Goods,OUT001,High,Tier 2,Supermarket Type1,14.82,0.03,190.42,1987.0,4830.81
FD736,Low Sugar,Seafood,OUT004,Medium,Tier 2,Supermarket Type2,14.75,0.027,135.64,2009.0,3693.34
DR8386,Low Sugar,Soft Drinks,OUT001,High,Tier 2,Supermarket Type1,10.17,0.119,119.1,1987.0,2320.08
FD4749,Low Sugar,Snack Foods,OUT004,Medium,Tier 2,Supermarket Type2,14.06,0.083,143.26,2009.0,3694.94
FD3223,Low Sugar,Canned,OUT004,Medium,Tier 2,Supermarket Type2,10.31,0.014,149.07,2009.0,2965.86
NC3929,No Sugar,Others,OUT001,High,Tier 2,Supermarket Type1,13.0,0.047,195.3,1987.0,4519.93
FD972,Low Sugar,Starchy Foods,OUT004,Medium,Tier 2,Supermarket Type2,13.11,0.191,159.36,2009.0,3807.67
FD4663,Low Sugar,Fruits and Vegetables,OUT004,Medium,Tier 2,Supermarket Type2,11.65,0.063,123.93,2009.0,2752.96
NC5344,No Sugar,Household,OUT004,Medium,Tier 2,Supermarket Type2,11.82,0.014,141.53,2009.0,3151.49
FD4268,Low Sugar,Meat,OUT001,High,Tier 2,Supermarket Type1,9.37,0.047,130.6,1987.0,2374.51
FD744,Low Sugar,Fruits and Vegetables,OUT004,Medium,Tier 2,Supermarket Type2,10.42,0.039,132.7,2009.0,2655.46
FD2823,Regular,Snack Foods,OUT004,Medium,Tier 2,Supermarket Type2,15.34,0.092,139.39,2009.0,3905.4
NC3206,No Sugar,Household,OUT004,Medium,Tier 2,Supermarket Type2,11.3,0.077,166.76,2009.0,3551.79
FD1397,Regular,Fruits and Vegetables,OUT004,Medium,Tier 2,Supermarket Type2,11.27,0.065,122.63,2009.0,2641.53
FD5173,Regular,Frozen Foods,OUT004,Medium,Tier 2,Supermarket Type2,9.83,0.031,137.1,2009.0,2612.87
FD8069,Low Sugar,Snack Foods,OUT004,Medium,Tier 2,Supermarket Type2,9.61,0.011,134.49,2009.0,2508.55
FD8637,Low Sugar,Canned,OUT004,Medium,Tier 2,Supermarket Type2,11.31,0.152,146.11,2009.0,3131.78
FD6710,Low Sugar,Baking Goods,OUT002,Small,Tier 3,Food Mart,11.61,0.079,101.77,1998.0,2290.84
NC6220,No Sugar,Household,OUT004,Medium,Tier 2,Supermarket Type2,11.08,0.015,143.99,2009.0,3034.97
NC2189,No Sugar,Health and Hygiene,OUT004,Medium,Tier 2,Supermarket Type2,13.85,0.036,154.78,2009.0,3882.62
FD8306,Low Sugar,Meat,OUT001,High,Tier 2,Supermarket Type1,13.98,0.027,204.34,1987.0,4925.23
FD2030,Low Sugar,Frozen Foods,OUT004,Medium,Tier 2,Supermarket Type2,11.69,0.076,141.63,2009.0,3125.59
FD4009,Low Sugar,Dairy,OUT001,High,Tier 2,Supermarket Type1,13.85,0.047,169.13,1987.0,4175.9
FD8639,Low Sugar,Frozen Foods,OUT002,Small,Tier 3,Food Mart,9.03,0.021,119.89,1998.0,2080.01
FD3394,Regular,Baking Goods,OUT002,Small,Tier 3,Food Mart,10.32,0.063,101.95,1998.0,2002.69
NC2247,No Sugar,Health and Hygiene,OUT004,Medium,Tier 2,Supermarket Type2,10.64,0.034,123.88,2009.0,2524.16
FD4985,Low Sugar,Breads,OUT001,High,Tier 2,Supermarket Type1,14.48,0.089,195.27,1987.0,4854.34
NC4900,No Sugar,Health and Hygiene,OUT004,Medium,Tier 2,Supermarket Type2,12.86,0.071,129.34,2009.0,3137.16
NC1291,No Sugar,Household,OUT004,Medium,Tier 2,Supermarket Type2,12.22,0.09,142.25,2009.0,3257.45
FD7799,Regular,Baking Goods,OUT004,Medium,Tier 2,Supermarket Type2,12.22,0.094,125.86,2009.0,2922.47
FD4684,Regular,Fruits and Vegetables,OUT004,Medium,Tier 2,Supermarket Type2,12.08,0.034,142.25,2009.0,3224.96
FD2979,Regular,Baking Goods,OUT001,High,Tier 2,Supermarket Type1,16.02,0.052,175.4,1987.0,4795.5
FD192,Regular,Fruits and Vegetables,OUT004,Medium,Tier 2,Supermarket Type2,10.15,0.016,135.23,2009.0,2788.38
FD1756,Low Sugar,Dairy,OUT001,High,Tier 2,Supermarket Type1,11.05,0.013,114.41,1987.0,2422.69
FD367,Low Sugar,Fruits and Vegetables,OUT004,Medium,Tier 2,Supermarket Type2,11.88,0.026,120.82,2009.0,1582.99
FD7830,Low Sugar,Baking Goods,OUT004,Medium,Tier 2,Supermarket Type2,13.36,0.053,122.97,2009.0,3119.98
FD3807,Low Sugar,Snack Foods,OUT004,Medium,Tier 2,Supermarket Type2,11.24,0.069,145.89,2009.0,3111.38
NC39,No Sugar,Others,OUT002,Small,Tier 3,Food Mart,13.17,0.031,217.45,1998.0,998.21
FD1975,Low Sugar,Fruits and Vegetables,OUT004,Medium,Tier 2,Supermarket Type2,13.51,0.082,142.16,2009.0,3547.98
FD6018,Low Sugar,Baking Goods,OUT004,Medium,Tier 2,Supermarket Type2,13.1,0.034,167.11,2009.0,3964.21
NC2631,No Sugar,Household,OUT004,Medium,Tier 2,Supermarket Type2,10.81,0.024,163.75,2009.0,3377.91
FD8105,Low Sugar,Breads,OUT001,High,Tier 2,Supermarket Type1,12.58,0.018,93.84,1987.0,2347.53
FD3282,Regular,Fruits and Vegetables,OUT004,Medium,Tier 2,Supermarket Type2,14.58,0.192,151.33,2009.0,3976.98
FD2753,Regular,Fruits and Vegetables,OUT001,High,Tier 2,Supermarket Type1,16.09,0.138,161.68,1987.0,4530.6
NC5800,No Sugar,Household,OUT004,Medium,Tier 2,Supermarket Type2,11.62,0.034,161.09,2009.0,3506.56
FD7567,Low Sugar,Baking Goods,OUT004,Medium,Tier 2,Supermarket Type2,14.09,0.08,137.91,2009.0,3590.81
NC5604,No Sugar,Health and Hygiene,OUT004,Medium,Tier 2,Supermarket Type2,13.3,0.03,136.75,2009.0,3389.93
FD786,Low Sugar,Fruits and Vegetables,OUT004,Medium,Tier 2,Supermarket Type2,11.22,0.064,173.61,2009.0,3674.38
FD8303,Regular,Baking Goods,OUT001,High,Tier 2,Supermarket Type1,10.01,0.042,123.73,1987.0,2379.17
NC4779,No Sugar,Household,OUT001,High,Tier 2,Supermarket Type1,15.03,0.061,147.55,1987.0,4002.11
FD7556,Regular,Frozen Foods,OUT004,Medium,Tier 2,Supermarket Type2,12.8,0.017,160.56,2009.0,3763.63
FD2409,Regular,Starchy Foods,OUT001,High,Tier 2,Supermarket Type1,17.38,0.164,150.7,1987.0,4597.68
FD2456,Low Sugar,Fruits and Vegetables,OUT004,Medium,Tier 2,Supermarket Type2,11.12,0.186,156.32,2009.0,3297.52
NC6797,No Sugar,Household,OUT004,Medium,Tier 2,Supermarket Type2,12.92,0.009,99.86,2009.0,2548.61
FD138,Low Sugar,Meat,OUT001,High,Tier 2,Supermarket Type1,12.24,0.089,181.93,1987.0,2764.46
FD4657,Low Sugar,Breakfast,OUT004,Medium,Tier 2,Supermarket Type2,10.82,0.057,154.82,2009.0,3198.34
FD8719,Low Sugar,Snack Foods,OUT004,Medium,Tier 2,Supermarket Type2,14.33,0.011,128.64,2009.0,3456.9
NC6485,No Sugar,Health and Hygiene,OUT004,Medium,Tier 2,Supermarket Type2,13.18,0.015,121.54,2009.0,3050.48
FD5286,Low Sugar,Baking Goods,OUT004,Medium,Tier 2,Supermarket Type2,13.15,0.033,140.79,2009.0,3438.7
FD4758,Regular,Frozen Foods,OUT002,Small,Tier 3,Food Mart,10.02,0.026,115.99,1998.0,2222.25
FD3988,Low Sugar,Frozen Foods,OUT002,Small,Tier 3,Food Mart,8.58,0.031,126.4,1998.0,2110.35
FD7909,Low Sugar,Snack Foods,OUT004,Medium,Tier 2,Supermarket Type2,11.53,0.02,119.91,2009.0,2644.95
FD8010,Low Sugar,Frozen Foods,OUT002,Small,Tier 3,Food Mart,9.23,0.038,105.33,1998.0,1825.65
NC1314,No Sugar,Household,OUT001,High,Tier 2,Supermarket Type1,14.87,0.13,184.9,1987.0,4728.24
FD951,Low Sugar,Frozen Foods,OUT004,Medium,Tier 2,Supermarket Type2,13.44,0.021,157.43,2009.0,3842.89
FD842,Low Sugar,Snack Foods,OUT002,Small,Tier 3,Food Mart,5.38,0.071,98.43,1998.0,815.37
NC3165,No Sugar,Household,OUT004,Medium,Tier 2,Supermarket Type2,12.55,0.011,147.76,2009.0,3445.18
DR5332,Low Sugar,Soft Drinks,OUT004,Medium,Tier 2,Supermarket Type2,10.72,0.052,161.86,2009.0,3318.82
FD552,Regular,Dairy,OUT002,Small,Tier 3,Food Mart,13.89,0.036,151.52,1998.0,936.37
FD4563,Regular,Starchy Foods,OUT004,Medium,Tier 2,Supermarket Type2,12.69,0.049,167.51,2009.0,3881.48
FD3946,Low Sugar,Meat,OUT004,Medium,Tier 2,Supermarket Type2,10.49,0.089,140.01,2009.0,2821.13
FD7660,Low Sugar,Fruits and Vegetables,OUT002,Small,Tier 3,Food Mart,10.61,0.037,83.75,1998.0,1697.32
FD6502,Regular,Snack Foods,OUT004,Medium,Tier 2,Supermarket Type2,10.33,0.032,159.28,2009.0,3178.88
FD8109,Low Sugar,Frozen Foods,OUT002,Small,Tier 3,Food Mart,11.67,0.075,77.24,1998.0,1804.16
FD339,Low Sugar,Fruits and Vegetables,OUT002,Small,Tier 3,Food Mart,12.74,0.053,199.62,1998.0,1940.96
NC5781,No Sugar,Health and Hygiene,OUT002,Small,Tier 3,Food Mart,10.46,0.047,97.59,1998.0,1945.34
FD502,Low Sugar,Fruits and Vegetables,OUT004,Medium,Tier 2,Supermarket Type2,10.31,0.017,153.91,2009.0,2082.23
NC3621,No Sugar,Others,OUT004,Medium,Tier 2,Supermarket Type2,12.5,0.02,129.71,2009.0,3064.6
FD3351,Regular,Canned,OUT004,Medium,Tier 2,Supermarket Type2,12.05,0.167,161.38,2009.0,3610.28
FD6435,Low Sugar,Seafood,OUT002,Small,Tier 3,Food Mart,10.8,0.12,68.36,1998.0,1423.82
FD7345,Regular,Frozen Foods,OUT001,High,Tier 2,Supermarket Type1,13.23,0.07,175.17,1987.0,4159.49
FD7099,Low Sugar,Baking Goods,OUT004,Medium,Tier 2,Supermarket Type2,13.25,0.073,137.13,2009.0,3386.71
NC3710,No Sugar,Household,OUT004,Medium,Tier 2,Supermarket Type2,11.74,0.026,123.21,2009.0,2760.22
FD1299,Regular,Baking Goods,OUT004,Medium,Tier 2,Supermarket Type2,11.68,0.044,141.82,2009.0,3126.36
NC8525,No Sugar,Health and Hygiene,OUT004,Medium,Tier 2,Supermarket Type2,13.07,0.126,148.88,2009.0,3586.44
DR3454,Low Sugar,Hard Drinks,OUT004,Medium,Tier 2,Supermarket Type2,13.23,0.08,147.66,2009.0,3595.69
NC4630,No Sugar,Health and Hygiene,OUT004,Medium,Tier 2,Supermarket Type2,10.16,0.103,133.41,2009.0,2611.24
FD5073,Low Sugar,Breads,OUT004,Medium,Tier 2,Supermarket Type2,11.47,0.065,165.48,2009.0,3564.53
FD3339,Low Sugar,Meat,OUT004,Medium,Tier 2,Supermarket Type2,9.35,0.174,137.23,2009.0,2506.34
NC7387,No Sugar,Household,OUT004,Medium,Tier 2,Supermarket Type2,14.22,0.048,141.09,2009.0,3687.04
FD4624,Low Sugar,Snack Foods,OUT001,High,Tier 2,Supermarket Type1,9.59,0.043,133.84,1987.0,2491.19
DR6129,Low Sugar,Hard Drinks,OUT004,Medium,Tier 2,Supermarket Type2,12.38,0.045,132.33,2009.0,3090.07
FD2260,Low Sugar,Breads,OUT002,Small,Tier 3,Food Mart,11.03,0.07,84.04,1998.0,1797.13
FD8039,Regular,Fruits and Vegetables,OUT004,Medium,Tier 2,Supermarket Type2,11.76,0.082,180.96,2009.0,3945.38
FD6583,Regular,Fruits and Vegetables,OUT004,Medium,Tier 2,Supermarket Type2,14.47,0.147,138.57,2009.0,3690.05
DR2350,Low Sugar,Soft Drinks,OUT004,Medium,Tier 2,Supermarket Type2,10.88,0.078,158.85,2009.0,3295.11
FD4918,Low Sugar,Snack Foods,OUT004,Medium,Tier 2,Supermarket Type2,12.84,0.089,109.71,2009.0,2732.63
NC6308,No Sugar,Household,OUT004,Medium,Tier 2,Supermarket Type2,13.58,0.051,90.16,2009.0,2500.02
NC5041,No Sugar,Health and Hygiene,OUT004,Medium,Tier 2,Supermarket Type2,8.27,0.04,152.07,2009.0,2566.89
FD3051,Regular,Canned,OUT001,High,Tier 2,Supermarket Type1,14.83,0.016,197.97,1987.0,4986.71
NC7171,No Sugar,Household,OUT004,Medium,Tier 2,Supermarket Type2,14.03,0.016,157.94,2009.0,3988.7
FD998,Low Sugar,Baking Goods,OUT004,Medium,Tier 2,Supermarket Type2,11.2,0.026,136.41,2009.0,2907.5
FD8312,Low Sugar,Starchy Foods,OUT004,Medium,Tier 2,Supermarket Type2,10.06,0.054,158.21,2009.0,3096.23
NC3542,No Sugar,Health and Hygiene,OUT004,Medium,Tier 2,Supermarket Type2,12.03,0.034,177.25,2009.0,3930.09
FD4036,Regular,Baking Goods,OUT001,High,Tier 2,Supermarket Type1,12.92,0.01,173.23,1987.0,4050.13
FD8607,Low Sugar,Fruits and Vegetables,OUT004,Medium,Tier 2,Supermarket Type2,11.53,0.056,126.87,2009.0,2787.29
NC1889,No Sugar,Health and Hygiene,OUT004,Medium,Tier 2,Supermarket Type2,11.69,0.047,159.77,2009.0,3495.4
FD910,Regular,Canned,OUT001,High,Tier 2,Supermarket Type1,13.6,0.052,199.99,1987.0,4751.19
FD2626,Low Sugar,Canned,OUT004,Medium,Tier 2,Supermarket Type2,12.44,0.061,137.09,2009.0,3202.79
FD4484,Low Sugar,Meat,OUT002,Small,Tier 3,Food Mart,9.0,0.073,99.65,1998.0,1658.58
FD6045,Low Sugar,Frozen Foods,OUT004,Medium,Tier 2,Supermarket Type2,12.18,0.027,161.55,2009.0,3643.45
DR3506,Low Sugar,Soft Drinks,OUT004,Medium,Tier 2,Supermarket Type2,12.35,0.054,161.07,2009.0,3672.24
FD6214,Regular,Meat,OUT001,High,Tier 2,Supermarket Type1,16.27,0.075,161.84,1987.0,4573.65
FD1295,Low Sugar,Frozen Foods,OUT001,High,Tier 2,Supermarket Type1,15.7,0.154,180.84,1987.0,4833.0
FD4099,Low Sugar,Snack Foods,OUT002,Small,Tier 3,Food Mart,8.95,0.056,128.82,1998.0,2244.12
FD8305,Low Sugar,Dairy,OUT002,Small,Tier 3,Food Mart,11.51,0.077,92.61,1998.0,2081.81
FD2648,Regular,Canned,OUT004,Medium,Tier 2,Supermarket Type2,13.63,0.058,133.01,2009.0,3386.97
DR3465,Low Sugar,Hard Drinks,OUT002,Small,Tier 3,Food Mart,9.99,0.04,97.16,1998.0,1832.13
FD4679,Regular,Frozen Foods,OUT004,Medium,Tier 2,Supermarket Type2,10.72,0.097,130.54,2009.0,2679.3
FD2515,Low Sugar,Seafood,OUT001,High,Tier 2,Supermarket Type1,16.8,0.017,160.69,1987.0,4670.7
FD4403,Regular,Snack Foods,OUT002,Small,Tier 3,Food Mart,10.38,0.053,114.61,1998.0,2275.65
NC2881,No Sugar,Others,OUT002,Small,Tier 3,Food Mart,8.68,0.036,126.2,1998.0,2129.09
NC7572,No Sugar,Household,OUT001,High,Tier 2,Supermarket Type1,10.29,0.057,121.38,1987.0,2394.22
FD653,Regular,Meat,OUT002,Small,Tier 3,Food Mart,9.53,0.104,92.78,1998.0,1637.89
FD1987,Low Sugar,Dairy,OUT004,Medium,Tier 2,Supermarket Type2,12.71,0.089,127.94,2009.0,3074.85
NC6490,No Sugar,Health and Hygiene,OUT004,Medium,Tier 2,Supermarket Type2,11.42,0.036,131.28,2009.0,2853.39
NC3496,No Sugar,Health and Hygiene,OUT004,Medium,Tier 2,Supermarket Type2,13.2,0.028,141.04,2009.0,3455.06
FD5430,Regular,Canned,OUT004,Medium,Tier 2,Supermarket Type2,12.98,0.032,140.64,2009.0,3395.63
DR3395,Low Sugar,Soft Drinks,OUT001,High,Tier 2,Supermarket Type1,14.86,0.012,184.22,1987.0,4712.88
FD3645,Regular,Starchy Foods,OUT001,High,Tier 2,Supermarket Type1,12.9,0.025,172.85,1987.0,4036.91
FD524,Low Sugar,Fruits and Vegetables,OUT002,Small,Tier 3,Food Mart,10.77,0.119,118.0,1998.0,1197.03
NC8749,No Sugar,Household,OUT004,Medium,Tier 2,Supermarket Type2,11.75,0.123,163.78,2009.0,3591.08
FD1782,Low Sugar,Canned,OUT004,Medium,Tier 2,Supermarket Type2,11.86,0.14,122.12,2009.0,2764.76
DR5565,Regular,Soft Drinks,OUT004,Medium,Tier 2,Supermarket Type2,12.02,0.015,140.6,2009.0,3178.37
DR439,Low Sugar,Soft Drinks,OUT004,Medium,Tier 2,Supermarket Type2,11.58,0.102,161.45,2009.0,2637.01
FD1129,Low Sugar,Canned,OUT002,Small,Tier 3,Food Mart,8.4,0.14,96.48,1998.0,1458.62
FD6772,Low Sugar,Fruits and Vegetables,OUT001,High,Tier 2,Supermarket Type1,14.43,0.115,181.83,1987.0,4566.17
FD1418,Regular,Fruits and Vegetables,OUT002,Small,Tier 3,Food Mart,7.79,0.036,101.68,1998.0,1426.77
NC5983,No Sugar,Household,OUT004,Medium,Tier 2,Supermarket Type2,14.63,0.045,128.34,2009.0,3517.11
FD2883,Low Sugar,Fruits and Vegetables,OUT001,High,Tier 2,Supermarket Type1,15.84,0.028,169.37,1987.0,4631.28
NC386,No Sugar,Health and Hygiene,OUT001,High,Tier 2,Supermarket Type1,9.69,0.02,71.35,1987.0,2367.3
FD3249,Low Sugar,Dairy,OUT004,Medium,Tier 2,Supermarket Type2,12.28,0.039,126.06,2009.0,2939.48
FD2966,Low Sugar,Meat,OUT004,Medium,Tier 2,Supermarket Type2,12.56,0.023,134.11,2009.0,3167.84
NC1583,No Sugar,Household,OUT002,Small,Tier 3,Food Mart,8.46,0.127,122.55,1998.0,2004.35
FD1178,Low Sugar,Canned,OUT004,Medium,Tier 2,Supermarket Type2,12.38,0.015,146.22,2009.0,3374.78
FD8132,Low Sugar,Dairy,OUT004,Medium,Tier 2,Supermarket Type2,13.04,0.019,107.5,2009.0,2731.45
NC3568,No Sugar,Health and Hygiene,OUT004,Medium,Tier 2,Supermarket Type2,9.85,0.021,171.56,2009.0,3322.39
NC670,No Sugar,Health and Hygiene,OUT002,Small,Tier 3,Food Mart,12.15,0.042,93.63,1998.0,2246.04
FD3550,Regular,Meat,OUT004,Medium,Tier 2,Supermarket Type2,14.86,0.027,146.48,2009.0,3939.83
FD3437,Regular,Meat,OUT004,Medium,Tier 2,Supermarket Type2,12.27,0.061,134.88,2009.0,3117.77
FD6339,Regular,Dairy,OUT001,High,Tier 2,Supermarket Type1,16.96,0.08,150.74,1987.0,4503.6
FD6870,Low Sugar,Snack Foods,OUT004,Medium,Tier 2,Supermarket Type2,12.76,0.035,158.59,2009.0,3714.07
FD5727,Low Sugar,Frozen Foods,OUT004,Medium,Tier 2,Supermarket Type2,12.72,0.071,164.03,2009.0,3816.69
FD6644,Low Sugar,Meat,OUT004,Medium,Tier 2,Supermarket Type2,11.58,0.018,141.99,2009.0,3108.47
FD5141,Low Sugar,Baking Goods,OUT001,High,Tier 2,Supermarket Type1,15.81,0.073,169.81,1987.0,4633.08
FD2816,Regular,Fruits and Vegetables,OUT002,Small,Tier 3,Food Mart,7.7,0.038,98.13,1998.0,1334.13
FD806,Low Sugar,Fruits and Vegetables,OUT004,Medium,Tier 2,Supermarket Type2,12.11,0.091,170.34,2009.0,3808.09
NC4613,No Sugar,Household,OUT001,High,Tier 2,Supermarket Type1,13.86,0.124,168.03,1987.0,4156.66
FD4557,Low Sugar,Dairy,OUT002,Small,Tier 3,Food Mart,9.41,0.011,108.39,1998.0,1929.27
NC5495,No Sugar,Health and Hygiene,OUT004,Medium,Tier 2,Supermarket Type2,12.36,0.052,131.79,2009.0,3074.56
FD3832,Regular,Frozen Foods,OUT004,Medium,Tier 2,Supermarket Type2,12.59,0.034,135.31,2009.0,3198.57
FD2756,Regular,Starchy Foods,OUT004,Medium,Tier 2,Supermarket Type2,13.75,0.079,114.59,2009.0,3036.96
NC8438,No Sugar,Household,OUT001,High,Tier 2,Supermarket Type1,13.88,0.27,164.6,1987.0,4090.87
FD8486,Low Sugar,Frozen Foods,OUT004,Medium,Tier 2,Supermarket Type2,13.34,0.039,147.68,2009.0,3622.2
FD5830,Low Sugar,Baking Goods,OUT002,Small,Tier 3,Food Mart,8.49,0.112,133.27,1998.0,2230.53
FD4468,Low Sugar,Canned,OUT004,Medium,Tier 2,Supermarket Type2,12.66,0.088,127.99,2009.0,3064.7
DR7857,Low Sugar,Soft Drinks,OUT004,Medium,Tier 2,Supermarket Type2,11.5,0.069,146.69,2009.0,3185.9
NC1158,No Sugar,Others,OUT004,Medium,Tier 2,Supermarket Type2,13.39,0.022,153.93,2009.0,3760.81
FD4100,Regular,Baking Goods,OUT001,High,Tier 2,Supermarket Type1,10.46,0.047,119.9,1987.0,2403.26
FD4923,Low Sugar,Dairy,OUT004,Medium,Tier 2,Supermarket Type2,12.74,0.04,136.22,2009.0,3252.74
FD387,Regular,Snack Foods,OUT004,Medium,Tier 2,Supermarket Type2,12.84,0.106,148.22,2009.0,2237.84
FD5780,Regular,Baking Goods,OUT001,High,Tier 2,Supermarket Type1,13.33,0.048,173.82,1987.0,4154.08
FD7518,Low Sugar,Snack Foods,OUT004,Medium,Tier 2,Supermarket Type2,11.15,0.087,151.11,2009.0,3196.37
FD3089,Low Sugar,Fruits and Vegetables,OUT004,Medium,Tier 2,Supermarket Type2,13.43,0.01,134.38,2009.0,3369.65
NC1840,No Sugar,Health and Hygiene,OUT004,Medium,Tier 2,Supermarket Type2,12.79,0.012,154.5,2009.0,3637.08
NC2363,No Sugar,Health and Hygiene,OUT002,Small,Tier 3,Food Mart,7.73,0.068,115.8,1998.0,1701.48
FD4703,Low Sugar,Meat,OUT001,High,Tier 2,Supermarket Type1,14.5,0.072,154.7,1987.0,4027.64
FD359,Low Sugar,Canned,OUT004,Medium,Tier 2,Supermarket Type2,13.41,0.173,140.92,2009.0,2171.43
FD7796,Low Sugar,Fruits and Vegetables,OUT004,Medium,Tier 2,Supermarket Type2,12.79,0.049,161.86,2009.0,3788.51
FD4893,Low Sugar,Frozen Foods,OUT004,Medium,Tier 2,Supermarket Type2,13.21,0.053,165.58,2009.0,3958.34
FD6019,Low Sugar,Snack Foods,OUT001,High,Tier 2,Supermarket Type1,9.02,0.141,132.09,1987.0,2327.2
FD1092,Low Sugar,Meat,OUT004,Medium,Tier 2,Supermarket Type2,13.33,0.102,154.71,2009.0,3763.78
FD7986,Regular,Frozen Foods,OUT004,Medium,Tier 2,Supermarket Type2,10.99,0.015,145.42,2009.0,3044.69
FD7112,Regular,Snack Foods,OUT004,Medium,Tier 2,Supermarket Type2,10.85,0.023,129.11,2009.0,2679.45
FD78,Low Sugar,Frozen Foods,OUT002,Small,Tier 3,Food Mart,15.27,0.015,178.72,1998.0,1123.57
FD1440,Low Sugar,Canned,OUT001,High,Tier 2,Supermarket Type1,10.47,0.032,119.68,1987.0,2399.89
FD1695,Low Sugar,Snack Foods,OUT002,Small,Tier 3,Food Mart,9.64,0.09,122.95,1998.0,2278.82
FD4992,Low Sugar,Breads,OUT004,Medium,Tier 2,Supermarket Type2,12.55,0.019,150.82,2009.0,3508.49
FD7755,Low Sugar,Fruits and Vegetables,OUT004,Medium,Tier 2,Supermarket Type2,11.33,0.022,169.21,2009.0,3608.65
FD4691,Low Sugar,Fruits and Vegetables,OUT002,Small,Tier 3,Food Mart,10.85,0.11,107.21,1998.0,2231.74
FD1159,Regular,Fruits and Vegetables,OUT001,High,Tier 2,Supermarket Type1,9.61,0.06,128.02,1987.0,2376.4
FD4836,Regular,Snack Foods,OUT001,High,Tier 2,Supermarket Type1,14.75,0.163,197.84,1987.0,4965.99
FD6136,Low Sugar,Baking Goods,OUT002,Small,Tier 3,Food Mart,10.09,0.012,105.52,1998.0,2025.81
FD5481,Low Sugar,Breads,OUT004,Medium,Tier 2,Supermarket Type2,12.31,0.035,136.34,2009.0,3155.91
FD677,Low Sugar,Meat,OUT001,High,Tier 2,Supermarket Type1,14.18,0.073,158.5,1987.0,4033.96
NC5385,No Sugar,Health and Hygiene,OUT001,High,Tier 2,Supermarket Type1,14.45,0.016,159.05,1987.0,4104.45
FD4573,Low Sugar,Canned,OUT002,Small,Tier 3,Food Mart,12.31,0.049,84.27,1998.0,2092.42
FD7905,Low Sugar,Starchy Foods,OUT004,Medium,Tier 2,Supermarket Type2,15.62,0.038,125.82,2009.0,3690.95
DR4993,Low Sugar,Hard Drinks,OUT004,Medium,Tier 2,Supermarket Type2,12.02,0.032,132.36,2009.0,3009.48
FD5678,Low Sugar,Dairy,OUT004,Medium,Tier 2,Supermarket Type2,12.18,0.093,177.17,2009.0,3962.09
DR5016,Low Sugar,Soft Drinks,OUT004,Medium,Tier 2,Supermarket Type2,13.38,0.016,156.4,2009.0,3808.44
FD2342,Low Sugar,Baking Goods,OUT002,Small,Tier 3,Food Mart,10.91,0.099,109.32,1998.0,2287.11
FD1131,Low Sugar,Snack Foods,OUT004,Medium,Tier 2,Supermarket Type2,13.03,0.031,135.35,2009.0,3298.63
FD1393,Low Sugar,Canned,OUT004,Medium,Tier 2,Supermarket Type2,11.27,0.124,147.12,2009.0,3143.52
FD5917,Low Sugar,Frozen Foods,OUT001,High,Tier 2,Supermarket Type1,15.02,0.051,151.97,1987.0,4089.97
FD7751,Regular,Meat,OUT004,Medium,Tier 2,Supermarket Type2,10.74,0.039,164.21,2009.0,3372.04
FD4786,Low Sugar,Frozen Foods,OUT004,Medium,Tier 2,Supermarket Type2,13.06,0.023,159.64,2009.0,3804.16
FD7316,Low Sugar,Frozen Foods,OUT004,Medium,Tier 2,Supermarket Type2,15.05,0.047,121.48,2009.0,3473.21
FD1633,Low Sugar,Meat,OUT004,Medium,Tier 2,Supermarket Type2,11.87,0.113,180.96,2009.0,3969.51
NC8532,No Sugar,Health and Hygiene,OUT001,High,Tier 2,Supermarket Type1,13.96,0.067,185.67,1987.0,4538.95
FD419,Regular,Canned,OUT001,High,Tier 2,Supermarket Type1,13.56,0.137,188.63,1987.0,3370.94
FD6240,Regular,Canned,OUT001,High,Tier 2,Supermarket Type1,12.54,0.102,199.49,1987.0,4500.36
DR4234,Low Sugar,Soft Drinks,OUT001,High,Tier 2,Supermarket Type1,14.38,0.035,181.77,1987.0,4554.0
FD5053,Low Sugar,Snack Foods,OUT002,Small,Tier 3,Food Mart,7.02,0.066,101.02,1998.0,1239.76
FD4062,Low Sugar,Dairy,OUT004,Medium,Tier 2,Supermarket Type2,14.1,0.026,95.96,2009.0,2736.45
NC5246,No Sugar,Household,OUT002,Small,Tier 3,Food Mart,9.44,0.035,122.54,1998.0,2226.52
FD4233,Low Sugar,Frozen Foods,OUT001,High,Tier 2,Supermarket Type1,15.83,0.065,180.77,1987.0,4861.63
FD4912,Low Sugar,Fruits and Vegetables,OUT004,Medium,Tier 2,Supermarket Type2,11.46,0.03,154.19,2009.0,3331.33
NC7727,No Sugar,Household,OUT004,Medium,Tier 2,Supermarket Type2,11.85,0.128,128.43,2009.0,2890.63
NC7276,No Sugar,Health and Hygiene,OUT001,High,Tier 2,Supermarket Type1,15.86,0.047,142.56,1987.0,4085.8
NC2283,No Sugar,Others,OUT001,High,Tier 2,Supermarket Type1,15.1,0.129,171.66,1987.0,4510.26
FD1747,Low Sugar,Snack Foods,OUT004,Medium,Tier 2,Supermarket Type2,13.31,0.1,160.34,2009.0,3874.03
FD4840,Low Sugar,Breakfast,OUT004,Medium,Tier 2,Supermarket Type2,13.77,0.107,130.94,2009.0,3375.92
FD7041,Low Sugar,Frozen Foods,OUT004,Medium,Tier 2,Supermarket Type2,12.18,0.09,145.02,2009.0,3305.28
FD4629,Low Sugar,Frozen Foods,OUT004,Medium,Tier 2,Supermarket Type2,10.8,0.085,124.11,2009.0,2565.93
FD5125,Regular,Frozen Foods,OUT004,Medium,Tier 2,Supermarket Type2,11.94,0.117,176.27,2009.0,3889.88
FD8457,Regular,Meat,OUT001,High,Tier 2,Supermarket Type1,14.83,0.057,181.34,1987.0,4646.84
FD1115,Low Sugar,Snack Foods,OUT004,Medium,Tier 2,Supermarket Type2,9.49,0.055,140.55,2009.0,2605.92
FD7829,Low Sugar,Frozen Foods,OUT004,Medium,Tier 2,Supermarket Type2,11.88,0.21,129.82,2009.0,2926.52
FD7037,Low Sugar,Snack Foods,OUT001,High,Tier 2,Supermarket Type1,14.83,0.157,189.19,1987.0,4807.21
FD4551,Low Sugar,Fruits and Vegetables,OUT004,Medium,Tier 2,Supermarket Type2,14.87,0.185,126.36,2009.0,3531.51
FD7806,Low Sugar,Snack Foods,OUT004,Medium,Tier 2,Supermarket Type2,13.94,0.133,150.89,2009.0,3823.7
FD7867,Low Sugar,Canned,OUT004,Medium,Tier 2,Supermarket Type2,11.08,0.013,132.08,2009.0,2791.76
FD2144,Low Sugar,Breakfast,OUT004,Medium,Tier 2,Supermarket Type2,11.69,0.151,144.35,2009.0,3181.14
FD3919,Regular,Dairy,OUT004,Medium,Tier 2,Supermarket Type2,12.38,0.056,161.95,2009.0,3696.49
FD2362,Regular,Baking Goods,OUT001,High,Tier 2,Supermarket Type1,17.11,0.163,130.49,1987.0,4122.51
FD3978,Low Sugar,Dairy,OUT002,Small,Tier 3,Food Mart,8.04,0.013,108.38,1998.0,1620.7
FD355,Low Sugar,Snack Foods,OUT004,Medium,Tier 2,Supermarket Type2,13.02,0.054,153.36,2009.0,3315.66
FD5296,Regular,Meat,OUT004,Medium,Tier 2,Supermarket Type2,12.81,0.081,131.05,2009.0,3162.05
FD4717,Low Sugar,Fruits and Vegetables,OUT002,Small,Tier 3,Food Mart,11.98,0.045,90.94,1998.0,2152.8
NC3269,No Sugar,Others,OUT002,Small,Tier 3,Food Mart,10.96,0.011,106.66,1998.0,2244.35
FD605,Regular,Snack Foods,OUT004,Medium,Tier 2,Supermarket Type2,8.99,0.142,165.8,2009.0,3008.75
FD1839,Low Sugar,Snack Foods,OUT001,High,Tier 2,Supermarket Type1,15.34,0.057,172.37,1987.0,4579.39
FD7926,Low Sugar,Snack Foods,OUT001,High,Tier 2,Supermarket Type1,12.28,0.093,100.94,1987.0,2426.07
FD7953,Low Sugar,Meat,OUT004,Medium,Tier 2,Supermarket Type2,13.87,0.055,142.04,2009.0,3626.84
NC2378,No Sugar,Household,OUT004,Medium,Tier 2,Supermarket Type2,13.76,0.239,119.39,2009.0,3138.63
DR433,Low Sugar,Soft Drinks,OUT001,High,Tier 2,Supermarket Type1,15.6,0.121,176.07,1987.0,3191.08
FD71,Low Sugar,Fruits and Vegetables,OUT004,Medium,Tier 2,Supermarket Type2,9.44,0.038,136.96,2009.0,3552.87
FD5591,Regular,Breakfast,OUT001,High,Tier 2,Supermarket Type1,11.86,0.035,101.33,1987.0,2339.85
FD986,Low Sugar,Fruits and Vegetables,OUT004,Medium,Tier 2,Supermarket Type2,11.16,0.052,151.76,2009.0,3212.28
NC7197,No Sugar,Household,OUT004,Medium,Tier 2,Supermarket Type2,13.64,0.118,136.94,2009.0,3469.99
FD7805,Low Sugar,Dairy,OUT004,Medium,Tier 2,Supermarket Type2,10.01,0.084,136.42,2009.0,2637.93
FD8466,Regular,Fruits and Vegetables,OUT004,Medium,Tier 2,Supermarket Type2,11.39,0.059,134.62,2009.0,2914.81
DR4518,Low Sugar,Soft Drinks,OUT002,Small,Tier 3,Food Mart,8.29,0.144,130.89,1998.0,2137.39
FD6712,Regular,Dairy,OUT004,Medium,Tier 2,Supermarket Type2,12.16,0.112,129.54,2009.0,2984.59
NC1044,No Sugar,Health and Hygiene,OUT002,Small,Tier 3,Food Mart,8.95,0.05,131.45,1998.0,2296.61
FD5838,Low Sugar,Meat,OUT002,Small,Tier 3,Food Mart,10.91,0.056,106.68,1998.0,2233.56
FD5845,Low Sugar,Frozen Foods,OUT004,Medium,Tier 2,Supermarket Type2,13.91,0.018,131.94,2009.0,3429.62
FD6523,Regular,Breakfast,OUT004,Medium,Tier 2,Supermarket Type2,13.23,0.072,150.16,2009.0,3647.96
FD3229,Low Sugar,Frozen Foods,OUT001,High,Tier 2,Supermarket Type1,14.34,0.064,201.82,1987.0,4956.68
FD7532,Low Sugar,Fruits and Vegetables,OUT001,High,Tier 2,Supermarket Type1,13.33,0.075,170.77,1987.0,4092.81
FD2633,Regular,Fruits and Vegetables,OUT002,Small,Tier 3,Food Mart,13.45,0.087,75.23,1998.0,2164.56
FD1034,Regular,Snack Foods,OUT004,Medium,Tier 2,Supermarket Type2,10.62,0.147,123.71,2009.0,2516.48
FD1954,Low Sugar,Dairy,OUT004,Medium,Tier 2,Supermarket Type2,11.61,0.023,164.4,2009.0,3572.93
FD3010,Low Sugar,Dairy,OUT004,Medium,Tier 2,Supermarket Type2,14.0,0.061,155.05,2009.0,3922.62
FD2040,Low Sugar,Canned,OUT004,Medium,Tier 2,Supermarket Type2,9.23,0.027,145.12,2009.0,2639.85
FD5956,Regular,Fruits and Vegetables,OUT004,Medium,Tier 2,Supermarket Type2,13.88,0.068,159.78,2009.0,3990.93
NC2269,No Sugar,Health and Hygiene,OUT002,Small,Tier 3,Food Mart,10.29,0.174,100.03,1998.0,1957.85
NC1759,No Sugar,Household,OUT004,Medium,Tier 2,Supermarket Type2,12.03,0.084,127.16,2009.0,2905.27
FD1761,Regular,Snack Foods,OUT004,Medium,Tier 2,Supermarket Type2,11.23,0.067,148.57,2009.0,3163.79
DR6598,Low Sugar,Soft Drinks,OUT004,Medium,Tier 2,Supermarket Type2,11.53,0.14,176.53,2009.0,3804.15
NC2862,No Sugar,Health and Hygiene,OUT004,Medium,Tier 2,Supermarket Type2,12.46,0.053,145.98,2009.0,3387.9
FD8685,Low Sugar,Snack Foods,OUT004,Medium,Tier 2,Supermarket Type2,15.3,0.024,144.34,2009.0,3995.36
NC3951,No Sugar,Household,OUT001,High,Tier 2,Supermarket Type1,14.64,0.023,176.9,1987.0,4514.09
FD1748,Low Sugar,Fruits and Vegetables,OUT004,Medium,Tier 2,Supermarket Type2,15.28,0.01,139.0,2009.0,3882.54
FD4558,Regular,Snack Foods,OUT002,Small,Tier 3,Food Mart,9.21,0.044,127.39,1998.0,2273.06
FD6504,Low Sugar,Fruits and Vegetables,OUT002,Small,Tier 3,Food Mart,9.05,0.073,106.63,1998.0,1812.02
FD1172,Low Sugar,Fruits and Vegetables,OUT004,Medium,Tier 2,Supermarket Type2,9.83,0.184,141.63,2009.0,2704.28
NC2307,No Sugar,Others,OUT004,Medium,Tier 2,Supermarket Type2,12.91,0.019,167.01,2009.0,3919.74
FD181,Low Sugar,Canned,OUT001,High,Tier 2,Supermarket Type1,7.7,0.113,126.23,1987.0,3850.99
DR4250,Low Sugar,Soft Drinks,OUT001,High,Tier 2,Supermarket Type1,12.92,0.04,172.64,1987.0,4037.04
NC1673,No Sugar,Health and Hygiene,OUT001,High,Tier 2,Supermarket Type1,14.69,0.037,158.44,1987.0,4147.71
FD2669,Regular,Snack Foods,OUT002,Small,Tier 3,Food Mart,9.54,0.04,106.83,1998.0,1926.2
FD411,Regular,Dairy,OUT001,High,Tier 2,Supermarket Type1,15.38,0.145,168.12,1987.0,2342.5
FD7321,Regular,Dairy,OUT004,Medium,Tier 2,Supermarket Type2,13.52,0.14,139.07,2009.0,3486.32
DR1678,Regular,Soft Drinks,OUT002,Small,Tier 3,Food Mart,10.54,0.04,111.83,1998.0,2255.06
FD2442,Low Sugar,Breakfast,OUT001,High,Tier 2,Supermarket Type1,12.06,0.157,104.46,1987.0,2448.0
FD2785,Low Sugar,Snack Foods,OUT004,Medium,Tier 2,Supermarket Type2,13.07,0.017,122.22,2009.0,3040.18
FD7539,Low Sugar,Canned,OUT001,High,Tier 2,Supermarket Type1,15.59,0.019,187.02,1987.0,4935.59
FD5712,Low Sugar,Fruits and Vegetables,OUT004,Medium,Tier 2,Supermarket Type2,11.88,0.018,134.63,2009.0,3024.21
FD8448,Low Sugar,Dairy,OUT004,Medium,Tier 2,Supermarket Type2,12.08,0.029,117.53,2009.0,2719.22
FD572,Low Sugar,Baking Goods,OUT004,Medium,Tier 2,Supermarket Type2,11.34,0.094,147.74,2009.0,1737.15
FD4654,Low Sugar,Frozen Foods,OUT004,Medium,Tier 2,Supermarket Type2,10.57,0.023,150.93,2009.0,3062.23
FD3741,Low Sugar,Canned,OUT001,High,Tier 2,Supermarket Type1,8.04,0.014,145.35,1987.0,2377.27
FD2683,Low Sugar,Fruits and Vegetables,OUT004,Medium,Tier 2,Supermarket Type2,10.82,0.064,148.05,2009.0,3060.31
FD3723,Low Sugar,Snack Foods,OUT004,Medium,Tier 2,Supermarket Type2,11.15,0.03,180.22,2009.0,3792.93
FD3551,Regular,Dairy,OUT004,Medium,Tier 2,Supermarket Type2,13.53,0.019,123.41,2009.0,3168.28
FD2644,Low Sugar,Snack Foods,OUT002,Small,Tier 3,Food Mart,10.43,0.059,73.7,1998.0,1450.83
FD4884,Regular,Canned,OUT001,High,Tier 2,Supermarket Type1,9.92,0.033,129.55,1987.0,2477.23
FD5549,Regular,Frozen Foods,OUT002,Small,Tier 3,Food Mart,10.44,0.022,97.29,1998.0,1935.25
FD944,reg,Seafood,OUT004,Medium,Tier 2,Supermarket Type2,12.66,0.035,128.72,2009.0,3081.41
DR1452,reg,Hard Drinks,OUT002,Small,Tier 3,Food Mart,10.96,0.076,106.63,1998.0,2244.19
FD7497,Low Sugar,Frozen Foods,OUT004,Medium,Tier 2,Supermarket Type2,9.9,0.082,177.78,2009.0,3459.14
DR4820,Low Sugar,Soft Drinks,OUT002,Small,Tier 3,Food Mart,11.67,0.12,86.03,1998.0,1983.34
NC1128,No Sugar,Household,OUT004,Medium,Tier 2,Supermarket Type2,13.68,0.115,127.8,2009.0,3292.5
FD5390,Low Sugar,Baking Goods,OUT004,Medium,Tier 2,Supermarket Type2,12.56,0.017,161.04,2009.0,3718.21
FD5201,Regular,Starchy Foods,OUT004,Medium,Tier 2,Supermarket Type2,11.86,0.124,170.24,2009.0,3748.32
NC1400,No Sugar,Others,OUT004,Medium,Tier 2,Supermarket Type2,11.67,0.094,160.0,2009.0,3495.67
NC6169,No Sugar,Health and Hygiene,OUT004,Medium,Tier 2,Supermarket Type2,14.33,0.061,138.52,2009.0,3658.43
NC8294,No Sugar,Health and Hygiene,OUT001,High,Tier 2,Supermarket Type1,14.08,0.026,193.38,1987.0,4723.11
NC4432,No Sugar,Household,OUT001,High,Tier 2,Supermarket Type1,14.89,0.007,176.25,1987.0,4556.06
FD8016,Low Sugar,Canned,OUT004,Medium,Tier 2,Supermarket Type2,9.47,0.052,137.5,2009.0,2537.93
FD1547,Low Sugar,Baking Goods,OUT004,Medium,Tier 2,Supermarket Type2,10.98,0.03,179.08,2009.0,3730.45
FD4275,Low Sugar,Fruits and Vegetables,OUT004,Medium,Tier 2,Supermarket Type2,11.75,0.055,180.2,2009.0,3927.26
FD4405,Low Sugar,Fruits and Vegetables,OUT004,Medium,Tier 2,Supermarket Type2,12.95,0.128,149.98,2009.0,3579.92
FD2082,Low Sugar,Breads,OUT002,Small,Tier 3,Food Mart,10.17,0.274,77.76,1998.0,1475.31
NC82,No Sugar,Household,OUT001,High,Tier 2,Supermarket Type1,16.48,0.011,155.02,1987.0,3187.7
FD1205,Low Sugar,Frozen Foods,OUT004,Medium,Tier 2,Supermarket Type2,11.92,0.039,136.88,2009.0,3079.32
FD1711,Low Sugar,Frozen Foods,OUT001,High,Tier 2,Supermarket Type1,8.11,0.018,145.89,1987.0,2403.75
NC810,No Sugar,Household,OUT002,Small,Tier 3,Food Mart,8.35,0.185,136.18,1998.0,2259.88
FD454,Low Sugar,Snack Foods,OUT001,High,Tier 2,Supermarket Type1,17.97,0.053,204.5,1987.0,2810.35
FD4763,Low Sugar,Dairy,OUT004,Medium,Tier 2,Supermarket Type2,11.69,0.047,133.27,2009.0,2955.11
FD2186,Regular,Canned,OUT004,Medium,Tier 2,Supermarket Type2,13.87,0.109,110.88,2009.0,2988.39
FD812,Regular,Canned,OUT004,Medium,Tier 2,Supermarket Type2,12.35,0.185,131.65,2009.0,3070.22
FD799,Low Sugar,Meat,OUT004,Medium,Tier 2,Supermarket Type2,10.73,0.054,148.79,2009.0,3055.69
FD6161,Regular,Fruits and Vegetables,OUT004,Medium,Tier 2,Supermarket Type2,12.79,0.041,168.13,2009.0,3915.74
FD5679,Regular,Frozen Foods,OUT001,High,Tier 2,Supermarket Type1,14.63,0.077,193.81,1987.0,4857.25
FD6137,Low Sugar,Dairy,OUT004,Medium,Tier 2,Supermarket Type2,11.14,0.039,180.49,2009.0,3796.06
NC2411,No Sugar,Household,OUT004,Medium,Tier 2,Supermarket Type2,12.96,0.071,102.52,2009.0,2612.98
FD716,Low Sugar,Canned,OUT004,Medium,Tier 2,Supermarket Type2,10.64,0.168,152.01,2009.0,3099.3
NC3682,No Sugar,Others,OUT001,High,Tier 2,Supermarket Type1,13.49,0.043,165.5,1987.0,4020.89
FD2164,Low Sugar,Dairy,OUT004,Medium,Tier 2,Supermarket Type2,10.69,0.033,152.95,2009.0,3130.17
FD471,Regular,Snack Foods,OUT002,Small,Tier 3,Food Mart,9.76,0.015,139.5,1998.0,1474.53
NC6456,No Sugar,Household,OUT004,Medium,Tier 2,Supermarket Type2,10.13,0.015,135.17,2009.0,2639.89
FD947,Low Sugar,Baking Goods,OUT004,Medium,Tier 2,Supermarket Type2,10.27,0.04,169.39,2009.0,3371.62
DR7741,Low Sugar,Soft Drinks,OUT001,High,Tier 2,Supermarket Type1,14.46,0.042,159.49,1987.0,4115.73
FD1951,Low Sugar,Snack Foods,OUT004,Medium,Tier 2,Supermarket Type2,8.13,0.047,161.05,2009.0,2717.45
FD588,Regular,Dairy,OUT002,Small,Tier 3,Food Mart,11.92,0.031,138.42,1998.0,800.44
FD5653,Regular,Baking Goods,OUT004,Medium,Tier 2,Supermarket Type2,13.54,0.093,113.6,2009.0,2968.81
FD3793,Low Sugar,Canned,OUT002,Small,Tier 3,Food Mart,9.02,0.072,103.58,1998.0,1743.54
FD8,Regular,Meat,OUT002,Small,Tier 3,Food Mart,11.12,0.074,155.07,1998.0,763.99
FD7801,Low Sugar,Fruits and Vegetables,OUT004,Medium,Tier 2,Supermarket Type2,13.32,0.03,160.84,2009.0,3886.05
FD4068,Low Sugar,Frozen Foods,OUT002,Small,Tier 3,Food Mart,10.31,0.054,111.08,1998.0,2188.81
DR4745,Regular,Soft Drinks,OUT004,Medium,Tier 2,Supermarket Type2,14.36,0.077,107.01,2009.0,3019.43
FD1879,Low Sugar,Fruits and Vegetables,OUT004,Medium,Tier 2,Supermarket Type2,14.11,0.035,155.51,2009.0,3956.16
FD6281,Regular,Meat,OUT002,Small,Tier 3,Food Mart,10.29,0.171,103.21,1998.0,2023.36
NC6097,No Sugar,Household,OUT004,Medium,Tier 2,Supermarket Type2,12.29,0.103,136.06,2009.0,3146.87
NC4930,No Sugar,Health and Hygiene,OUT004,Medium,Tier 2,Supermarket Type2,11.75,0.086,122.61,2009.0,2749.81
FD7672,Regular,Canned,OUT004,Medium,Tier 2,Supermarket Type2,11.14,0.114,140.55,2009.0,2979.5
NC2662,No Sugar,Household,OUT004,Medium,Tier 2,Supermarket Type2,12.29,0.141,154.65,2009.0,3526.52
FD4813,Low Sugar,Snack Foods,OUT004,Medium,Tier 2,Supermarket Type2,12.69,0.049,133.61,2009.0,3187.12
NC3668,No Sugar,Others,OUT004,Medium,Tier 2,Supermarket Type2,11.08,0.076,149.09,2009.0,3139.51
DR8694,Regular,Hard Drinks,OUT002,Small,Tier 3,Food Mart,11.3,0.099,90.06,1998.0,1981.53
FD6522,Regular,Fruits and Vegetables,OUT004,Medium,Tier 2,Supermarket Type2,12.89,0.067,116.78,2009.0,2888.83
NC4601,No Sugar,Health and Hygiene,OUT004,Medium,Tier 2,Supermarket Type2,10.24,0.051,134.03,2009.0,2642.88
FD4864,Low Sugar,Canned,OUT001,High,Tier 2,Supermarket Type1,15.88,0.082,175.63,1987.0,4768.83
FD7515,Regular,Baking Goods,OUT004,Medium,Tier 2,Supermarket Type2,13.35,0.16,157.45,2009.0,3823.63
FD4978,Low Sugar,Fruits and Vegetables,OUT002,Small,Tier 3,Food Mart,8.72,0.026,102.83,1998.0,1660.57
FD4783,reg,Baking Goods,OUT004,Medium,Tier 2,Supermarket Type2,13.22,0.122,127.13,2009.0,3174.35
NC7745,No Sugar,Health and Hygiene,OUT004,Medium,Tier 2,Supermarket Type2,12.68,0.117,144.61,2009.0,3408.87
FD3492,reg,Frozen Foods,OUT001,High,Tier 2,Supermarket Type1,15.62,0.052,183.02,1987.0,4860.93
FD3123,Regular,Frozen Foods,OUT001,High,Tier 2,Supermarket Type1,14.11,0.023,167.1,1987.0,4193.43
FD5243,Low Sugar,Snack Foods,OUT002,Small,Tier 3,Food Mart,9.9,0.036,97.0,1998.0,1806.51
FD2294,Low Sugar,Snack Foods,OUT004,Medium,Tier 2,Supermarket Type2,13.2,0.065,115.26,2009.0,2927.41
FD6079,reg,Frozen Foods,OUT004,Medium,Tier 2,Supermarket Type2,14.14,0.034,153.5,2009.0,3921.9
NC5353,No Sugar,Health and Hygiene,OUT004,Medium,Tier 2,Supermarket Type2,12.45,0.046,164.01,2009.0,3755.52
FD450,Low Sugar,Baking Goods,OUT002,Small,Tier 3,Food Mart,17.42,0.027,143.85,1998.0,1901.04
FD1309,Low Sugar,Snack Foods,OUT004,Medium,Tier 2,Supermarket Type2,13.27,0.116,158.91,2009.0,3836.59
NC773,No Sugar,Others,OUT004,Medium,Tier 2,Supermarket Type2,11.98,0.024,144.92,2009.0,3258.36
NC4379,No Sugar,Health and Hygiene,OUT004,Medium,Tier 2,Supermarket Type2,13.15,0.113,141.61,2009.0,3453.75
FD5376,Low Sugar,Seafood,OUT001,High,Tier 2,Supermarket Type1,15.07,0.089,180.86,1987.0,4692.82
FD6757,Regular,Canned,OUT002,Small,Tier 3,Food Mart,7.3,0.033,133.38,1998.0,1963.62
FD1718,Regular,Breakfast,OUT004,Medium,Tier 2,Supermarket Type2,13.88,0.126,150.44,2009.0,3800.73
FD512,Low Sugar,Snack Foods,OUT001,High,Tier 2,Supermarket Type1,14.69,0.044,172.0,1987.0,3365.01
FD2070,Regular,Meat,OUT001,High,Tier 2,Supermarket Type1,11.65,0.043,104.18,1987.0,2349.56
NC5944,No Sugar,Household,OUT004,Medium,Tier 2,Supermarket Type2,11.86,0.158,129.18,2009.0,2908.09
FD1219,Low Sugar,Canned,OUT002,Small,Tier 3,Food Mart,8.91,0.108,113.78,1998.0,1927.71
NC5664,No Sugar,Health and Hygiene,OUT004,Medium,Tier 2,Supermarket Type2,13.18,0.032,119.1,2009.0,3000.01
NC8663,No Sugar,Household,OUT002,Small,Tier 3,Food Mart,9.29,0.034,127.26,1998.0,2288.48
FD5575,Low Sugar,Frozen Foods,OUT001,High,Tier 2,Supermarket Type1,12.48,0.026,99.54,1987.0,2442.86
DR8654,Low Sugar,Soft Drinks,OUT001,High,Tier 2,Supermarket Type1,10.73,0.033,113.57,1987.0,2333.46
NC8098,No Sugar,Others,OUT004,Medium,Tier 2,Supermarket Type2,11.67,0.142,137.1,2009.0,3027.56
NC7971,No Sugar,Health and Hygiene,OUT004,Medium,Tier 2,Supermarket Type2,11.24,0.071,116.91,2009.0,2518.68
FD94,Regular,Fruits and Vegetables,OUT002,Small,Tier 3,Food Mart,13.17,0.034,164.63,1998.0,1011.57
FD6900,Low Sugar,Meat,OUT004,Medium,Tier 2,Supermarket Type2,12.69,0.025,128.45,2009.0,3081.17
FD5037,Low Sugar,Snack Foods,OUT002,Small,Tier 3,Food Mart,11.12,0.124,104.86,1998.0,2244.64
FD7263,Regular,Fruits and Vegetables,OUT002,Small,Tier 3,Food Mart,8.9,0.02,108.29,1998.0,1811.88
NC6758,No Sugar,Household,OUT004,Medium,Tier 2,Supermarket Type2,11.86,0.043,138.12,2009.0,3091.26
FD5025,Regular,Meat,OUT001,High,Tier 2,Supermarket Type1,13.47,0.104,165.38,1987.0,4012.5
DR3914,Regular,Hard Drinks,OUT001,High,Tier 2,Supermarket Type1,13.09,0.022,197.75,1987.0,4590.15
NC917,No Sugar,Household,OUT004,Medium,Tier 2,Supermarket Type2,10.01,0.08,143.18,2009.0,2777.61
NC6856,No Sugar,Household,OUT002,Small,Tier 3,Food Mart,9.72,0.022,112.11,1998.0,2075.82
NC5189,No Sugar,Household,OUT004,Medium,Tier 2,Supermarket Type2,9.95,0.09,166.52,2009.0,3240.92
FD4302,Low Sugar,Snack Foods,OUT001,High,Tier 2,Supermarket Type1,14.71,0.016,154.94,1987.0,4080.58
FD5809,Low Sugar,Snack Foods,OUT001,High,Tier 2,Supermarket Type1,9.89,0.145,128.97,1987.0,2460.16
FD236,Regular,Fruits and Vegetables,OUT001,High,Tier 2,Supermarket Type1,12.4,0.065,94.99,1987.0,4685.23
FD1035,Low Sugar,Snack Foods,OUT004,Medium,Tier 2,Supermarket Type2,10.24,0.078,133.55,2009.0,2631.47
DR3289,Low Sugar,Soft Drinks,OUT004,Medium,Tier 2,Supermarket Type2,11.11,0.02,163.11,2009.0,3433.77
NC2710,No Sugar,Household,OUT004,Medium,Tier 2,Supermarket Type2,11.91,0.045,122.21,2009.0,2777.43
NC6034,No Sugar,Household,OUT001,High,Tier 2,Supermarket Type1,10.91,0.039,112.81,1987.0,2359.69
NC3315,No Sugar,Others,OUT004,Medium,Tier 2,Supermarket Type2,10.28,0.01,148.37,2009.0,2944.23
DR8395,Regular,Hard Drinks,OUT004,Medium,Tier 2,Supermarket Type2,11.11,0.023,161.74,2009.0,3404.92
FD5229,Regular,Meat,OUT004,Medium,Tier 2,Supermarket Type2,12.35,0.022,113.41,2009.0,2697.34
FD3505,Regular,Snack Foods,OUT004,Medium,Tier 2,Supermarket Type2,10.48,0.114,158.21,2009.0,3190.93
FD7215,Low Sugar,Snack Foods,OUT001,High,Tier 2,Supermarket Type1,13.24,0.121,169.93,1987.0,4055.09
NC5142,No Sugar,Health and Hygiene,OUT004,Medium,Tier 2,Supermarket Type2,14.26,0.112,147.57,2009.0,3826.56
FD7696,Low Sugar,Meat,OUT004,Medium,Tier 2,Supermarket Type2,11.55,0.096,117.09,2009.0,2591.89
FD6061,Low Sugar,Snack Foods,OUT004,Medium,Tier 2,Supermarket Type2,13.39,0.041,159.07,2009.0,3865.18
NC6156,No Sugar,Health and Hygiene,OUT002,Small,Tier 3,Food Mart,9.2,0.058,85.06,1998.0,1404.7
FD5217,Low Sugar,Dairy,OUT001,High,Tier 2,Supermarket Type1,15.54,0.027,186.52,1987.0,4913.95
DR4491,Low Sugar,Soft Drinks,OUT004,Medium,Tier 2,Supermarket Type2,11.65,0.035,153.25,2009.0,3353.21
FD7349,Low Sugar,Baking Goods,OUT004,Medium,Tier 2,Supermarket Type2,11.26,0.146,142.78,2009.0,3050.77
DR5925,Low Sugar,Soft Drinks,OUT002,Small,Tier 3,Food Mart,8.98,0.085,114.61,1998.0,1959.01
FD3238,Regular,Fruits and Vegetables,OUT004,Medium,Tier 2,Supermarket Type2,10.54,0.094,151.96,2009.0,3076.33
NC6300,No Sugar,Health and Hygiene,OUT001,High,Tier 2,Supermarket Type1,13.92,0.036,188.87,1987.0,4595.67
FD1496,Low Sugar,Snack Foods,OUT004,Medium,Tier 2,Supermarket Type2,8.9,0.108,149.8,2009.0,2660.66
FD8129,Low Sugar,Baking Goods,OUT004,Medium,Tier 2,Supermarket Type2,10.23,0.142,140.42,2009.0,2769.94
FD6468,Regular,Canned,OUT004,Medium,Tier 2,Supermarket Type2,14.51,0.066,131.78,2009.0,3559.96
FD1866,Low Sugar,Fruits and Vegetables,OUT002,Small,Tier 3,Food Mart,6.65,0.068,116.13,1998.0,1464.46
NC3778,No Sugar,Health and Hygiene,OUT004,Medium,Tier 2,Supermarket Type2,12.87,0.055,148.99,2009.0,3542.73
FD6537,Regular,Fruits and Vegetables,OUT004,Medium,Tier 2,Supermarket Type2,12.91,0.035,140.6,2009.0,3380.66
FD7095,Low Sugar,Snack Foods,OUT004,Medium,Tier 2,Supermarket Type2,13.81,0.058,160.24,2009.0,3985.2
NC2713,No Sugar,Household,OUT004,Medium,Tier 2,Supermarket Type2,11.94,0.048,162.52,2009.0,3608.59
FD5823,Low Sugar,Seafood,OUT004,Medium,Tier 2,Supermarket Type2,16.26,0.174,128.94,2009.0,3898.43
FD2821,Low Sugar,Snack Foods,OUT001,High,Tier 2,Supermarket Type1,13.9,0.095,185.63,1987.0,4525.49
FD6226,Regular,Canned,OUT001,High,Tier 2,Supermarket Type1,16.15,0.185,168.51,1987.0,4684.13
NC4503,No Sugar,Household,OUT004,Medium,Tier 2,Supermarket Type2,13.7,0.142,105.59,2009.0,2842.7
FD412,Regular,Starchy Foods,OUT004,Medium,Tier 2,Supermarket Type2,15.09,0.114,114.89,2009.0,5256.36
FD6751,Low Sugar,Canned,OUT004,Medium,Tier 2,Supermarket Type2,10.77,0.016,136.99,2009.0,2822.73
DR7860,Low Sugar,Soft Drinks,OUT004,Medium,Tier 2,Supermarket Type2,13.33,0.054,149.59,2009.0,3658.51
FD7850,Low Sugar,Frozen Foods,OUT004,Medium,Tier 2,Supermarket Type2,10.98,0.125,184.29,2009.0,3836.73
FD4588,Low Sugar,Canned,OUT002,Small,Tier 3,Food Mart,10.14,0.01,95.25,1998.0,1826.77
FD7219,Low Sugar,Dairy,OUT004,Medium,Tier 2,Supermarket Type2,14.84,0.064,135.55,2009.0,3712.61
FD5569,Low Sugar,Baking Goods,OUT004,Medium,Tier 2,Supermarket Type2,11.97,0.008,140.76,2009.0,3170.25
FD5146,Low Sugar,Starchy Foods,OUT001,High,Tier 2,Supermarket Type1,13.66,0.028,197.68,1987.0,4717.49
FD6767,Low Sugar,Frozen Foods,OUT004,Medium,Tier 2,Supermarket Type2,13.05,0.044,164.91,2009.0,3908.56
FD5907,Regular,Canned,OUT004,Medium,Tier 2,Supermarket Type2,9.91,0.044,136.33,2009.0,2615.44
FD3622,reg,Fruits and Vegetables,OUT004,Medium,Tier 2,Supermarket Type2,12.26,0.085,138.07,2009.0,3180.13
FD6248,Low Sugar,Breads,OUT004,Medium,Tier 2,Supermarket Type2,12.66,0.036,145.71,2009.0,3426.9
FD1831,Low Sugar,Canned,OUT004,Medium,Tier 2,Supermarket Type2,12.62,0.086,111.48,2009.0,2717.67
FD1608,Low Sugar,Starchy Foods,OUT004,Medium,Tier 2,Supermarket Type2,11.95,0.08,129.5,2009.0,2934.91
NC5976,No Sugar,Health and Hygiene,OUT002,Small,Tier 3,Food Mart,12.13,0.078,77.21,1998.0,1907.38
NC5129,No Sugar,Household,OUT004,Medium,Tier 2,Supermarket Type2,10.34,0.12,126.22,2009.0,2504.11
FD3968,Regular,Starchy Foods,OUT004,Medium,Tier 2,Supermarket Type2,11.55,0.053,153.55,2009.0,3337.44
FD4938,Low Sugar,Snack Foods,OUT004,Medium,Tier 2,Supermarket Type2,13.41,0.019,150.5,2009.0,3695.3
FD1413,Regular,Baking Goods,OUT004,Medium,Tier 2,Supermarket Type2,10.22,0.08,135.08,2009.0,2659.27
FD6460,Low Sugar,Frozen Foods,OUT004,Medium,Tier 2,Supermarket Type2,9.84,0.043,138.63,2009.0,2646.15
FD4249,Low Sugar,Meat,OUT004,Medium,Tier 2,Supermarket Type2,11.55,0.017,129.91,2009.0,2853.36
FD1787,Regular,Canned,OUT004,Medium,Tier 2,Supermarket Type2,11.66,0.094,145.99,2009.0,3207.89
FD627,Low Sugar,Fruits and Vegetables,OUT004,Medium,Tier 2,Supermarket Type2,14.11,0.037,152.6,2009.0,3897.53
FD1680,Low Sugar,Canned,OUT001,High,Tier 2,Supermarket Type1,10.23,0.152,124.63,1987.0,2447.5
NC6252,No Sugar,Others,OUT004,Medium,Tier 2,Supermarket Type2,12.02,0.043,142.68,2009.0,3221.4
NC3194,No Sugar,Health and Hygiene,OUT002,Small,Tier 3,Food Mart,10.71,0.079,111.89,1998.0,2296.12
FD3363,Low Sugar,Breakfast,OUT004,Medium,Tier 2,Supermarket Type2,13.6,0.035,158.01,2009.0,3892.16
FD3053,Low Sugar,Fruits and Vegetables,OUT004,Medium,Tier 2,Supermarket Type2,14.41,0.186,151.56,2009.0,3942.23
FD530,Low Sugar,Frozen Foods,OUT001,High,Tier 2,Supermarket Type1,16.58,0.052,159.67,1987.0,4549.17
FD3001,Low Sugar,Dairy,OUT001,High,Tier 2,Supermarket Type1,10.63,0.027,121.9,1987.0,2483.01
FD488,Low Sugar,Frozen Foods,OUT004,Medium,Tier 2,Supermarket Type2,13.36,0.022,151.78,2009.0,3064.36
FD5842,Regular,Meat,OUT004,Medium,Tier 2,Supermarket Type2,13.16,0.29,100.73,2009.0,2621.35
FD6474,Low Sugar,Snack Foods,OUT004,Medium,Tier 2,Supermarket Type2,12.68,0.043,148.86,2009.0,3497.51
FD8090,Low Sugar,Snack Foods,OUT004,Medium,Tier 2,Supermarket Type2,13.33,0.136,102.39,2009.0,2693.77
NC7732,No Sugar,Household,OUT004,Medium,Tier 2,Supermarket Type2,12.1,0.094,151.61,2009.0,3422.5
FD7254,Low Sugar,Frozen Foods,OUT004,Medium,Tier 2,Supermarket Type2,13.6,0.082,159.22,2009.0,3916.47
FD67,Low Sugar,Canned,OUT004,Medium,Tier 2,Supermarket Type2,12.56,0.105,155.88,2009.0,2211.47
FD323,Regular,Fruits and Vegetables,OUT004,Medium,Tier 2,Supermarket Type2,11.45,0.118,160.96,2009.0,5091.48
FD8444,Low Sugar,Canned,OUT004,Medium,Tier 2,Supermarket Type2,12.15,0.013,141.87,2009.0,3233.42
DR2814,Low Sugar,Soft Drinks,OUT004,Medium,Tier 2,Supermarket Type2,12.78,0.121,120.0,2009.0,2927.84
NC8740,No Sugar,Health and Hygiene,OUT004,Medium,Tier 2,Supermarket Type2,10.9,0.013,153.32,2009.0,3186.51
FD4114,Low Sugar,Meat,OUT004,Medium,Tier 2,Supermarket Type2,12.8,0.036,115.4,2009.0,2839.78
NC3628,No Sugar,Health and Hygiene,OUT004,Medium,Tier 2,Supermarket Type2,14.73,0.173,136.46,2009.0,3705.29
FD1627,Regular,Snack Foods,OUT004,Medium,Tier 2,Supermarket Type2,15.15,0.021,130.79,2009.0,3685.57
FD7476,Regular,Fruits and Vegetables,OUT004,Medium,Tier 2,Supermarket Type2,9.37,0.031,154.88,2009.0,2871.93
FD3420,Low Sugar,Snack Foods,OUT004,Medium,Tier 2,Supermarket Type2,13.01,0.126,125.3,2009.0,3088.8
FD4202,Low Sugar,Snack Foods,OUT004,Medium,Tier 2,Supermarket Type2,12.61,0.025,152.36,2009.0,3552.94
NC4905,No Sugar,Health and Hygiene,OUT004,Medium,Tier 2,Supermarket Type2,12.19,0.09,151.42,2009.0,3439.37
FD6566,Regular,Starchy Foods,OUT004,Medium,Tier 2,Supermarket Type2,13.19,0.104,143.69,2009.0,3506.0
FD7069,Low Sugar,Baking Goods,OUT004,Medium,Tier 2,Supermarket Type2,11.74,0.077,165.86,2009.0,3631.42
FD7432,Low Sugar,Breads,OUT004,Medium,Tier 2,Supermarket Type2,15.15,0.019,145.79,2009.0,3993.19
DR5338,Low Sugar,Soft Drinks,OUT004,Medium,Tier 2,Supermarket Type2,13.47,0.078,156.38,2009.0,3829.04
NC2822,No Sugar,Health and Hygiene,OUT004,Medium,Tier 2,Supermarket Type2,11.55,0.038,148.36,2009.0,3231.34
FD3299,Regular,Canned,OUT004,Medium,Tier 2,Supermarket Type2,12.22,0.05,158.49,2009.0,3589.01
FD4108,Low Sugar,Frozen Foods,OUT004,Medium,Tier 2,Supermarket Type2,12.46,0.039,153.41,2009.0,3541.19
FD5480,Regular,Baking Goods,OUT004,Medium,Tier 2,Supermarket Type2,13.21,0.019,164.45,2009.0,3936.0
FD1143,Low Sugar,Fruits and Vegetables,OUT004,Medium,Tier 2,Supermarket Type2,13.08,0.082,149.55,2009.0,3602.08
FD3826,Regular,Baking Goods,OUT004,Medium,Tier 2,Supermarket Type2,13.24,0.071,159.6,2009.0,3843.76
FD2722,Low Sugar,Meat,OUT002,Small,Tier 3,Food Mart,10.5,0.041,95.15,1998.0,1905.89
FD2008,Low Sugar,Meat,OUT004,Medium,Tier 2,Supermarket Type2,13.6,0.021,155.14,2009.0,3833.12
FD7241,Low Sugar,Breads,OUT004,Medium,Tier 2,Supermarket Type2,11.93,0.102,109.5,2009.0,2522.31
FD141,Low Sugar,Dairy,OUT001,High,Tier 2,Supermarket Type1,9.92,0.047,96.75,1987.0,3239.11
FD2760,Low Sugar,Fruits and Vegetables,OUT004,Medium,Tier 2,Supermarket Type2,13.4,0.112,138.94,2009.0,3457.51
DR6038,Low Sugar,Soft Drinks,OUT002,Small,Tier 3,Food Mart,9.09,0.081,82.27,1998.0,1322.63
DR3952,Regular,Soft Drinks,OUT004,Medium,Tier 2,Supermarket Type2,9.52,0.125,145.51,2009.0,2714.62
FD8723,Low Sugar,Snack Foods,OUT002,Small,Tier 3,Food Mart,7.89,0.113,135.12,1998.0,2133.14
FD5472,Regular,Canned,OUT004,Medium,Tier 2,Supermarket Type2,15.25,0.085,122.62,2009.0,3540.01
FD4028,Low Sugar,Frozen Foods,OUT004,Medium,Tier 2,Supermarket Type2,12.53,0.063,115.35,2009.0,2776.45
FD6122,Regular,Meat,OUT001,High,Tier 2,Supermarket Type1,12.95,0.035,179.87,1987.0,4191.26
FD871,Low Sugar,Meat,OUT004,Medium,Tier 2,Supermarket Type2,10.96,0.029,137.54,2009.0,2875.92
FD1731,Low Sugar,Dairy,OUT001,High,Tier 2,Supermarket Type1,11.33,0.026,105.6,1987.0,2306.16
FD4562,Regular,Frozen Foods,OUT004,Medium,Tier 2,Supermarket Type2,12.16,0.092,115.92,2009.0,2705.2
FD5261,Regular,Frozen Foods,OUT002,Small,Tier 3,Food Mart,9.88,0.056,67.99,1998.0,1209.9
NC8481,No Sugar,Household,OUT002,Small,Tier 3,Food Mart,9.11,0.054,123.37,1998.0,2167.55
FD6858,Low Sugar,Fruits and Vegetables,OUT001,High,Tier 2,Supermarket Type1,7.54,0.079,153.76,1987.0,2435.08
FD5316,Low Sugar,Frozen Foods,OUT002,Small,Tier 3,Food Mart,10.18,0.021,112.92,1998.0,2197.53
FD6709,Low Sugar,Frozen Foods,OUT004,Medium,Tier 2,Supermarket Type2,14.58,0.052,136.64,2009.0,3676.97
NC5437,No Sugar,Health and Hygiene,OUT004,Medium,Tier 2,Supermarket Type2,13.24,0.128,136.87,2009.0,3377.89
FD651,Low Sugar,Meat,OUT001,High,Tier 2,Supermarket Type1,14.66,0.036,159.94,1987.0,4171.93
NC3326,No Sugar,Household,OUT004,Medium,Tier 2,Supermarket Type2,11.38,0.036,142.53,2009.0,3072.68
FD747,Regular,Baking Goods,OUT002,Small,Tier 3,Food Mart,8.89,0.076,101.39,1998.0,1668.17
FD3975,Low Sugar,Meat,OUT004,Medium,Tier 2,Supermarket Type2,12.03,0.085,169.95,2009.0,3781.9
FD7487,Low Sugar,Fruits and Vegetables,OUT004,Medium,Tier 2,Supermarket Type2,13.35,0.067,108.83,2009.0,2828.49
FD6068,Low Sugar,Canned,OUT001,High,Tier 2,Supermarket Type1,13.67,0.119,164.43,1987.0,4039.27
NC2696,No Sugar,Health and Hygiene,OUT004,Medium,Tier 2,Supermarket Type2,14.51,0.038,148.51,2009.0,3904.01
FD1791,Regular,Canned,OUT004,Medium,Tier 2,Supermarket Type2,12.72,0.119,125.06,2009.0,3018.35
FD8679,Low Sugar,Meat,OUT002,Small,Tier 3,Food Mart,9.65,0.043,109.7,1998.0,2010.76
NC1898,No Sugar,Household,OUT002,Small,Tier 3,Food Mart,9.51,0.079,94.15,1998.0,1661.62
FD8269,Low Sugar,Fruits and Vegetables,OUT001,High,Tier 2,Supermarket Type1,13.63,0.012,163.98,1987.0,4020.88
FD734,Low Sugar,Baking Goods,OUT002,Small,Tier 3,Food Mart,10.55,0.07,113.13,1998.0,2284.19
FD764,Low Sugar,Frozen Foods,OUT002,Small,Tier 3,Food Mart,10.78,0.178,86.3,1998.0,1787.79
FD5300,Low Sugar,Canned,OUT001,High,Tier 2,Supermarket Type1,15.56,0.153,171.92,1987.0,4619.83
FD3297,Low Sugar,Frozen Foods,OUT004,Medium,Tier 2,Supermarket Type2,10.71,0.126,165.94,2009.0,3400.82
DR5383,Low Sugar,Soft Drinks,OUT004,Medium,Tier 2,Supermarket Type2,11.49,0.035,129.17,2009.0,2826.07
FD804,Low Sugar,Frozen Foods,OUT004,Medium,Tier 2,Supermarket Type2,12.1,0.021,177.22,2009.0,3945.59
NC6997,No Sugar,Household,OUT002,Small,Tier 3,Food Mart,11.75,0.028,99.85,1998.0,2282.96
FD1473,Regular,Fruits and Vegetables,OUT004,Medium,Tier 2,Supermarket Type2,13.0,0.128,160.02,2009.0,3797.5
NC2437,No Sugar,Health and Hygiene,OUT004,Medium,Tier 2,Supermarket Type2,9.23,0.091,145.85,2009.0,2656.13
FD4305,Regular,Fruits and Vegetables,OUT004,Medium,Tier 2,Supermarket Type2,12.22,0.025,167.18,2009.0,3767.37
FD1051,Low Sugar,Canned,OUT004,Medium,Tier 2,Supermarket Type2,13.29,0.21,162.14,2009.0,3905.54
DR165,Low Sugar,Soft Drinks,OUT001,High,Tier 2,Supermarket Type1,14.37,0.066,167.02,1987.0,4785.32
FD697,Regular,Fruits and Vegetables,OUT001,High,Tier 2,Supermarket Type1,10.72,0.083,119.55,1987.0,2453.7
FD5596,Regular,Canned,OUT002,Small,Tier 3,Food Mart,10.11,0.012,116.22,1998.0,2248.62
NC1963,No Sugar,Household,OUT002,Small,Tier 3,Food Mart,8.8,0.047,107.05,1998.0,1763.55
FD3171,Low Sugar,Canned,OUT004,Medium,Tier 2,Supermarket Type2,13.29,0.086,135.99,2009.0,3371.45
FD8633,Low Sugar,Fruits and Vegetables,OUT001,High,Tier 2,Supermarket Type1,13.35,0.044,203.4,1987.0,4763.13
FD4197,Regular,Fruits and Vegetables,OUT004,Medium,Tier 2,Supermarket Type2,13.56,0.076,143.3,2009.0,3580.89
FD1482,Regular,Baking Goods,OUT004,Medium,Tier 2,Supermarket Type2,9.82,0.031,145.64,2009.0,2785.54
NC1458,No Sugar,Health and Hygiene,OUT002,Small,Tier 3,Food Mart,12.04,0.024,91.83,1998.0,2184.37
NC2320,No Sugar,Health and Hygiene,OUT001,High,Tier 2,Supermarket Type1,14.12,0.069,182.13,1987.0,4503.45
FD1518,Regular,Fruits and Vegetables,OUT004,Medium,Tier 2,Supermarket Type2,13.3,0.009,158.76,2009.0,3839.6
FD7464,reg,Fruits and Vegetables,OUT001,High,Tier 2,Supermarket Type1,12.63,0.022,98.16,1987.0,2447.67
FD5006,Low Sugar,Meat,OUT001,High,Tier 2,Supermarket Type1,13.09,0.038,176.27,1987.0,4150.5
FD3130,Regular,Breads,OUT002,Small,Tier 3,Food Mart,10.17,0.037,112.06,1998.0,2177.31
FD4589,Regular,Breads,OUT004,Medium,Tier 2,Supermarket Type2,12.57,0.037,134.06,2009.0,3169.84
FD2601,Low Sugar,Frozen Foods,OUT004,Medium,Tier 2,Supermarket Type2,12.82,0.038,150.37,2009.0,3560.07
FD5619,Regular,Dairy,OUT001,High,Tier 2,Supermarket Type1,14.45,0.021,196.06,1987.0,4863.67
DR124,Low Sugar,Soft Drinks,OUT002,Small,Tier 3,Food Mart,12.52,0.074,217.86,1998.0,539.96
NC7300,No Sugar,Household,OUT004,Medium,Tier 2,Supermarket Type2,11.86,0.057,142.51,2009.0,3182.18
FD7878,Low Sugar,Fruits and Vegetables,OUT004,Medium,Tier 2,Supermarket Type2,13.78,0.027,129.13,2009.0,3340.81
FD5686,Regular,Snack Foods,OUT004,Medium,Tier 2,Supermarket Type2,7.6,0.154,168.4,2009.0,2748.87
FD4360,Low Sugar,Fruits and Vegetables,OUT002,Small,Tier 3,Food Mart,9.27,0.06,105.33,1998.0,1835.94
FD3459,Low Sugar,Meat,OUT002,Small,Tier 3,Food Mart,7.98,0.097,95.02,1998.0,1332.44
FD6869,Low Sugar,Canned,OUT004,Medium,Tier 2,Supermarket Type2,11.59,0.085,135.1,2009.0,2968.4
FD436,Low Sugar,Meat,OUT002,Small,Tier 3,Food Mart,13.97,0.132,169.58,1998.0,2133.36
NC5345,No Sugar,Health and Hygiene,OUT002,Small,Tier 3,Food Mart,8.69,0.053,127.49,1998.0,2157.37
FD1768,Low Sugar,Dairy,OUT001,High,Tier 2,Supermarket Type1,13.47,0.123,169.15,1987.0,4089.79
NC2866,No Sugar,Health and Hygiene,OUT004,Medium,Tier 2,Supermarket Type2,13.0,0.027,161.88,2009.0,3835.2
NC708,No Sugar,Health and Hygiene,OUT002,Small,Tier 3,Food Mart,9.41,0.013,121.78,1998.0,2203.06
FD4524,Low Sugar,Snack Foods,OUT004,Medium,Tier 2,Supermarket Type2,12.02,0.041,118.48,2009.0,2725.02
NC5464,No Sugar,Health and Hygiene,OUT004,Medium,Tier 2,Supermarket Type2,10.64,0.055,142.89,2009.0,2914.38
FD6893,Low Sugar,Canned,OUT004,Medium,Tier 2,Supermarket Type2,12.13,0.039,131.83,2009.0,3023.88
FD8135,Regular,Canned,OUT004,Medium,Tier 2,Supermarket Type2,12.05,0.175,122.68,2009.0,2817.7
FD2671,Low Sugar,Snack Foods,OUT004,Medium,Tier 2,Supermarket Type2,12.14,0.027,140.48,2009.0,3202.22
FD8267,Low Sugar,Snack Foods,OUT004,Medium,Tier 2,Supermarket Type2,12.98,0.048,105.28,2009.0,2673.03
NC6054,No Sugar,Others,OUT004,Medium,Tier 2,Supermarket Type2,12.49,0.057,134.26,2009.0,3154.55
DR8147,Low Sugar,Soft Drinks,OUT001,High,Tier 2,Supermarket Type1,14.52,0.039,184.85,1987.0,4648.1
FD4167,Low Sugar,Dairy,OUT004,Medium,Tier 2,Supermarket Type2,14.51,0.041,139.17,2009.0,3712.22
FD3948,Low Sugar,Baking Goods,OUT004,Medium,Tier 2,Supermarket Type2,14.87,0.062,142.02,2009.0,3851.0
NC8488,No Sugar,Household,OUT001,High,Tier 2,Supermarket Type1,12.03,0.019,182.31,1987.0,4033.42
FD3764,Low Sugar,Frozen Foods,OUT004,Medium,Tier 2,Supermarket Type2,14.7,0.026,140.6,2009.0,3784.84
NC3812,No Sugar,Health and Hygiene,OUT001,High,Tier 2,Supermarket Type1,12.64,0.024,180.87,1987.0,4143.01
FD2241,Regular,Baking Goods,OUT004,Medium,Tier 2,Supermarket Type2,14.19,0.182,141.96,2009.0,3697.58
DR5958,Regular,Hard Drinks,OUT004,Medium,Tier 2,Supermarket Type2,12.11,0.027,106.65,2009.0,2503.29
NC661,No Sugar,Others,OUT004,Medium,Tier 2,Supermarket Type2,12.99,0.112,114.51,2009.0,2863.54
NC2740,No Sugar,Health and Hygiene,OUT004,Medium,Tier 2,Supermarket Type2,11.43,0.138,142.91,2009.0,3093.58
FD5699,Low Sugar,Canned,OUT004,Medium,Tier 2,Supermarket Type2,14.0,0.13,130.85,2009.0,3427.77
NC7372,No Sugar,Others,OUT004,Medium,Tier 2,Supermarket Type2,14.12,0.059,148.13,2009.0,3808.19
FD5719,Low Sugar,Frozen Foods,OUT004,Medium,Tier 2,Supermarket Type2,12.48,0.034,144.21,2009.0,3355.64
NC4227,No Sugar,Household,OUT004,Medium,Tier 2,Supermarket Type2,11.96,0.078,172.14,2009.0,3811.6
FD867,Low Sugar,Baking Goods,OUT004,Medium,Tier 2,Supermarket Type2,11.68,0.03,172.02,2009.0,3745.23
NC4429,No Sugar,Household,OUT004,Medium,Tier 2,Supermarket Type2,11.09,0.021,157.97,2009.0,3324.12
FD3627,Low Sugar,Baking Goods,OUT004,Medium,Tier 2,Supermarket Type2,13.56,0.009,163.39,2009.0,3992.37
FD4192,Regular,Meat,OUT002,Small,Tier 3,Food Mart,9.16,0.023,112.78,1998.0,1962.27
FD4743,Regular,Dairy,OUT001,High,Tier 2,Supermarket Type1,13.1,0.024,209.51,1987.0,4832.27
FD2219,Low Sugar,Snack Foods,OUT001,High,Tier 2,Supermarket Type1,13.23,0.071,170.82,1987.0,4070.92
FD4416,Low Sugar,Snack Foods,OUT002,Small,Tier 3,Food Mart,8.77,0.139,93.29,1998.0,1475.11
FD5034,Regular,Dairy,OUT004,Medium,Tier 2,Supermarket Type2,12.19,0.038,125.9,2009.0,2916.66
FD5452,Low Sugar,Snack Foods,OUT001,High,Tier 2,Supermarket Type1,13.96,0.057,190.61,1987.0,4639.43
FD7180,Low Sugar,Snack Foods,OUT004,Medium,Tier 2,Supermarket Type2,13.08,0.008,149.13,2009.0,3592.35
FD3305,Low Sugar,Snack Foods,OUT004,Medium,Tier 2,Supermarket Type2,11.08,0.133,138.45,2009.0,2922.12
FD2182,Regular,Meat,OUT001,High,Tier 2,Supermarket Type1,12.77,0.094,176.93,1987.0,4091.26
FD1242,Regular,Breakfast,OUT004,Medium,Tier 2,Supermarket Type2,13.19,0.03,163.87,2009.0,3920.06
NC4092,No Sugar,Health and Hygiene,OUT004,Medium,Tier 2,Supermarket Type2,13.94,0.04,145.02,2009.0,3703.09
FD7341,Low Sugar,Breads,OUT004,Medium,Tier 2,Supermarket Type2,12.74,0.039,148.4,2009.0,3500.19
NC2284,No Sugar,Household,OUT002,Small,Tier 3,Food Mart,10.09,0.02,116.0,1998.0,2239.69
FD1671,Low Sugar,Meat,OUT004,Medium,Tier 2,Supermarket Type2,13.89,0.047,153.26,2009.0,3859.63
FD5329,Regular,Canned,OUT002,Small,Tier 3,Food Mart,9.26,0.021,83.38,1998.0,1385.27
FD5499,Low Sugar,Fruits and Vegetables,OUT004,Medium,Tier 2,Supermarket Type2,13.37,0.067,135.98,2009.0,3389.05
FD8434,Low Sugar,Fruits and Vegetables,OUT001,High,Tier 2,Supermarket Type1,16.04,0.028,171.28,1987.0,4715.82
FD8449,Low Sugar,Baking Goods,OUT001,High,Tier 2,Supermarket Type1,14.56,0.024,187.96,1987.0,4722.07
FD603,Low Sugar,Frozen Foods,OUT004,Medium,Tier 2,Supermarket Type2,14.28,0.01,153.35,2009.0,3950.0
FD2003,Low Sugar,Snack Foods,OUT004,Medium,Tier 2,Supermarket Type2,14.47,0.03,114.68,2009.0,3203.09
FD1799,Low Sugar,Dairy,OUT002,Small,Tier 3,Food Mart,11.13,0.047,102.23,1998.0,2192.55
FD4346,Low Sugar,Dairy,OUT004,Medium,Tier 2,Supermarket Type2,14.34,0.033,148.41,2009.0,3863.08
FD2203,Low Sugar,Canned,OUT002,Small,Tier 3,Food Mart,11.51,0.021,97.62,1998.0,2183.58
FD107,Regular,Fruits and Vegetables,OUT001,High,Tier 2,Supermarket Type1,10.01,0.147,105.73,1987.0,3368.59
FD328,Low Sugar,Fruits and Vegetables,OUT002,Small,Tier 3,Food Mart,15.44,0.122,154.64,1998.0,1555.51
DR8531,Low Sugar,Soft Drinks,OUT004,Medium,Tier 2,Supermarket Type2,12.42,0.081,142.88,2009.0,3316.42
FD3192,Low Sugar,Dairy,OUT004,Medium,Tier 2,Supermarket Type2,14.45,0.058,148.42,2009.0,3888.9
NC8148,No Sugar,Health and Hygiene,OUT004,Medium,Tier 2,Supermarket Type2,10.78,0.16,127.21,2009.0,2625.26
FD2794,Low Sugar,Canned,OUT002,Small,Tier 3,Food Mart,6.85,0.085,115.38,1998.0,1493.18
FD1276,Low Sugar,Meat,OUT004,Medium,Tier 2,Supermarket Type2,13.05,0.076,149.28,2009.0,3589.07
DR2281,Low Sugar,Soft Drinks,OUT004,Medium,Tier 2,Supermarket Type2,12.27,0.073,144.98,2009.0,3325.6
FD3980,Low Sugar,Dairy,OUT004,Medium,Tier 2,Supermarket Type2,13.05,0.069,148.45,2009.0,3572.56
FD6681,Regular,Meat,OUT002,Small,Tier 3,Food Mart,8.02,0.021,138.84,1998.0,2238.36
FD6291,Low Sugar,Frozen Foods,OUT004,Medium,Tier 2,Supermarket Type2,9.2,0.021,167.83,2009.0,3098.13
NC2536,No Sugar,Household,OUT004,Medium,Tier 2,Supermarket Type2,13.34,0.042,159.57,2009.0,3864.76
FD5922,Low Sugar,Frozen Foods,OUT001,High,Tier 2,Supermarket Type1,9.5,0.021,126.12,1987.0,2313.4
DR2400,Low Sugar,Hard Drinks,OUT001,High,Tier 2,Supermarket Type1,14.74,0.085,187.29,1987.0,4749.78
FD5295,Regular,Baking Goods,OUT004,Medium,Tier 2,Supermarket Type2,12.15,0.025,168.65,2009.0,3781.32
FD116,Regular,Frozen Foods,OUT002,Small,Tier 3,Food Mart,16.49,0.031,155.06,1998.0,950.99
FD6952,Low Sugar,Snack Foods,OUT004,Medium,Tier 2,Supermarket Type2,13.07,0.086,139.77,2009.0,3399.93
FD6050,Regular,Dairy,OUT004,Medium,Tier 2,Supermarket Type2,12.55,0.024,147.68,2009.0,3444.1
FD5948,Regular,Frozen Foods,OUT004,Medium,Tier 2,Supermarket Type2,13.28,0.029,163.0,2009.0,3922.5
FD3059,Low Sugar,Snack Foods,OUT001,High,Tier 2,Supermarket Type1,14.23,0.037,199.32,1987.0,4878.79
FD8552,Regular,Baking Goods,OUT004,Medium,Tier 2,Supermarket Type2,12.82,0.184,133.98,2009.0,3223.86
FD8761,Low Sugar,Seafood,OUT004,Medium,Tier 2,Supermarket Type2,10.24,0.015,176.28,2009.0,3507.42
FD4600,Regular,Meat,OUT004,Medium,Tier 2,Supermarket Type2,12.92,0.032,121.53,2009.0,2990.74
NC633,No Sugar,Household,OUT004,Medium,Tier 2,Supermarket Type2,12.98,0.138,146.5,2009.0,3515.57
FD3908,Regular,Breads,OUT001,High,Tier 2,Supermarket Type1,12.84,0.103,177.55,1987.0,4120.1
NC8412,No Sugar,Household,OUT004,Medium,Tier 2,Supermarket Type2,12.64,0.013,162.56,2009.0,3767.84
FD1362,Regular,Snack Foods,OUT002,Small,Tier 3,Food Mart,10.67,0.184,104.53,1998.0,2135.22
FD5171,Low Sugar,Dairy,OUT002,Small,Tier 3,Food Mart,9.96,0.077,109.14,1998.0,2069.01
FD8302,Low Sugar,Baking Goods,OUT002,Small,Tier 3,Food Mart,11.03,0.024,82.26,1998.0,1760.59
NC2163,No Sugar,Household,OUT001,High,Tier 2,Supermarket Type1,14.26,0.013,163.94,1987.0,4163.58
FD3039,Low Sugar,Canned,OUT004,Medium,Tier 2,Supermarket Type2,14.14,0.021,155.28,2009.0,3957.39
FD6819,Low Sugar,Frozen Foods,OUT004,Medium,Tier 2,Supermarket Type2,11.66,0.031,125.99,2009.0,2799.44
FD5754,Regular,Fruits and Vegetables,OUT002,Small,Tier 3,Food Mart,11.19,0.079,89.77,1998.0,1950.14
FD7791,Regular,Snack Foods,OUT004,Medium,Tier 2,Supermarket Type2,10.7,0.04,183.23,2009.0,3753.25
FD6907,Low Sugar,Dairy,OUT001,High,Tier 2,Supermarket Type1,14.97,0.019,190.03,1987.0,4857.19
FD3007,Low Sugar,Dairy,OUT004,Medium,Tier 2,Supermarket Type2,11.99,0.013,138.93,2009.0,3137.01
FD8154,Low Sugar,Dairy,OUT004,Medium,Tier 2,Supermarket Type2,12.73,0.043,147.27,2009.0,3476.51
FD962,Regular,Breads,OUT004,Medium,Tier 2,Supermarket Type2,11.32,0.163,157.13,2009.0,3358.67
FD4724,Regular,Baking Goods,OUT001,High,Tier 2,Supermarket Type1,11.91,0.033,105.17,1987.0,2428.09
FD3155,Low Sugar,Meat,OUT001,High,Tier 2,Supermarket Type1,11.44,0.085,110.21,1987.0,2424.69
FD4281,reg,Baking Goods,OUT001,High,Tier 2,Supermarket Type1,14.56,0.105,180.21,1987.0,4562.36
NC6542,No Sugar,Others,OUT004,Medium,Tier 2,Supermarket Type2,9.96,0.038,140.95,2009.0,2720.64
FD3446,Low Sugar,Fruits and Vegetables,OUT001,High,Tier 2,Supermarket Type1,14.97,0.015,150.82,1987.0,4054.55
FD6646,Low Sugar,Snack Foods,OUT001,High,Tier 2,Supermarket Type1,15.47,0.079,145.72,1987.0,4062.32
DR401,Low Sugar,Soft Drinks,OUT004,Medium,Tier 2,Supermarket Type2,12.81,0.094,141.59,2009.0,3124.92
FD4984,Low Sugar,Breakfast,OUT002,Small,Tier 3,Food Mart,8.12,0.048,81.36,1998.0,1085.88
FD6142,Low Sugar,Canned,OUT001,High,Tier 2,Supermarket Type1,14.3,0.06,161.21,1987.0,4115.69
FD3714,Low Sugar,Baking Goods,OUT001,High,Tier 2,Supermarket Type1,10.69,0.12,116.69,1987.0,2389.16
NC7734,No Sugar,Health and Hygiene,OUT004,Medium,Tier 2,Supermarket Type2,12.33,0.007,175.13,2009.0,3956.26
FD5312,Low Sugar,Canned,OUT004,Medium,Tier 2,Supermarket Type2,12.59,0.058,126.91,2009.0,3026.98
FD8230,Low Sugar,Snack Foods,OUT004,Medium,Tier 2,Supermarket Type2,11.51,0.021,165.42,2009.0,3571.42
NC5015,No Sugar,Household,OUT004,Medium,Tier 2,Supermarket Type2,12.96,0.011,125.58,2009.0,3082.86
FD2059,Low Sugar,Dairy,OUT004,Medium,Tier 2,Supermarket Type2,13.22,0.108,161.92,2009.0,3885.99
FD8190,Regular,Snack Foods,OUT004,Medium,Tier 2,Supermarket Type2,12.06,0.053,138.78,2009.0,3150.56
FD3283,Low Sugar,Fruits and Vegetables,OUT004,Medium,Tier 2,Supermarket Type2,12.79,0.079,156.49,2009.0,3677.6
FD6387,Low Sugar,Dairy,OUT002,Small,Tier 3,Food Mart,11.3,0.039,102.35,1998.0,2232.87
NC7552,No Sugar,Household,OUT004,Medium,Tier 2,Supermarket Type2,10.59,0.136,173.42,2009.0,3526.79
FD6726,Low Sugar,Baking Goods,OUT004,Medium,Tier 2,Supermarket Type2,9.96,0.064,156.4,2009.0,3036.5
FD8643,Regular,Meat,OUT001,High,Tier 2,Supermarket Type1,16.1,0.053,178.19,1987.0,4870.46
FD8617,Regular,Dairy,OUT004,Medium,Tier 2,Supermarket Type2,11.0,0.026,136.85,2009.0,2871.95
NC2349,No Sugar,Household,OUT002,Small,Tier 3,Food Mart,8.98,0.026,123.34,1998.0,2139.13
FD6055,Low Sugar,Frozen Foods,OUT004,Medium,Tier 2,Supermarket Type2,15.56,0.01,129.09,2009.0,3743.61
FD2941,Regular,Meat,OUT004,Medium,Tier 2,Supermarket Type2,11.95,0.031,145.9,2009.0,3271.57
FD6545,Low Sugar,Canned,OUT004,Medium,Tier 2,Supermarket Type2,13.21,0.013,113.6,2009.0,2894.73
FD4179,Low Sugar,Fruits and Vegetables,OUT004,Medium,Tier 2,Supermarket Type2,12.48,0.108,109.75,2009.0,2650.51
DR1045,Low Sugar,Hard Drinks,OUT004,Medium,Tier 2,Supermarket Type2,11.43,0.071,131.75,2009.0,2864.63
FD3199,Low Sugar,Baking Goods,OUT001,High,Tier 2,Supermarket Type1,17.02,0.103,150.19,1987.0,4504.74
FD3348,Low Sugar,Frozen Foods,OUT004,Medium,Tier 2,Supermarket Type2,10.73,0.027,137.82,2009.0,2829.66
FD4322,Low Sugar,Fruits and Vegetables,OUT004,Medium,Tier 2,Supermarket Type2,11.63,0.142,140.05,2009.0,3078.58
FD5568,Low Sugar,Fruits and Vegetables,OUT004,Medium,Tier 2,Supermarket Type2,13.47,0.184,154.78,2009.0,3796.93
FD5788,reg,Canned,OUT004,Medium,Tier 2,Supermarket Type2,11.62,0.054,136.42,2009.0,3001.97
FD6650,Low Sugar,Canned,OUT004,Medium,Tier 2,Supermarket Type2,12.85,0.03,119.7,2009.0,2939.15
FD4610,Regular,Snack Foods,OUT004,Medium,Tier 2,Supermarket Type2,11.32,0.112,120.45,2009.0,2608.03
DR1091,Low Sugar,Soft Drinks,OUT004,Medium,Tier 2,Supermarket Type2,11.07,0.068,160.15,2009.0,3363.62
FD4467,Regular,Frozen Foods,OUT004,Medium,Tier 2,Supermarket Type2,12.95,0.119,168.02,2009.0,3950.9
FD3222,Low Sugar,Canned,OUT002,Small,Tier 3,Food Mart,9.2,0.136,66.56,1998.0,1025.57
FD3702,Low Sugar,Frozen Foods,OUT002,Small,Tier 3,Food Mart,9.16,0.049,110.5,1998.0,1915.79
DR6125,Low Sugar,Soft Drinks,OUT004,Medium,Tier 2,Supermarket Type2,12.65,0.098,150.6,2009.0,3525.06
NC5233,No Sugar,Household,OUT004,Medium,Tier 2,Supermarket Type2,12.6,0.052,122.98,2009.0,2949.61
FD6278,Low Sugar,Snack Foods,OUT004,Medium,Tier 2,Supermarket Type2,13.27,0.081,144.17,2009.0,3533.45
FD3078,Regular,Baking Goods,OUT004,Medium,Tier 2,Supermarket Type2,13.36,0.018,123.99,2009.0,3141.35
FD1361,Low Sugar,Baking Goods,OUT004,Medium,Tier 2,Supermarket Type2,12.72,0.274,108.08,2009.0,2671.34
FD2145,Low Sugar,Dairy,OUT004,Medium,Tier 2,Supermarket Type2,9.08,0.054,145.76,2009.0,2620.42
FD7668,Low Sugar,Fruits and Vegetables,OUT004,Medium,Tier 2,Supermarket Type2,12.25,0.073,152.91,2009.0,3483.24
FD4510,Low Sugar,Fruits and Vegetables,OUT004,Medium,Tier 2,Supermarket Type2,11.27,0.082,125.62,2009.0,2702.04
NC7844,No Sugar,Others,OUT004,Medium,Tier 2,Supermarket Type2,12.35,0.081,135.79,2009.0,3154.71
NC4137,No Sugar,Household,OUT001,High,Tier 2,Supermarket Type1,14.86,0.054,156.97,1987.0,4156.53
FD388,Low Sugar,Canned,OUT004,Medium,Tier 2,Supermarket Type2,12.64,0.141,143.37,2009.0,4138.12
FD3014,Low Sugar,Starchy Foods,OUT001,High,Tier 2,Supermarket Type1,15.62,0.014,169.94,1987.0,4591.76
FD985,Low Sugar,Snack Foods,OUT004,Medium,Tier 2,Supermarket Type2,10.76,0.023,130.29,2009.0,2682.09
FD8650,Low Sugar,Baking Goods,OUT004,Medium,Tier 2,Supermarket Type2,13.9,0.056,151.03,2009.0,3815.91
FD7821,Low Sugar,Baking Goods,OUT004,Medium,Tier 2,Supermarket Type2,11.04,0.027,139.45,2009.0,2933.88
FD7644,Regular,Baking Goods,OUT004,Medium,Tier 2,Supermarket Type2,12.38,0.046,159.32,2009.0,3643.74
FD1146,Low Sugar,Meat,OUT001,High,Tier 2,Supermarket Type1,15.53,0.022,168.86,1987.0,4550.64
FD8541,Regular,Frozen Foods,OUT004,Medium,Tier 2,Supermarket Type2,13.06,0.055,152.58,2009.0,3658.47
FD4720,Low Sugar,Snack Foods,OUT004,Medium,Tier 2,Supermarket Type2,14.05,0.074,130.94,2009.0,3440.04
FD3783,Low Sugar,Snack Foods,OUT001,High,Tier 2,Supermarket Type1,14.95,0.04,183.23,1987.0,4714.05
FD3098,Low Sugar,Frozen Foods,OUT004,Medium,Tier 2,Supermarket Type2,14.93,0.086,127.68,2009.0,3572.68
FD8254,Regular,Fruits and Vegetables,OUT004,Medium,Tier 2,Supermarket Type2,11.58,0.041,114.95,2009.0,2554.65
FD8026,Low Sugar,Snack Foods,OUT004,Medium,Tier 2,Supermarket Type2,13.88,0.138,106.07,2009.0,2892.29
FD5221,Low Sugar,Fruits and Vegetables,OUT001,High,Tier 2,Supermarket Type1,13.12,0.061,195.77,1987.0,4556.2
DR7517,Regular,Soft Drinks,OUT001,High,Tier 2,Supermarket Type1,14.36,0.097,194.29,1987.0,4806.35
FD2693,Regular,Canned,OUT004,Medium,Tier 2,Supermarket Type2,13.61,0.081,162.05,2009.0,3976.96
FD2015,Regular,Snack Foods,OUT004,Medium,Tier 2,Supermarket Type2,12.77,0.076,132.17,2009.0,3174.76
DR2335,Regular,Soft Drinks,OUT001,High,Tier 2,Supermarket Type1,11.54,0.071,107.03,1987.0,2382.28
NC4165,No Sugar,Health and Hygiene,OUT001,High,Tier 2,Supermarket Type1,12.57,0.102,219.33,1987.0,4914.36
FD394,Low Sugar,Baking Goods,OUT004,Medium,Tier 2,Supermarket Type2,11.58,0.07,151.71,2009.0,4776.28
FD989,Low Sugar,Meat,OUT004,Medium,Tier 2,Supermarket Type2,14.45,0.041,123.66,2009.0,3381.08
FD4931,Regular,Snack Foods,OUT001,High,Tier 2,Supermarket Type1,9.83,0.039,122.63,1987.0,2316.27
FD7873,Low Sugar,Starchy Foods,OUT004,Medium,Tier 2,Supermarket Type2,13.06,0.162,132.86,2009.0,3255.95
FD1727,Regular,Dairy,OUT004,Medium,Tier 2,Supermarket Type2,13.49,0.089,153.55,2009.0,3774.86
DR2608,Regular,Soft Drinks,OUT004,Medium,Tier 2,Supermarket Type2,14.24,0.159,152.65,2009.0,3927.5
DR4784,Low Sugar,Soft Drinks,OUT004,Medium,Tier 2,Supermarket Type2,12.76,0.036,136.48,2009.0,3262.43
FD5802,Low Sugar,Frozen Foods,OUT004,Medium,Tier 2,Supermarket Type2,12.52,0.016,136.45,2009.0,3207.08
FD1343,Low Sugar,Meat,OUT001,High,Tier 2,Supermarket Type1,13.31,0.046,174.14,1987.0,4156.21
FD6208,Regular,Frozen Foods,OUT004,Medium,Tier 2,Supermarket Type2,12.12,0.024,153.24,2009.0,3460.62
FD5583,Low Sugar,Frozen Foods,OUT001,High,Tier 2,Supermarket Type1,10.71,0.128,120.38,1987.0,2468.89
NC7715,No Sugar,Others,OUT004,Medium,Tier 2,Supermarket Type2,11.47,0.096,145.6,2009.0,3156.05
FD3311,Low Sugar,Baking Goods,OUT001,High,Tier 2,Supermarket Type1,10.57,0.053,119.58,1987.0,2420.5
FD379,Low Sugar,Dairy,OUT001,High,Tier 2,Supermarket Type1,13.77,0.131,180.91,1987.0,4553.3
FD5839,Low Sugar,Fruits and Vegetables,OUT004,Medium,Tier 2,Supermarket Type2,14.37,0.142,133.57,2009.0,3566.73
FD5717,Regular,Fruits and Vegetables,OUT004,Medium,Tier 2,Supermarket Type2,13.2,0.118,149.92,2009.0,3636.48
FD5758,Low Sugar,Baking Goods,OUT004,Medium,Tier 2,Supermarket Type2,13.95,0.034,127.5,2009.0,3345.97
FD7399,Low Sugar,Canned,OUT001,High,Tier 2,Supermarket Type1,10.34,0.142,119.07,1987.0,2358.07
DR2430,Low Sugar,Hard Drinks,OUT004,Medium,Tier 2,Supermarket Type2,12.25,0.051,161.77,2009.0,3663.02
FD1136,Low Sugar,Snack Foods,OUT004,Medium,Tier 2,Supermarket Type2,13.2,0.033,131.79,2009.0,3266.18
FD3048,Low Sugar,Baking Goods,OUT002,Small,Tier 3,Food Mart,10.06,0.031,77.58,1998.0,1445.69
FD6553,Regular,Frozen Foods,OUT004,Medium,Tier 2,Supermarket Type2,13.54,0.103,99.24,2009.0,2675.79
NC658,No Sugar,Household,OUT001,High,Tier 2,Supermarket Type1,13.46,0.063,192.52,1987.0,4566.7
FD4501,Low Sugar,Snack Foods,OUT004,Medium,Tier 2,Supermarket Type2,11.87,0.04,112.01,2009.0,2558.75
FD7010,Regular,Baking Goods,OUT004,Medium,Tier 2,Supermarket Type2,10.49,0.142,136.7,2009.0,2752.3
FD5363,Low Sugar,Dairy,OUT004,Medium,Tier 2,Supermarket Type2,13.46,0.052,151.55,2009.0,3727.22
FD1896,Low Sugar,Fruits and Vegetables,OUT004,Medium,Tier 2,Supermarket Type2,11.66,0.055,147.97,2009.0,3248.04
FD6528,Low Sugar,Snack Foods,OUT004,Medium,Tier 2,Supermarket Type2,11.16,0.024,136.88,2009.0,2908.52
FD1311,Low Sugar,Dairy,OUT001,High,Tier 2,Supermarket Type1,14.81,0.013,180.48,1987.0,4624.43
FD1007,Low Sugar,Meat,OUT001,High,Tier 2,Supermarket Type1,14.58,0.059,194.65,1987.0,4862.3
FD5582,Low Sugar,Frozen Foods,OUT004,Medium,Tier 2,Supermarket Type2,9.5,0.156,147.39,2009.0,2748.53
FD785,Low Sugar,Dairy,OUT004,Medium,Tier 2,Supermarket Type2,10.29,0.123,154.03,2009.0,3062.03
FD228,Regular,Fruits and Vegetables,OUT002,Small,Tier 3,Food Mart,12.64,0.093,165.84,1998.0,1404.47
FD7275,Regular,Baking Goods,OUT001,High,Tier 2,Supermarket Type1,15.23,0.012,187.84,1987.0,4870.4
FD5172,Regular,Meat,OUT001,High,Tier 2,Supermarket Type1,14.14,0.126,182.81,1987.0,4521.29
FD5999,Regular,Breakfast,OUT004,Medium,Tier 2,Supermarket Type2,8.76,0.062,149.63,2009.0,2627.03
FD8406,Low Sugar,Fruits and Vegetables,OUT001,High,Tier 2,Supermarket Type1,14.94,0.057,181.81,1987.0,4682.06
DR1389,Low Sugar,Hard Drinks,OUT001,High,Tier 2,Supermarket Type1,15.67,0.078,144.64,1987.0,4087.25
FD593,Low Sugar,Fruits and Vegetables,OUT004,Medium,Tier 2,Supermarket Type2,11.81,0.12,160.44,2009.0,3544.84
FD6315,Low Sugar,Baking Goods,OUT001,High,Tier 2,Supermarket Type1,14.42,0.067,181.17,1987.0,4550.07
FD957,Low Sugar,Canned,OUT001,High,Tier 2,Supermarket Type1,11.3,0.015,114.98,1987.0,2492.82
FD8042,Low Sugar,Canned,OUT001,High,Tier 2,Supermarket Type1,15.76,0.015,141.45,1987.0,4040.31
FD6168,Low Sugar,Dairy,OUT001,High,Tier 2,Supermarket Type1,12.35,0.028,183.26,1987.0,4126.84
FD1683,Regular,Baking Goods,OUT001,High,Tier 2,Supermarket Type1,9.61,0.074,129.04,1987.0,2397.13
FD1548,Low Sugar,Baking Goods,OUT004,Medium,Tier 2,Supermarket Type2,11.56,0.027,126.98,2009.0,2795.66
FD3462,Regular,Canned,OUT004,Medium,Tier 2,Supermarket Type2,9.33,0.018,139.2,2009.0,2541.09
DR8359,Regular,Soft Drinks,OUT004,Medium,Tier 2,Supermarket Type2,15.06,0.014,146.66,2009.0,3990.69
FD4328,Low Sugar,Fruits and Vegetables,OUT004,Medium,Tier 2,Supermarket Type2,12.47,0.047,148.74,2009.0,3448.1
FD1462,Regular,Starchy Foods,OUT004,Medium,Tier 2,Supermarket Type2,12.24,0.023,107.71,2009.0,2555.12
DR5555,Low Sugar,Soft Drinks,OUT004,Medium,Tier 2,Supermarket Type2,11.7,0.012,146.45,2009.0,3226.86
FD5520,Low Sugar,Snack Foods,OUT004,Medium,Tier 2,Supermarket Type2,15.47,0.035,130.49,2009.0,3752.3
FD3380,Low Sugar,Dairy,OUT004,Medium,Tier 2,Supermarket Type2,13.37,0.089,108.51,2009.0,2827.9
FD1026,Low Sugar,Baking Goods,OUT001,High,Tier 2,Supermarket Type1,13.31,0.053,168.1,1987.0,4032.14
FD3599,Regular,Fruits and Vegetables,OUT002,Small,Tier 3,Food Mart,10.49,0.087,93.74,1998.0,1874.02
FD2483,Low Sugar,Snack Foods,OUT004,Medium,Tier 2,Supermarket Type2,10.18,0.02,142.08,2009.0,2792.58
FD8547,reg,Breads,OUT004,Medium,Tier 2,Supermarket Type2,11.8,0.029,144.64,2009.0,3212.19
FD4976,Low Sugar,Breakfast,OUT002,Small,Tier 3,Food Mart,9.42,0.006,116.4,1998.0,2095.91
FD1752,Low Sugar,Fruits and Vegetables,OUT004,Medium,Tier 2,Supermarket Type2,14.68,0.076,137.53,2009.0,3716.88
FD2826,Regular,Dairy,OUT001,High,Tier 2,Supermarket Type1,15.98,0.072,139.19,1987.0,4044.71
FD1315,Regular,Fruits and Vegetables,OUT004,Medium,Tier 2,Supermarket Type2,13.18,0.038,145.44,2009.0,3541.0
FD222,Regular,Dairy,OUT001,High,Tier 2,Supermarket Type1,11.7,0.185,199.75,1987.0,3242.67
FD7239,Low Sugar,Fruits and Vegetables,OUT004,Medium,Tier 2,Supermarket Type2,10.4,0.064,129.37,2009.0,2583.48
FD2716,Regular,Snack Foods,OUT002,Small,Tier 3,Food Mart,8.83,0.128,93.56,1998.0,1494.79
FD3445,Low Sugar,Fruits and Vegetables,OUT002,Small,Tier 3,Food Mart,7.97,0.086,100.48,1998.0,1443.31
FD2239,Low Sugar,Canned,OUT004,Medium,Tier 2,Supermarket Type2,12.31,0.008,166.58,2009.0,3775.28
FD2744,Low Sugar,Snack Foods,OUT004,Medium,Tier 2,Supermarket Type2,8.52,0.027,167.62,2009.0,2940.48
FD6282,Low Sugar,Meat,OUT001,High,Tier 2,Supermarket Type1,8.72,0.132,137.37,1987.0,2366.22
FD846,Low Sugar,Meat,OUT004,Medium,Tier 2,Supermarket Type2,13.08,0.049,116.28,2009.0,2920.22
FD3707,Low Sugar,Breads,OUT004,Medium,Tier 2,Supermarket Type2,12.54,0.032,158.7,2009.0,3665.97
DR1346,Low Sugar,Soft Drinks,OUT001,High,Tier 2,Supermarket Type1,15.27,0.076,145.34,1987.0,4010.34
FD3055,Regular,Fruits and Vegetables,OUT002,Small,Tier 3,Food Mart,9.01,0.099,53.86,1998.0,723.24
FD3553,Low Sugar,Snack Foods,OUT001,High,Tier 2,Supermarket Type1,11.37,0.079,108.22,1987.0,2368.69
FD5887,Low Sugar,Dairy,OUT001,High,Tier 2,Supermarket Type1,13.52,0.026,198.73,1987.0,4707.35
FD4074,Low Sugar,Breads,OUT002,Small,Tier 3,Food Mart,10.5,0.027,105.15,1998.0,2109.29
FD7128,Regular,Meat,OUT001,High,Tier 2,Supermarket Type1,13.06,0.112,87.14,1987.0,2320.84
FD8242,Regular,Snack Foods,OUT004,Medium,Tier 2,Supermarket Type2,11.97,0.034,127.04,2009.0,2890.19
FD6200,Regular,Baking Goods,OUT001,High,Tier 2,Supermarket Type1,10.51,0.036,123.28,1987.0,2482.12
FD3692,Regular,Dairy,OUT004,Medium,Tier 2,Supermarket Type2,14.21,0.176,144.38,2009.0,3751.48
FD5542,Regular,Snack Foods,OUT004,Medium,Tier 2,Supermarket Type2,13.97,0.104,147.5,2009.0,3760.57
DR2901,Low Sugar,Soft Drinks,OUT004,Medium,Tier 2,Supermarket Type2,13.23,0.16,140.87,2009.0,3457.25
FD6977,Regular,Baking Goods,OUT001,High,Tier 2,Supermarket Type1,15.52,0.071,188.27,1987.0,4944.48
FD3765,Low Sugar,Fruits and Vegetables,OUT002,Small,Tier 3,Food Mart,9.13,0.027,121.09,1998.0,2125.92
FD3565,Low Sugar,Seafood,OUT004,Medium,Tier 2,Supermarket Type2,13.84,0.019,144.55,2009.0,3671.59
FD3819,Regular,Meat,OUT001,High,Tier 2,Supermarket Type1,13.17,0.044,214.77,1987.0,4955.81
DR7136,Low Sugar,Hard Drinks,OUT001,High,Tier 2,Supermarket Type1,15.13,0.062,171.98,1987.0,4523.53
NC6634,No Sugar,Household,OUT004,Medium,Tier 2,Supermarket Type2,11.4,0.117,143.4,2009.0,3096.37
FD2276,Low Sugar,Frozen Foods,OUT004,Medium,Tier 2,Supermarket Type2,10.85,0.151,167.37,2009.0,3462.07
FD7903,Regular,Meat,OUT001,High,Tier 2,Supermarket Type1,11.75,0.043,105.44,1987.0,2397.77
FD4239,Regular,Snack Foods,OUT004,Medium,Tier 2,Supermarket Type2,11.93,0.04,123.32,2009.0,2804.14
FD8737,Low Sugar,Snack Foods,OUT004,Medium,Tier 2,Supermarket Type2,14.85,0.04,134.13,2009.0,3685.65
FD6058,Regular,Dairy,OUT004,Medium,Tier 2,Supermarket Type2,12.48,0.214,105.0,2009.0,2554.01
FD664,Low Sugar,Snack Foods,OUT004,Medium,Tier 2,Supermarket Type2,13.01,0.121,166.37,2009.0,3930.17
FD3970,Low Sugar,Fruits and Vegetables,OUT002,Small,Tier 3,Food Mart,10.28,0.135,113.83,1998.0,2237.04
FD4677,Low Sugar,Baking Goods,OUT001,High,Tier 2,Supermarket Type1,15.91,0.018,180.01,1987.0,4863.18
FD1613,Low Sugar,Fruits and Vegetables,OUT004,Medium,Tier 2,Supermarket Type2,10.98,0.008,147.43,2009.0,3083.09
NC6818,No Sugar,Health and Hygiene,OUT001,High,Tier 2,Supermarket Type1,12.82,0.093,209.19,1987.0,4763.15
NC2391,No Sugar,Household,OUT004,Medium,Tier 2,Supermarket Type2,12.9,0.076,111.51,2009.0,2783.42
FD4922,Regular,Dairy,OUT004,Medium,Tier 2,Supermarket Type2,13.58,0.178,117.91,2009.0,3066.6
FD2380,Regular,Dairy,OUT001,High,Tier 2,Supermarket Type1,14.46,0.154,154.78,1987.0,4019.64
DR6985,Regular,Soft Drinks,OUT002,Small,Tier 3,Food Mart,11.28,0.054,87.69,1998.0,1928.58
FD1070,Regular,Dairy,OUT004,Medium,Tier 2,Supermarket Type2,13.13,0.022,138.97,2009.0,3395.52
FD4627,Regular,Snack Foods,OUT001,High,Tier 2,Supermarket Type1,13.67,0.026,169.48,1987.0,4141.67
FD6394,Low Sugar,Canned,OUT004,Medium,Tier 2,Supermarket Type2,8.23,0.111,150.56,2009.0,2526.52
DR7797,Low Sugar,Soft Drinks,OUT004,Medium,Tier 2,Supermarket Type2,13.46,0.075,135.73,2009.0,3404.91
FD7328,Low Sugar,Canned,OUT004,Medium,Tier 2,Supermarket Type2,13.67,0.069,136.91,2009.0,3476.08
NC5740,No Sugar,Household,OUT004,Medium,Tier 2,Supermarket Type2,13.59,0.007,145.95,2009.0,3642.94
DR8047,Low Sugar,Soft Drinks,OUT004,Medium,Tier 2,Supermarket Type2,13.33,0.147,154.99,2009.0,3768.48
FD5461,Regular,Canned,OUT004,Medium,Tier 2,Supermarket Type2,9.87,0.049,141.7,2009.0,2715.0
FD8175,Regular,Fruits and Vegetables,OUT004,Medium,Tier 2,Supermarket Type2,13.61,0.056,135.29,2009.0,3430.23
FD486,Low Sugar,Frozen Foods,OUT004,Medium,Tier 2,Supermarket Type2,11.36,0.094,142.11,2009.0,4111.76
NC3626,No Sugar,Health and Hygiene,OUT001,High,Tier 2,Supermarket Type1,13.58,0.124,164.07,1987.0,4010.75
NC6938,No Sugar,Household,OUT004,Medium,Tier 2,Supermarket Type2,13.42,0.064,136.32,2009.0,3407.13
FD4453,Low Sugar,Frozen Foods,OUT001,High,Tier 2,Supermarket Type1,9.2,0.164,214.95,1987.0,4061.89
FD1233,Low Sugar,Meat,OUT004,Medium,Tier 2,Supermarket Type2,11.22,0.122,121.07,2009.0,2597.73
FD7726,Low Sugar,Seafood,OUT004,Medium,Tier 2,Supermarket Type2,10.25,0.17,135.07,2009.0,2666.67
FD3646,Low Sugar,Frozen Foods,OUT004,Medium,Tier 2,Supermarket Type2,12.2,0.051,131.34,2009.0,3029.69
FD2479,Low Sugar,Baking Goods,OUT004,Medium,Tier 2,Supermarket Type2,12.23,0.05,177.75,2009.0,3986.38
DR7067,Regular,Soft Drinks,OUT004,Medium,Tier 2,Supermarket Type2,14.83,0.021,147.13,2009.0,3946.78
FD6434,Regular,Fruits and Vegetables,OUT004,Medium,Tier 2,Supermarket Type2,12.21,0.07,135.67,2009.0,3121.07
FD3441,Low Sugar,Fruits and Vegetables,OUT004,Medium,Tier 2,Supermarket Type2,12.87,0.021,116.93,2009.0,2887.23
DR5292,Regular,Soft Drinks,OUT004,Medium,Tier 2,Supermarket Type2,15.27,0.082,144.22,2009.0,3988.19
FD3612,Low Sugar,Baking Goods,OUT001,High,Tier 2,Supermarket Type1,14.26,0.115,160.09,1987.0,4083.51
FD825,Regular,Fruits and Vegetables,OUT004,Medium,Tier 2,Supermarket Type2,14.37,0.013,121.08,2009.0,3310.88
FD3425,Low Sugar,Snack Foods,OUT004,Medium,Tier 2,Supermarket Type2,9.51,0.143,166.46,2009.0,3139.89
FD7005,Low Sugar,Frozen Foods,OUT001,High,Tier 2,Supermarket Type1,10.03,0.016,126.66,1987.0,2444.17
FD190,Low Sugar,Snack Foods,OUT004,Medium,Tier 2,Supermarket Type2,11.09,0.045,143.38,2009.0,1561.06
FD8628,Low Sugar,Dairy,OUT004,Medium,Tier 2,Supermarket Type2,10.96,0.109,130.68,2009.0,2737.2
FD5502,Regular,Meat,OUT004,Medium,Tier 2,Supermarket Type2,16.37,0.046,102.86,2009.0,3389.62
FD2666,Low Sugar,Breakfast,OUT004,Medium,Tier 2,Supermarket Type2,12.65,0.104,124.21,2009.0,2986.19
FD8068,Low Sugar,Dairy,OUT004,Medium,Tier 2,Supermarket Type2,13.09,0.148,124.13,2009.0,3084.52
FD3829,Low Sugar,Canned,OUT004,Medium,Tier 2,Supermarket Type2,9.88,0.026,131.72,2009.0,2512.52
FD3588,Low Sugar,Fruits and Vegetables,OUT001,High,Tier 2,Supermarket Type1,10.21,0.096,121.78,1987.0,2385.57
FD1244,Low Sugar,Meat,OUT001,High,Tier 2,Supermarket Type1,9.4,0.067,133.71,1987.0,2444.93
FD2645,Low Sugar,Meat,OUT001,High,Tier 2,Supermarket Type1,13.54,0.085,173.14,1987.0,4188.21
FD6671,Regular,Canned,OUT001,High,Tier 2,Supermarket Type1,16.05,0.133,170.26,1987.0,4697.11
FD6506,Low Sugar,Snack Foods,OUT004,Medium,Tier 2,Supermarket Type2,16.44,0.233,124.57,2009.0,3849.32
FD4761,Low Sugar,Breads,OUT004,Medium,Tier 2,Supermarket Type2,10.65,0.251,144.18,2009.0,2943.04
FD4794,Low Sugar,Dairy,OUT001,High,Tier 2,Supermarket Type1,14.85,0.035,177.97,1987.0,4583.6
FD2351,Regular,Baking Goods,OUT002,Small,Tier 3,Food Mart,9.0,0.061,126.52,1998.0,2207.25
FD3529,Low Sugar,Baking Goods,OUT004,Medium,Tier 2,Supermarket Type2,10.52,0.024,132.07,2009.0,2664.9
FD5851,Regular,Baking Goods,OUT001,High,Tier 2,Supermarket Type1,10.77,0.066,114.34,1987.0,2359.43
FD2560,Low Sugar,Canned,OUT004,Medium,Tier 2,Supermarket Type2,12.4,0.021,153.16,2009.0,3522.31
DR1666,Low Sugar,Soft Drinks,OUT004,Medium,Tier 2,Supermarket Type2,11.01,0.142,167.55,2009.0,3501.55
NC3879,No Sugar,Household,OUT004,Medium,Tier 2,Supermarket Type2,14.39,0.074,83.04,2009.0,2536.72
FD6234,Low Sugar,Dairy,OUT004,Medium,Tier 2,Supermarket Type2,11.52,0.121,130.14,2009.0,2851.53
FD8634,Low Sugar,Meat,OUT004,Medium,Tier 2,Supermarket Type2,12.41,0.076,128.87,2009.0,3025.94
FD2783,Regular,Seafood,OUT002,Small,Tier 3,Food Mart,9.41,0.021,54.64,1998.0,829.1
FD2803,Low Sugar,Frozen Foods,OUT002,Small,Tier 3,Food Mart,10.79,0.14,102.78,1998.0,2127.24
FD7897,Low Sugar,Snack Foods,OUT001,High,Tier 2,Supermarket Type1,12.79,0.052,174.82,1987.0,4051.84
FD6927,Low Sugar,Meat,OUT004,Medium,Tier 2,Supermarket Type2,12.57,0.082,129.55,2009.0,3076.96
FD4212,Low Sugar,Frozen Foods,OUT001,High,Tier 2,Supermarket Type1,13.53,0.167,171.25,1987.0,4147.75
NC5184,No Sugar,Health and Hygiene,OUT004,Medium,Tier 2,Supermarket Type2,14.08,0.034,154.97,2009.0,3938.13
FD4449,Low Sugar,Fruits and Vegetables,OUT004,Medium,Tier 2,Supermarket Type2,11.92,0.035,146.65,2009.0,3279.12
FD7009,Regular,Meat,OUT004,Medium,Tier 2,Supermarket Type2,11.83,0.12,124.6,2009.0,2807.64
FD3162,Regular,Snack Foods,OUT004,Medium,Tier 2,Supermarket Type2,13.32,0.054,166.25,2009.0,3997.29
FD1188,Regular,Fruits and Vegetables,OUT002,Small,Tier 3,Food Mart,9.38,0.053,118.33,1998.0,2126.45
FD6369,Low Sugar,Snack Foods,OUT004,Medium,Tier 2,Supermarket Type2,11.52,0.086,146.28,2009.0,3182.28
FD5614,Regular,Meat,OUT004,Medium,Tier 2,Supermarket Type2,16.2,0.059,108.73,2009.0,3472.08
FD660,Low Sugar,Dairy,OUT002,Small,Tier 3,Food Mart,10.94,0.113,106.85,1998.0,2243.02
FD4438,Low Sugar,Dairy,OUT004,Medium,Tier 2,Supermarket Type2,12.31,0.05,139.57,2009.0,3223.9
FD2731,Low Sugar,Fruits and Vegetables,OUT001,High,Tier 2,Supermarket Type1,15.66,0.075,175.18,1987.0,4708.78
FD398,Low Sugar,Dairy,OUT004,Medium,Tier 2,Supermarket Type2,13.28,0.045,149.12,2009.0,4912.92
NC5348,No Sugar,Household,OUT002,Small,Tier 3,Food Mart,11.19,0.049,95.12,1998.0,2059.89
FD3232,Regular,Meat,OUT004,Medium,Tier 2,Supermarket Type2,12.93,0.019,134.66,2009.0,3262.85
FD8476,Regular,Dairy,OUT004,Medium,Tier 2,Supermarket Type2,14.18,0.069,154.64,2009.0,3953.36
FD1363,Low Sugar,Snack Foods,OUT004,Medium,Tier 2,Supermarket Type2,9.21,0.113,138.68,2009.0,2505.31
NC3661,No Sugar,Household,OUT001,High,Tier 2,Supermarket Type1,15.73,0.035,180.51,1987.0,4834.18
DR1269,Low Sugar,Soft Drinks,OUT004,Medium,Tier 2,Supermarket Type2,12.55,0.025,138.27,2009.0,3251.68
FD7823,Low Sugar,Snack Foods,OUT004,Medium,Tier 2,Supermarket Type2,13.17,0.055,145.4,2009.0,3535.71
FD582,Low Sugar,Fruits and Vegetables,OUT004,Medium,Tier 2,Supermarket Type2,13.45,0.077,118.27,2009.0,2849.96
FD2578,Low Sugar,Baking Goods,OUT002,Small,Tier 3,Food Mart,10.52,0.044,87.07,1998.0,1745.42
FD7700,Low Sugar,Snack Foods,OUT004,Medium,Tier 2,Supermarket Type2,11.27,0.081,144.13,2009.0,3082.59
FD8220,Low Sugar,Frozen Foods,OUT001,High,Tier 2,Supermarket Type1,14.92,0.108,175.43,1987.0,4545.78
NC4570,No Sugar,Health and Hygiene,OUT001,High,Tier 2,Supermarket Type1,11.9,0.142,100.77,1987.0,2335.69
DR7900,Low Sugar,Soft Drinks,OUT001,High,Tier 2,Supermarket Type1,10.03,0.027,120.4,1987.0,2315.58
FD4701,Low Sugar,Snack Foods,OUT004,Medium,Tier 2,Supermarket Type2,11.42,0.028,152.78,2009.0,3292.45
FD2962,Low Sugar,Snack Foods,OUT004,Medium,Tier 2,Supermarket Type2,11.62,0.082,139.95,2009.0,3074.3
DR7002,Regular,Soft Drinks,OUT002,Small,Tier 3,Food Mart,10.37,0.06,105.52,1998.0,2088.56
NC7291,No Sugar,Health and Hygiene,OUT004,Medium,Tier 2,Supermarket Type2,13.62,0.021,121.39,2009.0,3146.23
NC1406,No Sugar,Health and Hygiene,OUT002,Small,Tier 3,Food Mart,8.99,0.066,83.37,1998.0,1323.01
FD732,Low Sugar,Fruits and Vegetables,OUT004,Medium,Tier 2,Supermarket Type2,14.07,0.049,123.85,2009.0,3300.27
FD8315,Regular,Dairy,OUT001,High,Tier 2,Supermarket Type1,14.18,0.062,162.52,1987.0,4116.57
FD2446,Regular,Meat,OUT002,Small,Tier 3,Food Mart,9.9,0.015,85.56,1998.0,1574.05
DR5056,Low Sugar,Soft Drinks,OUT004,Medium,Tier 2,Supermarket Type2,13.09,0.112,123.09,2009.0,3062.32
FD8739,Low Sugar,Fruits and Vegetables,OUT004,Medium,Tier 2,Supermarket Type2,15.87,0.099,128.43,2009.0,3798.73
FD4022,Low Sugar,Frozen Foods,OUT004,Medium,Tier 2,Supermarket Type2,11.43,0.174,162.44,2009.0,3493.23
NC6837,No Sugar,Health and Hygiene,OUT001,High,Tier 2,Supermarket Type1,12.67,0.046,175.83,1987.0,4045.46
NC687,No Sugar,Household,OUT001,High,Tier 2,Supermarket Type1,14.1,0.106,203.7,1987.0,4939.33
FD4376,Low Sugar,Canned,OUT004,Medium,Tier 2,Supermarket Type2,9.06,0.027,152.67,2009.0,2757.64
NC5713,No Sugar,Health and Hygiene,OUT004,Medium,Tier 2,Supermarket Type2,14.55,0.092,148.29,2009.0,3907.49
FD5273,Low Sugar,Snack Foods,OUT004,Medium,Tier 2,Supermarket Type2,12.4,0.056,168.06,2009.0,3826.59
NC1639,No Sugar,Household,OUT004,Medium,Tier 2,Supermarket Type2,12.04,0.121,149.5,2009.0,3365.3
FD4827,Regular,Frozen Foods,OUT004,Medium,Tier 2,Supermarket Type2,11.97,0.081,133.78,2009.0,3027.5
FD5402,Regular,Canned,OUT001,High,Tier 2,Supermarket Type1,12.61,0.058,96.67,1987.0,2413.63
FD6922,Regular,Snack Foods,OUT004,Medium,Tier 2,Supermarket Type2,13.0,0.047,121.32,2009.0,3004.95
NC5883,No Sugar,Household,OUT002,Small,Tier 3,Food Mart,8.95,0.059,116.97,1998.0,2002.18
FD3385,Low Sugar,Meat,OUT001,High,Tier 2,Supermarket Type1,14.53,0.016,181.25,1987.0,4578.3
FD5065,Low Sugar,Snack Foods,OUT001,High,Tier 2,Supermarket Type1,14.8,0.017,177.73,1987.0,4567.8
FD7710,Low Sugar,Meat,OUT004,Medium,Tier 2,Supermarket Type2,10.44,0.023,145.83,2009.0,2927.84
FD2538,Low Sugar,Snack Foods,OUT001,High,Tier 2,Supermarket Type1,7.86,0.12,144.42,1987.0,2316.49
FD3240,Regular,Meat,OUT001,High,Tier 2,Supermarket Type1,12.58,0.006,182.69,1987.0,4166.31
FD2776,Regular,Baking Goods,OUT004,Medium,Tier 2,Supermarket Type2,10.69,0.128,177.35,2009.0,3630.24
FD4158,Regular,Snack Foods,OUT004,Medium,Tier 2,Supermarket Type2,12.92,0.064,147.15,2009.0,3515.89
FD4712,Regular,Meat,OUT004,Medium,Tier 2,Supermarket Type2,9.68,0.041,160.78,2009.0,3061.6
FD2686,Regular,Snack Foods,OUT004,Medium,Tier 2,Supermarket Type2,11.96,0.108,134.84,2009.0,3046.32
NC5317,No Sugar,Others,OUT004,Medium,Tier 2,Supermarket Type2,15.37,0.04,120.78,2009.0,3531.01
NC6978,No Sugar,Household,OUT004,Medium,Tier 2,Supermarket Type2,12.59,0.193,153.95,2009.0,3580.69
FD4483,Low Sugar,Fruits and Vegetables,OUT004,Medium,Tier 2,Supermarket Type2,12.84,0.011,101.99,2009.0,2574.88
FD2384,Low Sugar,Fruits and Vegetables,OUT001,High,Tier 2,Supermarket Type1,12.7,0.035,179.62,1987.0,4130.91
FD1027,Regular,Dairy,OUT004,Medium,Tier 2,Supermarket Type2,10.98,0.023,143.26,2009.0,2997.53
FD3889,Low Sugar,Canned,OUT004,Medium,Tier 2,Supermarket Type2,14.52,0.075,151.36,2009.0,3963.16
FD277,Low Sugar,Snack Foods,OUT001,High,Tier 2,Supermarket Type1,11.09,0.128,90.68,1987.0,3152.08
NC1229,No Sugar,Health and Hygiene,OUT004,Medium,Tier 2,Supermarket Type2,11.77,0.168,145.18,2009.0,3216.55
FD8435,Regular,Meat,OUT002,Small,Tier 3,Food Mart,10.24,0.059,115.23,1998.0,2257.56
FD7377,Regular,Snack Foods,OUT001,High,Tier 2,Supermarket Type1,13.76,0.064,189.07,1987.0,4564.45
FD8061,Low Sugar,Starchy Foods,OUT004,Medium,Tier 2,Supermarket Type2,10.0,0.023,146.58,2009.0,2845.23
FD3202,Regular,Frozen Foods,OUT004,Medium,Tier 2,Supermarket Type2,11.97,0.073,169.98,2009.0,3767.55
DR2547,Low Sugar,Soft Drinks,OUT004,Medium,Tier 2,Supermarket Type2,11.03,0.032,153.34,2009.0,3216.48
FD3759,Low Sugar,Fruits and Vegetables,OUT004,Medium,Tier 2,Supermarket Type2,13.23,0.037,151.76,2009.0,3681.34
NC5700,No Sugar,Household,OUT004,Medium,Tier 2,Supermarket Type2,11.44,0.029,149.79,2009.0,3234.72
FD2755,Regular,Fruits and Vegetables,OUT004,Medium,Tier 2,Supermarket Type2,12.57,0.097,164.67,2009.0,3796.14
FD3920,Regular,Frozen Foods,OUT001,High,Tier 2,Supermarket Type1,16.36,0.103,142.17,1987.0,4190.49
FD143,Low Sugar,Meat,OUT001,High,Tier 2,Supermarket Type1,10.12,0.082,79.92,1987.0,3164.09
FD916,Regular,Canned,OUT004,Medium,Tier 2,Supermarket Type2,11.58,0.122,163.26,2009.0,3542.29
FD1950,Low Sugar,Meat,OUT004,Medium,Tier 2,Supermarket Type2,12.99,0.082,169.17,2009.0,3983.52
FD7319,Low Sugar,Dairy,OUT004,Medium,Tier 2,Supermarket Type2,11.86,0.027,169.84,2009.0,3741.18
NC7375,No Sugar,Others,OUT004,Medium,Tier 2,Supermarket Type2,13.23,0.089,147.24,2009.0,3588.15
NC5379,No Sugar,Health and Hygiene,OUT004,Medium,Tier 2,Supermarket Type2,10.44,0.012,141.51,2009.0,2840.46
DR1262,Low Sugar,Hard Drinks,OUT001,High,Tier 2,Supermarket Type1,13.61,0.036,191.56,1987.0,4580.42
FD8431,Low Sugar,Fruits and Vegetables,OUT001,High,Tier 2,Supermarket Type1,15.19,0.191,154.18,1987.0,4172.46
FD7383,Regular,Fruits and Vegetables,OUT001,High,Tier 2,Supermarket Type1,17.93,0.046,141.15,1987.0,4524.57
FD6373,Low Sugar,Frozen Foods,OUT002,Small,Tier 3,Food Mart,10.17,0.098,74.27,1998.0,1402.37
FD4059,Regular,Fruits and Vegetables,OUT001,High,Tier 2,Supermarket Type1,14.28,0.121,159.61,1987.0,4078.79
DR3008,Regular,Hard Drinks,OUT002,Small,Tier 3,Food Mart,8.96,0.023,113.57,1998.0,1934.23
NC4006,No Sugar,Household,OUT004,Medium,Tier 2,Supermarket Type2,12.26,0.159,124.22,2009.0,2896.91
FD5676,Low Sugar,Baking Goods,OUT004,Medium,Tier 2,Supermarket Type2,12.22,0.074,135.02,2009.0,3109.34
FD7778,Regular,Frozen Foods,OUT004,Medium,Tier 2,Supermarket Type2,12.03,0.026,129.03,2009.0,2943.15
FD4917,Regular,Meat,OUT004,Medium,Tier 2,Supermarket Type2,10.87,0.089,149.85,2009.0,3109.06
FD1078,Low Sugar,Dairy,OUT002,Small,Tier 3,Food Mart,6.78,0.11,125.21,1998.0,1679.7
DR8566,Regular,Soft Drinks,OUT002,Small,Tier 3,Food Mart,10.85,0.111,102.41,1998.0,2132.57
FD6370,Low Sugar,Breads,OUT004,Medium,Tier 2,Supermarket Type2,11.88,0.16,128.15,2009.0,2891.5
FD5398,Regular,Snack Foods,OUT004,Medium,Tier 2,Supermarket Type2,13.32,0.019,155.02,2009.0,3766.5
FD8237,Regular,Frozen Foods,OUT004,Medium,Tier 2,Supermarket Type2,13.48,0.018,135.07,2009.0,3394.93
DR7461,Low Sugar,Soft Drinks,OUT004,Medium,Tier 2,Supermarket Type2,9.54,0.144,136.84,2009.0,2541.15
FD7637,Regular,Dairy,OUT001,High,Tier 2,Supermarket Type1,15.25,0.057,181.76,1987.0,4751.31
FD3735,Low Sugar,Starchy Foods,OUT004,Medium,Tier 2,Supermarket Type2,11.12,0.024,149.28,2009.0,3152.15
FD3528,Low Sugar,Fruits and Vegetables,OUT004,Medium,Tier 2,Supermarket Type2,12.43,0.133,137.6,2009.0,3209.85
FD668,Low Sugar,Snack Foods,OUT001,High,Tier 2,Supermarket Type1,13.69,0.028,169.01,1987.0,4138.23
FD3632,Regular,Canned,OUT004,Medium,Tier 2,Supermarket Type2,10.62,0.068,145.3,2009.0,2958.97
FD5191,Low Sugar,Fruits and Vegetables,OUT001,High,Tier 2,Supermarket Type1,15.47,0.094,152.2,1987.0,4195.95
FD8101,Low Sugar,Dairy,OUT004,Medium,Tier 2,Supermarket Type2,14.3,0.02,126.68,2009.0,3409.6
NC1383,No Sugar,Household,OUT004,Medium,Tier 2,Supermarket Type2,13.02,0.014,167.91,2009.0,3962.72
FD4377,Low Sugar,Fruits and Vegetables,OUT004,Medium,Tier 2,Supermarket Type2,13.22,0.023,164.45,2009.0,3936.93
NC7004,No Sugar,Health and Hygiene,OUT004,Medium,Tier 2,Supermarket Type2,12.14,0.141,135.94,2009.0,3111.04
NC1784,No Sugar,Household,OUT001,High,Tier 2,Supermarket Type1,14.58,0.058,155.51,1987.0,4061.96
FD4681,Low Sugar,Fruits and Vegetables,OUT001,High,Tier 2,Supermarket Type1,12.18,0.12,103.29,1987.0,2452.09
NC2328,No Sugar,Household,OUT004,Medium,Tier 2,Supermarket Type2,11.32,0.034,131.74,2009.0,2838.18
FD1949,Low Sugar,Frozen Foods,OUT001,High,Tier 2,Supermarket Type1,11.7,0.019,189.55,1987.0,4108.71
FD5320,Regular,Baking Goods,OUT002,Small,Tier 3,Food Mart,11.88,0.142,67.8,1998.0,1658.53
DR5116,Regular,Soft Drinks,OUT004,Medium,Tier 2,Supermarket Type2,12.92,0.021,117.97,2009.0,2919.86
FD8286,Low Sugar,Fruits and Vegetables,OUT004,Medium,Tier 2,Supermarket Type2,11.79,0.144,145.5,2009.0,3226.73
FD7976,Low Sugar,Dairy,OUT002,Small,Tier 3,Food Mart,11.07,0.066,87.06,1998.0,1869.01
FD4257,Low Sugar,Meat,OUT004,Medium,Tier 2,Supermarket Type2,13.98,0.017,156.46,2009.0,3945.58
FD3836,Regular,Snack Foods,OUT004,Medium,Tier 2,Supermarket Type2,12.2,0.045,134.63,2009.0,3097.32
FD5241,Low Sugar,Snack Foods,OUT002,Small,Tier 3,Food Mart,7.08,0.066,136.87,1998.0,1984.85
FD8050,Low Sugar,Fruits and Vegetables,OUT004,Medium,Tier 2,Supermarket Type2,10.06,0.031,134.53,2009.0,2611.62
FD868,Low Sugar,Frozen Foods,OUT004,Medium,Tier 2,Supermarket Type2,12.79,0.036,162.67,2009.0,3804.06
FD6170,Low Sugar,Baking Goods,OUT001,High,Tier 2,Supermarket Type1,11.08,0.047,195.09,1987.0,4081.33
FD6407,Low Sugar,Frozen Foods,OUT004,Medium,Tier 2,Supermarket Type2,11.41,0.059,146.17,2009.0,3153.86
NC2250,No Sugar,Household,OUT004,Medium,Tier 2,Supermarket Type2,11.28,0.118,167.68,2009.0,3566.01
NC6386,No Sugar,Health and Hygiene,OUT004,Medium,Tier 2,Supermarket Type2,11.12,0.121,121.1,2009.0,2575.64
FD4464,Low Sugar,Fruits and Vegetables,OUT002,Small,Tier 3,Food Mart,7.05,0.038,75.66,1998.0,727.24
NC7439,No Sugar,Household,OUT004,Medium,Tier 2,Supermarket Type2,12.92,0.118,161.75,2009.0,3813.81
NC2410,No Sugar,Household,OUT004,Medium,Tier 2,Supermarket Type2,11.57,0.022,133.82,2009.0,2938.28
FD5745,Low Sugar,Fruits and Vegetables,OUT001,High,Tier 2,Supermarket Type1,15.37,0.01,151.68,1987.0,4162.78
DR3012,Low Sugar,Hard Drinks,OUT004,Medium,Tier 2,Supermarket Type2,11.97,0.067,128.41,2009.0,2918.9
FD1536,Low Sugar,Canned,OUT001,High,Tier 2,Supermarket Type1,15.5,0.03,151.87,1987.0,4195.92
FD2956,Low Sugar,Snack Foods,OUT004,Medium,Tier 2,Supermarket Type2,11.96,0.018,151.35,2009.0,3384.58
NC4617,No Sugar,Household,OUT001,High,Tier 2,Supermarket Type1,13.23,0.034,174.74,1987.0,4151.34
NC3366,No Sugar,Health and Hygiene,OUT004,Medium,Tier 2,Supermarket Type2,11.73,0.004,146.52,2009.0,3235.05
FD1751,Regular,Breads,OUT004,Medium,Tier 2,Supermarket Type2,11.96,0.077,153.4,2009.0,3428.18
FD2551,Low Sugar,Frozen Foods,OUT004,Medium,Tier 2,Supermarket Type2,14.25,0.05,139.12,2009.0,3652.44
DR3083,Low Sugar,Hard Drinks,OUT001,High,Tier 2,Supermarket Type1,15.89,0.079,163.86,1987.0,4530.22
FD2111,Low Sugar,Baking Goods,OUT004,Medium,Tier 2,Supermarket Type2,13.01,0.013,152.14,2009.0,3637.71
FD8384,Regular,Fruits and Vegetables,OUT004,Medium,Tier 2,Supermarket Type2,10.87,0.067,147.96,2009.0,3069.02
FD3255,Low Sugar,Baking Goods,OUT004,Medium,Tier 2,Supermarket Type2,10.31,0.01,164.34,2009.0,3279.07
FD5875,Regular,Snack Foods,OUT004,Medium,Tier 2,Supermarket Type2,12.5,0.216,144.93,2009.0,3376.61
NC2960,No Sugar,Household,OUT004,Medium,Tier 2,Supermarket Type2,15.28,0.025,117.06,2009.0,3434.73
FD5876,Low Sugar,Fruits and Vegetables,OUT002,Small,Tier 3,Food Mart,8.75,0.068,105.97,1998.0,1731.21
NC1148,No Sugar,Household,OUT004,Medium,Tier 2,Supermarket Type2,11.89,0.156,131.49,2009.0,2963.71
NC405,No Sugar,Household,OUT002,Small,Tier 3,Food Mart,11.19,0.017,122.73,1998.0,888.85
FD8084,Low Sugar,Snack Foods,OUT002,Small,Tier 3,Food Mart,8.18,0.104,108.67,1998.0,1658.65
FD2910,Low Sugar,Fruits and Vegetables,OUT004,Medium,Tier 2,Supermarket Type2,11.02,0.027,156.98,2009.0,3287.17
FD5202,Low Sugar,Dairy,OUT004,Medium,Tier 2,Supermarket Type2,12.23,0.019,137.19,2009.0,3157.31
FD4375,Low Sugar,Dairy,OUT002,Small,Tier 3,Food Mart,9.79,0.1,96.07,1998.0,1763.6
FD2225,Low Sugar,Snack Foods,OUT001,High,Tier 2,Supermarket Type1,14.95,0.041,185.28,1987.0,4755.32
FD5321,Low Sugar,Meat,OUT004,Medium,Tier 2,Supermarket Type2,9.07,0.096,154.13,2009.0,2789.04
FD4568,reg,Baking Goods,OUT001,High,Tier 2,Supermarket Type1,14.39,0.057,184.41,1987.0,4609.95
FD7724,Regular,Frozen Foods,OUT004,Medium,Tier 2,Supermarket Type2,11.97,0.024,139.41,2009.0,3142.56
FD1964,Low Sugar,Fruits and Vegetables,OUT001,High,Tier 2,Supermarket Type1,11.95,0.022,226.26,1987.0,4916.4
FD3616,Low Sugar,Starchy Foods,OUT004,Medium,Tier 2,Supermarket Type2,12.71,0.136,134.76,2009.0,3216.12
DR1305,Low Sugar,Soft Drinks,OUT004,Medium,Tier 2,Supermarket Type2,11.73,0.128,137.31,2009.0,3044.98
FD903,Low Sugar,Fruits and Vegetables,OUT004,Medium,Tier 2,Supermarket Type2,13.07,0.123,144.68,2009.0,3499.08
FD5563,Low Sugar,Frozen Foods,OUT001,High,Tier 2,Supermarket Type1,13.97,0.025,188.22,1987.0,4594.32
FD1435,Regular,Dairy,OUT004,Medium,Tier 2,Supermarket Type2,14.85,0.013,122.66,2009.0,3450.56
FD6419,Low Sugar,Snack Foods,OUT004,Medium,Tier 2,Supermarket Type2,12.57,0.063,162.13,2009.0,3743.8
FD7731,Low Sugar,Frozen Foods,OUT001,High,Tier 2,Supermarket Type1,13.01,0.036,174.9,1987.0,4104.27
FD4564,Low Sugar,Fruits and Vegetables,OUT004,Medium,Tier 2,Supermarket Type2,12.26,0.191,122.08,2009.0,2853.75
FD8420,Regular,Frozen Foods,OUT004,Medium,Tier 2,Supermarket Type2,13.17,0.035,160.78,2009.0,3851.49
FD72,Low Sugar,Starchy Foods,OUT002,Small,Tier 3,Food Mart,11.83,0.019,185.24,1998.0,715.02
FD1587,Low Sugar,Snack Foods,OUT004,Medium,Tier 2,Supermarket Type2,12.38,0.046,176.58,2009.0,3996.93
NC8208,No Sugar,Household,OUT002,Small,Tier 3,Food Mart,10.57,0.047,84.62,1998.0,1705.82
NC342,No Sugar,Health and Hygiene,OUT004,Medium,Tier 2,Supermarket Type2,16.45,0.074,119.11,2009.0,3989.09
NC2151,No Sugar,Household,OUT004,Medium,Tier 2,Supermarket Type2,11.27,0.021,151.5,2009.0,3231.46
NC3419,No Sugar,Health and Hygiene,OUT002,Small,Tier 3,Food Mart,9.91,0.059,116.83,1998.0,2216.23
FD6759,Low Sugar,Frozen Foods,OUT004,Medium,Tier 2,Supermarket Type2,13.06,0.127,119.84,2009.0,2988.35
NC6406,No Sugar,Health and Hygiene,OUT004,Medium,Tier 2,Supermarket Type2,13.7,0.023,157.33,2009.0,3900.47
FD679,Low Sugar,Dairy,OUT004,Medium,Tier 2,Supermarket Type2,11.82,0.049,114.8,2009.0,2604.57
FD4940,Regular,Fruits and Vegetables,OUT004,Medium,Tier 2,Supermarket Type2,11.42,0.103,139.09,2009.0,3012.54
NC8760,No Sugar,Household,OUT004,Medium,Tier 2,Supermarket Type2,10.23,0.053,142.02,2009.0,2803.7
FD511,Low Sugar,Snack Foods,OUT004,Medium,Tier 2,Supermarket Type2,13.33,0.015,147.52,2009.0,2923.53
FD8347,Regular,Frozen Foods,OUT001,High,Tier 2,Supermarket Type1,9.91,0.142,124.09,1987.0,2362.92
NC7284,No Sugar,Household,OUT001,High,Tier 2,Supermarket Type1,10.45,0.027,124.42,1987.0,2491.87
FD5490,Regular,Breakfast,OUT004,Medium,Tier 2,Supermarket Type2,11.37,0.033,122.56,2009.0,2663.81
FD1959,Low Sugar,Dairy,OUT004,Medium,Tier 2,Supermarket Type2,14.23,0.072,149.17,2009.0,3853.96
FD5339,Low Sugar,Snack Foods,OUT004,Medium,Tier 2,Supermarket Type2,11.34,0.144,152.01,2009.0,3259.17
FD7055,Regular,Breakfast,OUT004,Medium,Tier 2,Supermarket Type2,14.95,0.011,144.16,2009.0,3913.07
NC8224,No Sugar,Household,OUT001,High,Tier 2,Supermarket Type1,16.3,0.013,170.94,1987.0,4766.1
FD639,Low Sugar,Snack Foods,OUT001,High,Tier 2,Supermarket Type1,10.88,0.115,116.02,1987.0,2418.6
FD1594,Low Sugar,Canned,OUT004,Medium,Tier 2,Supermarket Type2,13.11,0.088,133.18,2009.0,3272.94
FD1864,Regular,Meat,OUT004,Medium,Tier 2,Supermarket Type2,13.54,0.12,151.43,2009.0,3743.51
FD5812,Low Sugar,Canned,OUT004,Medium,Tier 2,Supermarket Type2,12.63,0.018,162.61,2009.0,3767.08
FD4373,Low Sugar,Dairy,OUT004,Medium,Tier 2,Supermarket Type2,12.84,0.072,150.22,2009.0,3561.31
FD2464,Regular,Snack Foods,OUT004,Medium,Tier 2,Supermarket Type2,8.9,0.223,146.94,2009.0,2602.9
NC8369,No Sugar,Health and Hygiene,OUT004,Medium,Tier 2,Supermarket Type2,10.87,0.026,141.53,2009.0,2937.57
FD5352,Low Sugar,Meat,OUT004,Medium,Tier 2,Supermarket Type2,12.59,0.108,148.3,2009.0,3464.72
FD7404,Low Sugar,Meat,OUT004,Medium,Tier 2,Supermarket Type2,12.15,0.04,160.78,2009.0,3619.87
FD3655,Regular,Starchy Foods,OUT002,Small,Tier 3,Food Mart,7.04,0.025,110.88,1998.0,1445.88
NC434,No Sugar,Health and Hygiene,OUT004,Medium,Tier 2,Supermarket Type2,11.28,0.089,146.22,2009.0,4594.26
FD1808,Regular,Frozen Foods,OUT004,Medium,Tier 2,Supermarket Type2,12.28,0.031,144.26,2009.0,3312.18
FD6987,Regular,Canned,OUT004,Medium,Tier 2,Supermarket Type2,12.67,0.135,145.45,2009.0,3425.4
FD8368,Low Sugar,Canned,OUT002,Small,Tier 3,Food Mart,6.82,0.063,112.74,1998.0,1434.51
NC8625,No Sugar,Health and Hygiene,OUT004,Medium,Tier 2,Supermarket Type2,11.33,0.083,161.45,2009.0,3449.86
FD6839,Low Sugar,Snack Foods,OUT001,High,Tier 2,Supermarket Type1,14.34,0.043,192.42,1987.0,4763.64
FD3526,Regular,Frozen Foods,OUT004,Medium,Tier 2,Supermarket Type2,12.45,0.142,123.7,2009.0,2930.83
FD8043,Low Sugar,Meat,OUT001,High,Tier 2,Supermarket Type1,14.53,0.047,157.05,1987.0,4082.12
NC8118,No Sugar,Health and Hygiene,OUT004,Medium,Tier 2,Supermarket Type2,11.76,0.035,119.88,2009.0,2695.4
FD7417,Low Sugar,Frozen Foods,OUT004,Medium,Tier 2,Supermarket Type2,14.98,0.022,142.36,2009.0,3883.67
FD1324,Regular,Frozen Foods,OUT004,Medium,Tier 2,Supermarket Type2,12.46,0.076,145.51,2009.0,3377.95
FD5425,Low Sugar,Fruits and Vegetables,OUT004,Medium,Tier 2,Supermarket Type2,13.51,0.048,121.14,2009.0,3117.68
FD6633,Low Sugar,Dairy,OUT001,High,Tier 2,Supermarket Type1,9.52,0.076,128.96,1987.0,2375.5
FD5288,Low Sugar,Fruits and Vegetables,OUT004,Medium,Tier 2,Supermarket Type2,11.34,0.105,131.68,2009.0,2842.26
FD6800,Regular,Canned,OUT004,Medium,Tier 2,Supermarket Type2,13.07,0.053,123.25,2009.0,3061.13
DR407,Low Sugar,Soft Drinks,OUT004,Medium,Tier 2,Supermarket Type2,10.76,0.078,174.99,2009.0,5204.13
FD1195,Low Sugar,Frozen Foods,OUT004,Medium,Tier 2,Supermarket Type2,12.56,0.028,109.61,2009.0,2666.15
FD2321,Low Sugar,Snack Foods,OUT004,Medium,Tier 2,Supermarket Type2,13.21,0.034,159.36,2009.0,3832.18
FD3746,Regular,Snack Foods,OUT004,Medium,Tier 2,Supermarket Type2,8.06,0.054,155.33,2009.0,2585.62
FD2761,Regular,Meat,OUT004,Medium,Tier 2,Supermarket Type2,12.46,0.035,148.49,2009.0,3438.81
DR2793,Low Sugar,Hard Drinks,OUT002,Small,Tier 3,Food Mart,10.35,0.015,109.57,1998.0,2165.85
FD6639,Regular,Frozen Foods,OUT001,High,Tier 2,Supermarket Type1,15.91,0.09,163.64,1987.0,4529.96
FD5585,Low Sugar,Breads,OUT004,Medium,Tier 2,Supermarket Type2,13.03,0.035,138.47,2009.0,3364.35
FD2299,Low Sugar,Dairy,OUT004,Medium,Tier 2,Supermarket Type2,11.45,0.034,133.9,2009.0,2911.86
FD1652,Low Sugar,Canned,OUT004,Medium,Tier 2,Supermarket Type2,11.84,0.081,160.24,2009.0,3539.38
FD7776,Regular,Meat,OUT004,Medium,Tier 2,Supermarket Type2,12.7,0.076,107.86,2009.0,2663.33
FD4648,Low Sugar,Snack Foods,OUT001,High,Tier 2,Supermarket Type1,16.04,0.054,173.2,1987.0,4753.32
FD8630,Low Sugar,Fruits and Vegetables,OUT004,Medium,Tier 2,Supermarket Type2,12.26,0.128,146.47,2009.0,3352.24
FD3461,Regular,Canned,OUT004,Medium,Tier 2,Supermarket Type2,13.25,0.077,127.02,2009.0,3179.38
FD2539,Low Sugar,Fruits and Vegetables,OUT004,Medium,Tier 2,Supermarket Type2,12.21,0.129,142.19,2009.0,3254.38
FD4944,Regular,Dairy,OUT004,Medium,Tier 2,Supermarket Type2,12.68,0.061,154.4,2009.0,3611.22
NC6912,No Sugar,Household,OUT002,Small,Tier 3,Food Mart,10.04,0.042,119.11,1998.0,2292.63
FD5871,Regular,Baking Goods,OUT004,Medium,Tier 2,Supermarket Type2,13.42,0.033,148.54,2009.0,3658.66
DR8268,Low Sugar,Soft Drinks,OUT004,Medium,Tier 2,Supermarket Type2,11.82,0.095,175.22,2009.0,3842.68
FD83,Regular,Dairy,OUT002,Small,Tier 3,Food Mart,8.99,0.075,107.5,1998.0,895.67
FD1885,Low Sugar,Snack Foods,OUT001,High,Tier 2,Supermarket Type1,15.65,0.149,175.07,1987.0,4703.47
FD1061,Low Sugar,Snack Foods,OUT004,Medium,Tier 2,Supermarket Type2,14.3,0.038,102.93,2009.0,2922.59
FD5660,Low Sugar,Baking Goods,OUT004,Medium,Tier 2,Supermarket Type2,13.35,0.076,117.88,2009.0,3015.25
FD1507,Low Sugar,Fruits and Vegetables,OUT001,High,Tier 2,Supermarket Type1,11.08,0.066,111.41,1987.0,2368.32
FD5672,Low Sugar,Snack Foods,OUT001,High,Tier 2,Supermarket Type1,13.28,0.072,208.64,1987.0,4854.85
DR2156,Low Sugar,Soft Drinks,OUT004,Medium,Tier 2,Supermarket Type2,13.27,0.047,134.1,2009.0,3328.92
FD6984,Low Sugar,Snack Foods,OUT004,Medium,Tier 2,Supermarket Type2,14.5,0.102,145.7,2009.0,3842.61
FD836,Low Sugar,Fruits and Vegetables,OUT004,Medium,Tier 2,Supermarket Type2,12.9,0.097,162.02,2009.0,3815.72
FD2579,Low Sugar,Baking Goods,OUT004,Medium,Tier 2,Supermarket Type2,12.03,0.031,137.0,2009.0,3108.32
NC691,No Sugar,Health and Hygiene,OUT004,Medium,Tier 2,Supermarket Type2,12.92,0.139,165.21,2009.0,3886.78
NC2769,No Sugar,Household,OUT002,Small,Tier 3,Food Mart,8.98,0.052,110.57,1998.0,1878.07
FD2113,Low Sugar,Dairy,OUT004,Medium,Tier 2,Supermarket Type2,12.4,0.122,106.15,2009.0,2559.42
DR6958,Low Sugar,Soft Drinks,OUT001,High,Tier 2,Supermarket Type1,11.63,0.045,103.77,1987.0,2337.66
NC7277,No Sugar,Others,OUT004,Medium,Tier 2,Supermarket Type2,10.95,0.032,165.57,2009.0,3447.98
FD3481,Low Sugar,Frozen Foods,OUT004,Medium,Tier 2,Supermarket Type2,14.42,0.129,152.98,2009.0,3974.95
FD1929,Low Sugar,Fruits and Vegetables,OUT002,Small,Tier 3,Food Mart,10.79,0.015,106.14,1998.0,2196.51
FD1505,Low Sugar,Baking Goods,OUT004,Medium,Tier 2,Supermarket Type2,12.46,0.034,155.39,2009.0,3581.14
DR2964,Regular,Soft Drinks,OUT004,Medium,Tier 2,Supermarket Type2,13.54,0.015,134.74,2009.0,3403.3
FD1415,Regular,Snack Foods,OUT004,Medium,Tier 2,Supermarket Type2,10.15,0.052,137.92,2009.0,2700.9
FD5121,Low Sugar,Dairy,OUT004,Medium,Tier 2,Supermarket Type2,10.85,0.049,141.07,2009.0,2923.89
FD1101,Low Sugar,Fruits and Vegetables,OUT004,Medium,Tier 2,Supermarket Type2,13.79,0.015,133.92,2009.0,3442.25
FD5442,Regular,Frozen Foods,OUT004,Medium,Tier 2,Supermarket Type2,13.7,0.122,130.94,2009.0,3360.33
FD889,Low Sugar,Snack Foods,OUT002,Small,Tier 3,Food Mart,6.95,0.061,78.82,1998.0,769.26
NC6422,No Sugar,Health and Hygiene,OUT004,Medium,Tier 2,Supermarket Type2,10.86,0.07,153.36,2009.0,3176.76
FD7453,Low Sugar,Snack Foods,OUT004,Medium,Tier 2,Supermarket Type2,11.72,0.054,143.43,2009.0,3167.74
NC4998,No Sugar,Household,OUT004,Medium,Tier 2,Supermarket Type2,9.98,0.024,186.83,2009.0,3662.77
NC6540,No Sugar,Household,OUT001,High,Tier 2,Supermarket Type1,12.9,0.087,176.86,1987.0,4118.86
NC3864,No Sugar,Others,OUT001,High,Tier 2,Supermarket Type1,14.77,0.169,178.74,1987.0,4579.65
NC8350,No Sugar,Household,OUT004,Medium,Tier 2,Supermarket Type2,13.73,0.022,155.08,2009.0,3861.92
NC7918,No Sugar,Household,OUT004,Medium,Tier 2,Supermarket Type2,14.11,0.014,138.37,2009.0,3604.85
NC214,No Sugar,Health and Hygiene,OUT004,Medium,Tier 2,Supermarket Type2,13.69,0.015,148.21,2009.0,5059.75
FD3125,Low Sugar,Frozen Foods,OUT004,Medium,Tier 2,Supermarket Type2,11.54,0.016,126.03,2009.0,2771.45
FD4344,Low Sugar,Fruits and Vegetables,OUT004,Medium,Tier 2,Supermarket Type2,11.03,0.058,166.44,2009.0,3482.94
FD1495,Low Sugar,Breads,OUT004,Medium,Tier 2,Supermarket Type2,13.96,0.13,158.05,2009.0,3974.23
FD86,Regular,Meat,OUT001,High,Tier 2,Supermarket Type1,14.48,0.019,158.6,1987.0,4117.33
FD6123,Low Sugar,Meat,OUT002,Small,Tier 3,Food Mart,10.59,0.119,72.59,1998.0,1463.98
FD4737,Low Sugar,Dairy,OUT002,Small,Tier 3,Food Mart,10.46,0.077,107.28,1998.0,2144.15
DR2055,Regular,Soft Drinks,OUT004,Medium,Tier 2,Supermarket Type2,14.09,0.019,137.41,2009.0,3582.14
FD8102,Low Sugar,Breads,OUT004,Medium,Tier 2,Supermarket Type2,16.32,0.009,107.52,2009.0,3473.71
FD5792,Regular,Snack Foods,OUT004,Medium,Tier 2,Supermarket Type2,12.89,0.023,101.86,2009.0,2581.85
FD6509,Low Sugar,Starchy Foods,OUT001,High,Tier 2,Supermarket Type1,15.73,0.089,173.7,1987.0,4695.38
FD2545,Regular,Dairy,OUT001,High,Tier 2,Supermarket Type1,12.6,0.031,203.64,1987.0,4598.64
NC2952,No Sugar,Household,OUT004,Medium,Tier 2,Supermarket Type2,14.32,0.185,148.83,2009.0,3867.72
FD7985,Low Sugar,Frozen Foods,OUT001,High,Tier 2,Supermarket Type1,11.25,0.073,112.68,1987.0,2433.8
FD4710,Low Sugar,Starchy Foods,OUT001,High,Tier 2,Supermarket Type1,9.81,0.086,131.38,1987.0,2491.61
FD6584,Regular,Breakfast,OUT004,Medium,Tier 2,Supermarket Type2,13.4,0.126,151.84,2009.0,3720.6
FD5113,Low Sugar,Breakfast,OUT004,Medium,Tier 2,Supermarket Type2,14.84,0.102,146.12,2009.0,3929.7
FD3330,Regular,Meat,OUT001,High,Tier 2,Supermarket Type1,14.41,0.122,155.09,1987.0,4014.47
FD2099,Low Sugar,Dairy,OUT004,Medium,Tier 2,Supermarket Type2,11.89,0.111,172.07,2009.0,3793.27
NC7232,No Sugar,Household,OUT004,Medium,Tier 2,Supermarket Type2,11.68,0.045,114.64,2009.0,2571.51
FD1488,Low Sugar,Canned,OUT004,Medium,Tier 2,Supermarket Type2,8.2,0.114,171.96,2009.0,2957.91
FD7697,Low Sugar,Fruits and Vegetables,OUT004,Medium,Tier 2,Supermarket Type2,9.83,0.124,157.1,2009.0,3021.14
FD13,Low Sugar,Breakfast,OUT002,Small,Tier 3,Food Mart,11.48,0.074,120.47,1998.0,657.14
FD4975,Low Sugar,Baking Goods,OUT004,Medium,Tier 2,Supermarket Type2,14.02,0.021,122.85,2009.0,3267.26
FD5662,Low Sugar,Canned,OUT004,Medium,Tier 2,Supermarket Type2,11.98,0.093,153.94,2009.0,3441.52
FD3662,Low Sugar,Baking Goods,OUT004,Medium,Tier 2,Supermarket Type2,12.26,0.017,130.83,2009.0,3032.91
NC1875,No Sugar,Health and Hygiene,OUT004,Medium,Tier 2,Supermarket Type2,11.16,0.077,145.96,2009.0,3093.48
FD6035,Low Sugar,Snack Foods,OUT004,Medium,Tier 2,Supermarket Type2,12.57,0.111,148.71,2009.0,3467.88
FD3617,Low Sugar,Fruits and Vegetables,OUT004,Medium,Tier 2,Supermarket Type2,11.86,0.049,150.58,2009.0,3347.79
FD3198,Low Sugar,Baking Goods,OUT004,Medium,Tier 2,Supermarket Type2,14.02,0.128,130.09,2009.0,3415.03
FD7740,Low Sugar,Dairy,OUT004,Medium,Tier 2,Supermarket Type2,12.64,0.019,165.51,2009.0,3828.37
FD4902,Regular,Meat,OUT004,Medium,Tier 2,Supermarket Type2,11.86,0.067,113.66,2009.0,2590.41
NC7548,No Sugar,Health and Hygiene,OUT004,Medium,Tier 2,Supermarket Type2,12.86,0.076,154.49,2009.0,3651.67
DR5893,Low Sugar,Soft Drinks,OUT004,Medium,Tier 2,Supermarket Type2,11.79,0.097,156.35,2009.0,3449.41
NC8558,No Sugar,Household,OUT004,Medium,Tier 2,Supermarket Type2,14.57,0.049,142.88,2009.0,3802.73
FD1331,Regular,Canned,OUT001,High,Tier 2,Supermarket Type1,17.06,0.187,153.55,1987.0,4582.96
DR3026,Regular,Hard Drinks,OUT001,High,Tier 2,Supermarket Type1,14.09,0.047,192.85,1987.0,4714.9
FD3721,Low Sugar,Baking Goods,OUT001,High,Tier 2,Supermarket Type1,14.68,0.037,176.06,1987.0,4505.08
NC4171,No Sugar,Household,OUT004,Medium,Tier 2,Supermarket Type2,13.21,0.097,144.52,2009.0,3528.18
FD2487,Low Sugar,Snack Foods,OUT004,Medium,Tier 2,Supermarket Type2,12.08,0.035,119.58,2009.0,2761.54
FD2640,Regular,Canned,OUT001,High,Tier 2,Supermarket Type1,14.36,0.055,181.23,1987.0,4539.29
FD6651,Low Sugar,Canned,OUT004,Medium,Tier 2,Supermarket Type2,11.73,0.144,164.52,2009.0,3602.16
FD3097,Regular,Snack Foods,OUT001,High,Tier 2,Supermarket Type1,15.94,0.042,146.67,1987.0,4188.6
NC3128,No Sugar,Household,OUT004,Medium,Tier 2,Supermarket Type2,14.28,0.019,133.7,2009.0,3547.78
FD313,Low Sugar,Dairy,OUT004,Medium,Tier 2,Supermarket Type2,9.77,0.03,132.65,2009.0,4328.48
FD3466,Low Sugar,Frozen Foods,OUT004,Medium,Tier 2,Supermarket Type2,13.27,0.07,131.16,2009.0,3269.14
FD6750,Low Sugar,Snack Foods,OUT004,Medium,Tier 2,Supermarket Type2,12.52,0.142,158.05,2009.0,3649.03
FD1099,Regular,Frozen Foods,OUT004,Medium,Tier 2,Supermarket Type2,13.32,0.08,161.91,2009.0,3907.98
FD8557,Low Sugar,Frozen Foods,OUT004,Medium,Tier 2,Supermarket Type2,13.18,0.104,156.22,2009.0,3761.17
FD3804,Low Sugar,Fruits and Vegetables,OUT004,Medium,Tier 2,Supermarket Type2,12.17,0.026,131.74,2009.0,3031.43
FD8667,Low Sugar,Canned,OUT001,High,Tier 2,Supermarket Type1,15.67,0.041,171.66,1987.0,4638.56
FD1736,Regular,Starchy Foods,OUT001,High,Tier 2,Supermarket Type1,13.84,0.045,202.23,1987.0,4851.45
FD5002,Regular,Snack Foods,OUT004,Medium,Tier 2,Supermarket Type2,13.15,0.009,138.92,2009.0,3400.47
FD3534,Low Sugar,Fruits and Vegetables,OUT004,Medium,Tier 2,Supermarket Type2,13.88,0.074,145.68,2009.0,3703.0
FD483,Low Sugar,Fruits and Vegetables,OUT004,Medium,Tier 2,Supermarket Type2,11.56,0.113,151.4,2009.0,3439.42
FD8229,Regular,Snack Foods,OUT004,Medium,Tier 2,Supermarket Type2,11.96,0.015,172.03,2009.0,3808.59
FD8731,Regular,Snack Foods,OUT001,High,Tier 2,Supermarket Type1,12.55,0.036,176.84,1987.0,4039.15
FD963,Low Sugar,Snack Foods,OUT004,Medium,Tier 2,Supermarket Type2,12.64,0.09,122.19,2009.0,2942.79
FD808,Low Sugar,Fruits and Vegetables,OUT004,Medium,Tier 2,Supermarket Type2,12.18,0.017,168.17,2009.0,3778.49
FD8614,Low Sugar,Fruits and Vegetables,OUT004,Medium,Tier 2,Supermarket Type2,15.27,0.066,142.28,2009.0,3947.37
NC4886,No Sugar,Household,OUT004,Medium,Tier 2,Supermarket Type2,11.34,0.049,187.99,2009.0,3993.7
NC7600,No Sugar,Others,OUT004,Medium,Tier 2,Supermarket Type2,13.97,0.047,119.68,2009.0,3190.48
FD7212,Low Sugar,Dairy,OUT001,High,Tier 2,Supermarket Type1,10.21,0.025,125.47,1987.0,2459.61
FD1832,Low Sugar,Snack Foods,OUT004,Medium,Tier 2,Supermarket Type2,11.27,0.048,166.42,2009.0,3537.45
NC5318,No Sugar,Household,OUT004,Medium,Tier 2,Supermarket Type2,13.69,0.062,155.48,2009.0,3860.83
FD5399,Regular,Snack Foods,OUT001,High,Tier 2,Supermarket Type1,14.16,0.046,161.31,1987.0,4085.03
FD1804,Regular,Fruits and Vegetables,OUT004,Medium,Tier 2,Supermarket Type2,14.54,0.055,147.53,2009.0,3890.62
FD3433,Low Sugar,Canned,OUT001,High,Tier 2,Supermarket Type1,10.82,0.021,117.72,1987.0,2439.98
NC7483,No Sugar,Health and Hygiene,OUT004,Medium,Tier 2,Supermarket Type2,13.84,0.044,159.88,2009.0,3984.35
FD6086,Low Sugar,Fruits and Vegetables,OUT002,Small,Tier 3,Food Mart,11.01,0.147,92.24,1998.0,1960.49
FD4359,Low Sugar,Canned,OUT004,Medium,Tier 2,Supermarket Type2,12.22,0.032,137.13,2009.0,3153.74
FD3918,Low Sugar,Dairy,OUT004,Medium,Tier 2,Supermarket Type2,11.94,0.019,136.14,2009.0,3070.15
FD529,Low Sugar,Meat,OUT001,High,Tier 2,Supermarket Type1,14.87,0.077,154.58,1987.0,3722.98
FD4964,Low Sugar,Dairy,OUT001,High,Tier 2,Supermarket Type1,12.82,0.112,178.24,1987.0,4129.11
FD7500,Low Sugar,Baking Goods,OUT001,High,Tier 2,Supermarket Type1,11.98,0.054,182.9,1987.0,4035.68
FD8015,Low Sugar,Meat,OUT004,Medium,Tier 2,Supermarket Type2,11.78,0.017,160.95,2009.0,3541.57
NC3429,No Sugar,Health and Hygiene,OUT001,High,Tier 2,Supermarket Type1,14.29,0.018,188.64,1987.0,4675.53
NC5204,No Sugar,Health and Hygiene,OUT001,High,Tier 2,Supermarket Type1,14.22,0.08,181.36,1987.0,4508.7
DR6383,Low Sugar,Hard Drinks,OUT001,High,Tier 2,Supermarket Type1,11.4,0.024,113.14,1987.0,2477.46
NC8645,No Sugar,Household,OUT004,Medium,Tier 2,Supermarket Type2,15.31,0.063,144.37,2009.0,3998.52
FD2234,Low Sugar,Canned,OUT001,High,Tier 2,Supermarket Type1,15.52,0.053,173.65,1987.0,4646.17
FD4914,Regular,Baking Goods,OUT004,Medium,Tier 2,Supermarket Type2,11.48,0.031,113.48,2009.0,2500.6
FD6859,Regular,Canned,OUT004,Medium,Tier 2,Supermarket Type2,12.07,0.228,143.16,2009.0,3243.24
FD4210,Regular,Dairy,OUT002,Small,Tier 3,Food Mart,9.21,0.113,80.14,1998.0,1306.34
FD1165,Low Sugar,Dairy,OUT004,Medium,Tier 2,Supermarket Type2,13.21,0.071,156.85,2009.0,3779.85
FD2499,Regular,Snack Foods,OUT002,Small,Tier 3,Food Mart,8.55,0.123,90.0,1998.0,1358.45
FD5268,Regular,Snack Foods,OUT004,Medium,Tier 2,Supermarket Type2,13.3,0.053,161.25,2009.0,3890.89
NC98,No Sugar,Health and Hygiene,OUT004,Medium,Tier 2,Supermarket Type2,12.95,0.052,156.13,2009.0,3521.02
NC8535,No Sugar,Health and Hygiene,OUT001,High,Tier 2,Supermarket Type1,9.6,0.06,124.9,1987.0,2311.05
FD200,Low Sugar,Fruits and Vegetables,OUT002,Small,Tier 3,Food Mart,15.29,0.029,173.15,1998.0,739.79
NC5787,No Sugar,Health and Hygiene,OUT004,Medium,Tier 2,Supermarket Type2,11.47,0.09,157.41,2009.0,3397.82
NC7177,No Sugar,Household,OUT004,Medium,Tier 2,Supermarket Type2,12.85,0.046,136.75,2009.0,3287.55
FD4829,Regular,Breads,OUT001,High,Tier 2,Supermarket Type1,13.54,0.076,210.34,1987.0,4948.7
FD1228,Low Sugar,Snack Foods,OUT004,Medium,Tier 2,Supermarket Type2,12.58,0.18,140.68,2009.0,3306.53
NC1477,No Sugar,Health and Hygiene,OUT002,Small,Tier 3,Food Mart,10.38,0.089,112.11,1998.0,2224.89
NC2118,No Sugar,Health and Hygiene,OUT004,Medium,Tier 2,Supermarket Type2,11.49,0.016,165.5,2009.0,3568.94
FD3543,Low Sugar,Frozen Foods,OUT004,Medium,Tier 2,Supermarket Type2,10.73,0.141,140.08,2009.0,2876.41
FD6375,Low Sugar,Snack Foods,OUT001,High,Tier 2,Supermarket Type1,12.29,0.1,101.8,1987.0,2446.82
DR2750,Low Sugar,Hard Drinks,OUT001,High,Tier 2,Supermarket Type1,11.74,0.062,103.63,1987.0,2357.91
FD4282,Regular,Snack Foods,OUT004,Medium,Tier 2,Supermarket Type2,12.62,0.077,165.24,2009.0,3818.26
FD2738,Low Sugar,Frozen Foods,OUT004,Medium,Tier 2,Supermarket Type2,10.72,0.091,151.02,2009.0,3099.25
FD5648,Regular,Canned,OUT001,High,Tier 2,Supermarket Type1,14.47,0.138,197.48,1987.0,4895.2
FD5624,Low Sugar,Fruits and Vegetables,OUT004,Medium,Tier 2,Supermarket Type2,12.54,0.066,124.0,2009.0,2956.35
FD2048,Low Sugar,Snack Foods,OUT004,Medium,Tier 2,Supermarket Type2,11.49,0.013,169.3,2009.0,3646.86
FD6936,Low Sugar,Frozen Foods,OUT001,High,Tier 2,Supermarket Type1,11.41,0.031,112.43,1987.0,2463.39
NC5417,No Sugar,Household,OUT001,High,Tier 2,Supermarket Type1,14.71,0.025,157.29,1987.0,4127.75
DR4692,Regular,Soft Drinks,OUT004,Medium,Tier 2,Supermarket Type2,13.21,0.061,144.53,2009.0,3527.91
FD7629,Regular,Frozen Foods,OUT004,Medium,Tier 2,Supermarket Type2,11.22,0.071,159.34,2009.0,3380.93
FD7524,Low Sugar,Seafood,OUT001,High,Tier 2,Supermarket Type1,16.22,0.019,162.84,1987.0,4582.53
FD2206,Low Sugar,Dairy,OUT004,Medium,Tier 2,Supermarket Type2,12.44,0.041,175.32,2009.0,3983.94
FD1803,Regular,Fruits and Vegetables,OUT002,Small,Tier 3,Food Mart,9.65,0.085,68.65,1998.0,1170.43
FD2044,Low Sugar,Snack Foods,OUT004,Medium,Tier 2,Supermarket Type2,13.5,0.028,149.52,2009.0,3695.41
DR8356,Low Sugar,Soft Drinks,OUT004,Medium,Tier 2,Supermarket Type2,10.29,0.089,145.67,2009.0,2892.64
FD1877,Low Sugar,Fruits and Vegetables,OUT004,Medium,Tier 2,Supermarket Type2,13.76,0.009,134.24,2009.0,3440.9
FD6466,Regular,Meat,OUT001,High,Tier 2,Supermarket Type1,9.56,0.045,129.4,1987.0,2393.83
FD8328,Low Sugar,Dairy,OUT002,Small,Tier 3,Food Mart,8.41,0.038,125.52,1998.0,2054.56
NC5127,No Sugar,Others,OUT001,High,Tier 2,Supermarket Type1,12.29,0.061,95.98,1987.0,2327.53
FD3340,Low Sugar,Dairy,OUT002,Small,Tier 3,Food Mart,9.2,0.054,84.21,1998.0,1387.57
NC4161,No Sugar,Health and Hygiene,OUT004,Medium,Tier 2,Supermarket Type2,9.66,0.062,178.03,2009.0,3412.0
NC8310,No Sugar,Health and Hygiene,OUT001,High,Tier 2,Supermarket Type1,13.63,0.035,194.16,1987.0,4638.82
FD7993,Regular,Seafood,OUT004,Medium,Tier 2,Supermarket Type2,13.34,0.022,144.41,2009.0,3554.9
FD5245,Regular,Canned,OUT001,High,Tier 2,Supermarket Type1,11.47,0.115,109.47,1987.0,2418.23
FD6518,Regular,Snack Foods,OUT001,High,Tier 2,Supermarket Type1,14.72,0.033,183.18,1987.0,4659.17
FD1433,Low Sugar,Seafood,OUT004,Medium,Tier 2,Supermarket Type2,10.97,0.033,141.62,2009.0,2961.6
FD2528,Low Sugar,Starchy Foods,OUT004,Medium,Tier 2,Supermarket Type2,10.74,0.018,136.63,2009.0,2807.95
NC4667,No Sugar,Others,OUT002,Small,Tier 3,Food Mart,9.2,0.05,96.71,1998.0,1644.4
FD1252,Regular,Dairy,OUT004,Medium,Tier 2,Supermarket Type2,12.96,0.049,150.67,2009.0,3597.07
FD1409,Regular,Fruits and Vegetables,OUT004,Medium,Tier 2,Supermarket Type2,11.98,0.073,171.04,2009.0,3792.49
FD102,Low Sugar,Snack Foods,OUT001,High,Tier 2,Supermarket Type1,10.06,0.127,93.41,1987.0,3998.13
FD4001,Low Sugar,Fruits and Vegetables,OUT004,Medium,Tier 2,Supermarket Type2,12.71,0.039,154.18,2009.0,3611.62
FD598,Low Sugar,Fruits and Vegetables,OUT002,Small,Tier 3,Food Mart,7.26,0.054,128.93,1998.0,1175.03
FD5840,Low Sugar,Baking Goods,OUT001,High,Tier 2,Supermarket Type1,14.46,0.03,156.51,1987.0,4056.67
FD6212,Low Sugar,Fruits and Vegetables,OUT004,Medium,Tier 2,Supermarket Type2,11.15,0.096,156.0,2009.0,3297.99
NC7546,No Sugar,Health and Hygiene,OUT004,Medium,Tier 2,Supermarket Type2,14.8,0.016,140.53,2009.0,3806.53
NC584,No Sugar,Household,OUT004,Medium,Tier 2,Supermarket Type2,14.06,0.142,144.51,2009.0,5020.74
NC2471,No Sugar,Health and Hygiene,OUT001,High,Tier 2,Supermarket Type1,13.48,0.017,88.58,1987.0,2443.42
NC7187,No Sugar,Household,OUT001,High,Tier 2,Supermarket Type1,13.89,0.193,168.44,1987.0,4171.82
FD306,Low Sugar,Snack Foods,OUT002,Small,Tier 3,Food Mart,14.73,0.177,224.93,1998.0,2186.08
